,origin_id,destination_id,route_idx,route,num_nodes,num_links,weight_name,route_weight
0,1,1,0,"[1, 40, 1]",3,2,free_flow_time,0.0022121431748991787
1,1,2,0,"[1, 40, 30, 42, 60, 52, 32, 41, 48, 2]",10,9,free_flow_time,2.118547834471163
2,1,2,1,"[1, 40, 30, 51, 60, 52, 32, 41, 48, 2]",10,9,free_flow_time,2.123193865554593
3,1,2,2,"[1, 40, 30, 42, 60, 52, 32, 41, 64, 48, 2]",11,10,free_flow_time,2.2176343542878314
4,1,2,3,"[1, 40, 50, 51, 60, 52, 32, 41, 48, 2]",10,9,free_flow_time,2.2201712521930292
5,1,2,4,"[1, 40, 30, 51, 60, 52, 32, 41, 64, 48, 2]",11,10,free_flow_time,2.2222803853712616
6,1,2,5,"[1, 40, 30, 42, 39, 31, 60, 52, 32, 41, 48, 2]",12,11,free_flow_time,2.2228533249774167
7,1,2,6,"[1, 40, 30, 42, 31, 60, 52, 32, 41, 48, 2]",11,10,free_flow_time,2.266017938822641
8,1,2,7,"[1, 40, 30, 42, 39, 33, 27, 45, 32, 41, 48, 2]",12,11,free_flow_time,2.3014008250025255
9,1,2,8,"[1, 40, 30, 50, 51, 60, 52, 32, 41, 48, 2]",11,10,free_flow_time,2.310841959907705
10,1,2,9,"[1, 40, 30, 51, 44, 54, 52, 32, 41, 48, 2]",11,10,free_flow_time,2.3128764566490307
11,1,3,0,"[1, 40, 30, 3]",4,3,free_flow_time,0.18952913147743672
12,1,3,1,"[1, 40, 50, 30, 3]",5,4,free_flow_time,1.3074554421657456
13,1,3,2,"[1, 40, 28, 30, 3]",5,4,free_flow_time,1.3220520318096174
14,1,3,3,"[1, 40, 50, 51, 30, 3]",6,5,free_flow_time,1.352866871672758
15,1,3,4,"[1, 40, 28, 42, 30, 3]",6,5,free_flow_time,1.5461150944596385
16,1,3,5,"[1, 40, 50, 51, 42, 30, 3]",7,6,free_flow_time,1.6129223680862783
17,1,3,6,"[1, 40, 50, 51, 60, 42, 30, 3]",8,7,free_flow_time,1.8413251461020574
18,1,3,7,"[1, 40, 50, 51, 60, 31, 39, 42, 30, 3]",10,9,free_flow_time,1.9456306366083114
19,1,3,8,"[1, 40, 28, 42, 51, 30, 3]",7,6,free_flow_time,1.9881485639716145
20,1,3,9,"[1, 40, 50, 51, 60, 31, 42, 30, 3]",9,8,free_flow_time,1.9887952504535358
21,1,4,0,"[1, 40, 30, 42, 60, 52, 32, 41, 64, 57, 4]",11,10,free_flow_time,2.1999066889756143
22,1,4,1,"[1, 40, 30, 51, 60, 52, 32, 41, 64, 57, 4]",11,10,free_flow_time,2.2045527200590445
23,1,4,2,"[1, 40, 50, 51, 60, 52, 32, 41, 64, 57, 4]",11,10,free_flow_time,2.3015301066974807
24,1,4,3,"[1, 40, 30, 42, 39, 31, 60, 52, 32, 41, 64, 57, 4]",13,12,free_flow_time,2.304212179481868
25,1,4,4,"[1, 40, 30, 42, 60, 52, 32, 41, 53, 57, 4]",11,10,free_flow_time,2.334644181282281
26,1,4,5,"[1, 40, 30, 51, 60, 52, 32, 41, 53, 57, 4]",11,10,free_flow_time,2.3392902123657113
27,1,4,6,"[1, 40, 30, 42, 31, 60, 52, 32, 41, 64, 57, 4]",12,11,free_flow_time,2.3473767933270926
28,1,4,7,"[1, 40, 30, 42, 39, 33, 27, 45, 32, 41, 64, 57, 4]",13,12,free_flow_time,2.382759679506977
29,1,4,8,"[1, 40, 30, 50, 51, 60, 52, 32, 41, 64, 57, 4]",12,11,free_flow_time,2.3922008144121563
30,1,4,9,"[1, 40, 30, 51, 44, 54, 52, 32, 41, 64, 57, 4]",12,11,free_flow_time,2.394235311153482
31,1,5,0,"[1, 40, 30, 42, 60, 52, 5]",7,6,free_flow_time,1.3028748757133968
32,1,5,1,"[1, 40, 30, 51, 60, 52, 5]",7,6,free_flow_time,1.3075209067968268
33,1,5,2,"[1, 40, 50, 51, 60, 52, 5]",7,6,free_flow_time,1.404498293435263
34,1,5,3,"[1, 40, 30, 42, 39, 31, 60, 52, 5]",9,8,free_flow_time,1.4071803662196507
35,1,5,4,"[1, 40, 30, 42, 31, 60, 52, 5]",8,7,free_flow_time,1.4503449800648751
36,1,5,5,"[1, 40, 30, 50, 51, 60, 52, 5]",8,7,free_flow_time,1.4951690011499386
37,1,5,6,"[1, 40, 30, 51, 44, 54, 52, 5]",8,7,free_flow_time,1.4972034978912647
38,1,5,7,"[1, 40, 30, 42, 51, 60, 52, 5]",8,7,free_flow_time,1.567576403210347
39,1,5,8,"[1, 40, 30, 42, 39, 33, 60, 52, 5]",9,8,free_flow_time,1.5894974171194114
40,1,5,9,"[1, 40, 50, 51, 44, 54, 52, 5]",8,7,free_flow_time,1.5941808845297012
41,1,6,0,"[1, 40, 30, 51, 44, 49, 43, 36, 46, 65, 6]",11,10,free_flow_time,1.8839352822625242
42,1,6,1,"[1, 40, 30, 51, 44, 54, 43, 36, 46, 65, 6]",11,10,free_flow_time,1.890583750041374
43,1,6,2,"[1, 40, 30, 51, 44, 49, 43, 36, 61, 46, 65, 6]",12,11,free_flow_time,1.8919966337537606
44,1,6,3,"[1, 40, 30, 51, 44, 54, 43, 36, 61, 46, 65, 6]",12,11,free_flow_time,1.8986451015326105
45,1,6,4,"[1, 40, 30, 51, 44, 49, 43, 61, 46, 65, 6]",11,10,free_flow_time,1.9083041469152704
46,1,6,5,"[1, 40, 30, 51, 44, 54, 43, 61, 46, 65, 6]",11,10,free_flow_time,1.91495261469412
47,1,6,6,"[1, 40, 50, 51, 44, 49, 43, 36, 46, 65, 6]",11,10,free_flow_time,1.9809126689009606
48,1,6,7,"[1, 40, 30, 51, 44, 49, 43, 36, 46, 59, 65, 6]",12,11,free_flow_time,1.981690038755571
49,1,6,8,"[1, 40, 50, 51, 44, 54, 43, 36, 46, 65, 6]",11,10,free_flow_time,1.9875611366798105
50,1,6,9,"[1, 40, 30, 51, 44, 54, 43, 36, 46, 59, 65, 6]",12,11,free_flow_time,1.988338506534421
51,1,7,0,"[1, 40, 30, 51, 7]",5,4,free_flow_time,0.722616571871619
52,1,7,1,"[1, 40, 50, 51, 7]",5,4,free_flow_time,0.8195939585100553
53,1,7,2,"[1, 40, 30, 50, 51, 7]",6,5,free_flow_time,0.9102646662247309
54,1,7,3,"[1, 40, 30, 42, 51, 7]",6,5,free_flow_time,0.9826720682851392
55,1,7,4,"[1, 40, 30, 42, 60, 51, 7]",7,6,free_flow_time,1.2110748463009182
56,1,7,5,"[1, 40, 30, 42, 39, 31, 60, 51, 7]",9,8,free_flow_time,1.3153803368071721
57,1,7,6,"[1, 40, 30, 42, 31, 60, 51, 7]",8,7,free_flow_time,1.3585449506523966
58,1,7,7,"[1, 40, 28, 42, 51, 7]",6,5,free_flow_time,1.4548756508089118
59,1,7,8,"[1, 40, 30, 42, 39, 33, 60, 51, 7]",9,8,free_flow_time,1.4976973877069328
60,1,7,9,"[1, 40, 34, 50, 51, 7]",6,5,free_flow_time,1.5439354851558373
61,1,8,0,"[1, 40, 30, 42, 39, 33, 29, 8]",8,7,free_flow_time,1.3240901552960525
62,1,8,1,"[1, 40, 30, 42, 39, 29, 8]",7,6,free_flow_time,1.3446993231264242
63,1,8,2,"[1, 40, 30, 42, 39, 31, 33, 29, 8]",9,8,free_flow_time,1.3723391100525053
64,1,8,3,"[1, 40, 30, 42, 31, 33, 29, 8]",8,7,free_flow_time,1.4155037238977297
65,1,8,4,"[1, 40, 30, 42, 29, 8]",6,5,free_flow_time,1.448406294966695
66,1,8,5,"[1, 40, 30, 42, 31, 39, 33, 29, 8]",9,8,free_flow_time,1.4576518477627551
67,1,8,6,"[1, 40, 30, 42, 31, 39, 29, 8]",8,7,free_flow_time,1.4782610155931268
68,1,8,7,"[1, 40, 30, 42, 60, 33, 29, 8]",8,7,free_flow_time,1.6717860190352392
69,1,8,8,"[1, 40, 30, 51, 60, 33, 29, 8]",8,7,free_flow_time,1.6764320501186691
70,1,8,9,"[1, 40, 30, 42, 39, 33, 27, 29, 8]",9,8,free_flow_time,1.74905590906241
71,1,9,0,"[1, 40, 30, 51, 44, 49, 9]",7,6,free_flow_time,1.1029735371989333
72,1,9,1,"[1, 40, 50, 51, 44, 49, 9]",7,6,free_flow_time,1.1999509238373698
73,1,9,2,"[1, 40, 30, 51, 44, 54, 49, 9]",8,7,free_flow_time,1.263511546068763
74,1,9,3,"[1, 40, 30, 50, 51, 44, 49, 9]",8,7,free_flow_time,1.2906216315520453
75,1,9,4,"[1, 40, 50, 51, 44, 54, 49, 9]",8,7,free_flow_time,1.3604889327071994
76,1,9,5,"[1, 40, 30, 42, 51, 44, 49, 9]",8,7,free_flow_time,1.3630290336124535
77,1,9,6,"[1, 40, 50, 44, 49, 9]",6,5,free_flow_time,1.3811924020829107
78,1,9,7,"[1, 40, 30, 50, 51, 44, 54, 49, 9]",9,8,free_flow_time,1.451159640421875
79,1,9,8,"[1, 40, 30, 50, 44, 49, 9]",7,6,free_flow_time,1.4718631097975863
80,1,9,9,"[1, 40, 30, 51, 50, 44, 49, 9]",8,7,free_flow_time,1.517274539304599
81,1,10,0,"[1, 40, 30, 42, 39, 33, 29, 10]",8,7,free_flow_time,1.3252775304753437
82,1,10,1,"[1, 40, 30, 42, 39, 29, 10]",7,6,free_flow_time,1.3458866983057154
83,1,10,2,"[1, 40, 30, 42, 39, 31, 33, 29, 10]",9,8,free_flow_time,1.3735264852317965
84,1,10,3,"[1, 40, 30, 42, 31, 33, 29, 10]",8,7,free_flow_time,1.416691099077021
85,1,10,4,"[1, 40, 30, 42, 29, 10]",6,5,free_flow_time,1.4495936701459862
86,1,10,5,"[1, 40, 30, 42, 31, 39, 33, 29, 10]",9,8,free_flow_time,1.4588392229420464
87,1,10,6,"[1, 40, 30, 42, 31, 39, 29, 10]",8,7,free_flow_time,1.479448390772418
88,1,10,7,"[1, 40, 30, 42, 60, 33, 29, 10]",8,7,free_flow_time,1.6729733942145304
89,1,10,8,"[1, 40, 30, 51, 60, 33, 29, 10]",8,7,free_flow_time,1.6776194252979604
90,1,10,9,"[1, 40, 30, 42, 39, 33, 27, 29, 10]",9,8,free_flow_time,1.7502432842417013
91,1,11,0,"[1, 40, 11]",3,2,free_flow_time,0.0016805549842401836
92,1,12,0,"[1, 40, 30, 51, 44, 49, 43, 12]",8,7,free_flow_time,1.3628720522349953
93,1,12,1,"[1, 40, 30, 51, 44, 54, 43, 12]",8,7,free_flow_time,1.3695205200138452
94,1,12,2,"[1, 40, 50, 51, 44, 49, 43, 12]",8,7,free_flow_time,1.4598494388734318
95,1,12,3,"[1, 40, 50, 51, 44, 54, 43, 12]",8,7,free_flow_time,1.4664979066522816
96,1,12,4,"[1, 40, 30, 51, 44, 54, 49, 43, 12]",9,8,free_flow_time,1.523410061104825
97,1,12,5,"[1, 40, 30, 50, 51, 44, 49, 43, 12]",9,8,free_flow_time,1.5505201465881073
98,1,12,6,"[1, 40, 30, 50, 51, 44, 54, 43, 12]",9,8,free_flow_time,1.5571686143669572
99,1,12,7,"[1, 40, 30, 51, 44, 49, 54, 43, 12]",9,8,free_flow_time,1.606359850572652
100,1,12,8,"[1, 40, 50, 51, 44, 54, 49, 43, 12]",9,8,free_flow_time,1.6203874477432614
101,1,12,9,"[1, 40, 30, 42, 51, 44, 49, 43, 12]",9,8,free_flow_time,1.6229275486485155
102,1,13,0,"[1, 40, 30, 42, 39, 33, 27, 45, 13]",9,8,free_flow_time,1.7407007148919442
103,1,13,1,"[1, 40, 30, 42, 39, 31, 33, 27, 45, 13]",10,9,free_flow_time,1.7889496696483973
104,1,13,2,"[1, 40, 30, 42, 31, 33, 27, 45, 13]",9,8,free_flow_time,1.8321142834936217
105,1,13,3,"[1, 40, 30, 42, 31, 39, 33, 27, 45, 13]",10,9,free_flow_time,1.8742624073586471
106,1,13,4,"[1, 40, 30, 42, 60, 52, 32, 45, 13]",9,8,free_flow_time,1.9008553936820183
107,1,13,5,"[1, 40, 30, 51, 60, 52, 32, 45, 13]",9,8,free_flow_time,1.9055014247654485
108,1,13,6,"[1, 40, 50, 51, 60, 52, 32, 45, 13]",9,8,free_flow_time,2.002478811403885
109,1,13,7,"[1, 40, 30, 42, 39, 31, 60, 52, 32, 45, 13]",11,10,free_flow_time,2.0051608841882724
110,1,13,8,"[1, 40, 30, 42, 31, 60, 52, 32, 45, 13]",10,9,free_flow_time,2.048325498033497
111,1,13,9,"[1, 40, 30, 42, 39, 33, 29, 27, 45, 13]",10,9,free_flow_time,2.0741239025297724
112,1,14,0,"[1, 40, 30, 42, 39, 33, 29, 14]",8,7,free_flow_time,1.3243013448383163
113,1,14,1,"[1, 40, 30, 42, 39, 29, 14]",7,6,free_flow_time,1.344910512668688
114,1,14,2,"[1, 40, 30, 42, 39, 31, 33, 29, 14]",9,8,free_flow_time,1.3725502995947692
115,1,14,3,"[1, 40, 30, 42, 31, 33, 29, 14]",8,7,free_flow_time,1.4157149134399936
116,1,14,4,"[1, 40, 30, 42, 29, 14]",6,5,free_flow_time,1.4486174845089588
117,1,14,5,"[1, 40, 30, 42, 31, 39, 33, 29, 14]",9,8,free_flow_time,1.457863037305019
118,1,14,6,"[1, 40, 30, 42, 31, 39, 29, 14]",8,7,free_flow_time,1.4784722051353907
119,1,14,7,"[1, 40, 30, 42, 60, 33, 29, 14]",8,7,free_flow_time,1.671997208577503
120,1,14,8,"[1, 40, 30, 51, 60, 33, 29, 14]",8,7,free_flow_time,1.676643239660933
121,1,14,9,"[1, 40, 30, 42, 39, 33, 27, 29, 14]",9,8,free_flow_time,1.7492670986046739
122,1,15,0,"[1, 40, 30, 15]",4,3,free_flow_time,0.18914578859444078
123,1,15,1,"[1, 40, 50, 30, 15]",5,4,free_flow_time,1.3070720992827498
124,1,15,2,"[1, 40, 28, 30, 15]",5,4,free_flow_time,1.3216686889266216
125,1,15,3,"[1, 40, 50, 51, 30, 15]",6,5,free_flow_time,1.3524835287897623
126,1,15,4,"[1, 40, 28, 42, 30, 15]",6,5,free_flow_time,1.5457317515766427
127,1,15,5,"[1, 40, 50, 51, 42, 30, 15]",7,6,free_flow_time,1.6125390252032825
128,1,15,6,"[1, 40, 50, 51, 60, 42, 30, 15]",8,7,free_flow_time,1.8409418032190616
129,1,15,7,"[1, 40, 50, 51, 60, 31, 39, 42, 30, 15]",10,9,free_flow_time,1.9452472937253156
130,1,15,8,"[1, 40, 28, 42, 51, 30, 15]",7,6,free_flow_time,1.9877652210886188
131,1,15,9,"[1, 40, 50, 51, 60, 31, 42, 30, 15]",9,8,free_flow_time,1.98841190757054
132,1,16,0,"[1, 40, 16]",3,2,free_flow_time,0.0016249157387006402
133,1,17,0,"[1, 40, 30, 51, 44, 49, 62, 17]",8,7,free_flow_time,1.6138975269513072
134,1,17,1,"[1, 40, 50, 51, 44, 49, 62, 17]",8,7,free_flow_time,1.7108749135897434
135,1,17,2,"[1, 40, 30, 51, 44, 49, 47, 62, 17]",9,8,free_flow_time,1.766151677628054
136,1,17,3,"[1, 40, 30, 51, 44, 54, 49, 62, 17]",9,8,free_flow_time,1.7744355358211368
137,1,17,4,"[1, 40, 30, 50, 51, 44, 49, 62, 17]",9,8,free_flow_time,1.801545621304419
138,1,17,5,"[1, 40, 50, 51, 44, 49, 47, 62, 17]",9,8,free_flow_time,1.8631290642664904
139,1,17,6,"[1, 40, 50, 51, 44, 54, 49, 62, 17]",9,8,free_flow_time,1.871412922459573
140,1,17,7,"[1, 40, 30, 42, 51, 44, 49, 62, 17]",9,8,free_flow_time,1.8739530233648272
141,1,17,8,"[1, 40, 50, 44, 49, 62, 17]",7,6,free_flow_time,1.8921163918352844
142,1,17,9,"[1, 40, 30, 51, 44, 54, 49, 47, 62, 17]",10,9,free_flow_time,1.9266896864978835
143,1,18,0,"[1, 40, 30, 51, 18]",5,4,free_flow_time,0.7227623788530836
144,1,18,1,"[1, 40, 50, 51, 18]",5,4,free_flow_time,0.81973976549152
145,1,18,2,"[1, 40, 30, 50, 51, 18]",6,5,free_flow_time,0.9104104732061955
146,1,18,3,"[1, 40, 30, 42, 51, 18]",6,5,free_flow_time,0.9828178752666038
147,1,18,4,"[1, 40, 30, 42, 60, 51, 18]",7,6,free_flow_time,1.2112206532823828
148,1,18,5,"[1, 40, 30, 42, 39, 31, 60, 51, 18]",9,8,free_flow_time,1.3155261437886367
149,1,18,6,"[1, 40, 30, 42, 31, 60, 51, 18]",8,7,free_flow_time,1.3586907576338612
150,1,18,7,"[1, 40, 28, 42, 51, 18]",6,5,free_flow_time,1.4550214577903764
151,1,18,8,"[1, 40, 30, 42, 39, 33, 60, 51, 18]",9,8,free_flow_time,1.4978431946883974
152,1,18,9,"[1, 40, 34, 50, 51, 18]",6,5,free_flow_time,1.544081292137302
153,1,19,0,"[1, 40, 30, 51, 44, 49, 43, 36, 46, 65, 19]",11,10,free_flow_time,1.8837096267193194
154,1,19,1,"[1, 40, 30, 51, 44, 54, 43, 36, 46, 65, 19]",11,10,free_flow_time,1.8903580944981693
155,1,19,2,"[1, 40, 30, 51, 44, 49, 43, 36, 61, 46, 65, 19]",12,11,free_flow_time,1.8917709782105558
156,1,19,3,"[1, 40, 30, 51, 44, 54, 43, 36, 61, 46, 65, 19]",12,11,free_flow_time,1.8984194459894057
157,1,19,4,"[1, 40, 30, 51, 44, 49, 43, 61, 46, 65, 19]",11,10,free_flow_time,1.9080784913720656
158,1,19,5,"[1, 40, 30, 51, 44, 54, 43, 61, 46, 65, 19]",11,10,free_flow_time,1.9147269591509153
159,1,19,6,"[1, 40, 50, 51, 44, 49, 43, 36, 46, 65, 19]",11,10,free_flow_time,1.9806870133577559
160,1,19,7,"[1, 40, 30, 51, 44, 49, 43, 36, 46, 59, 65, 19]",12,11,free_flow_time,1.9814643832123662
161,1,19,8,"[1, 40, 50, 51, 44, 54, 43, 36, 46, 65, 19]",11,10,free_flow_time,1.9873354811366057
162,1,19,9,"[1, 40, 30, 51, 44, 54, 43, 36, 46, 59, 65, 19]",12,11,free_flow_time,1.9881128509912163
163,1,20,0,"[1, 40, 30, 42, 39, 33, 29, 20]",8,7,free_flow_time,1.3247097648912203
164,1,20,1,"[1, 40, 30, 42, 39, 29, 20]",7,6,free_flow_time,1.345318932721592
165,1,20,2,"[1, 40, 30, 42, 39, 31, 33, 29, 20]",9,8,free_flow_time,1.3729587196476731
166,1,20,3,"[1, 40, 30, 42, 31, 33, 29, 20]",8,7,free_flow_time,1.4161233334928975
167,1,20,4,"[1, 40, 30, 42, 29, 20]",6,5,free_flow_time,1.4490259045618628
168,1,20,5,"[1, 40, 30, 42, 31, 39, 33, 29, 20]",9,8,free_flow_time,1.458271457357923
169,1,20,6,"[1, 40, 30, 42, 31, 39, 29, 20]",8,7,free_flow_time,1.4788806251882947
170,1,20,7,"[1, 40, 30, 42, 60, 33, 29, 20]",8,7,free_flow_time,1.672405628630407
171,1,20,8,"[1, 40, 30, 51, 60, 33, 29, 20]",8,7,free_flow_time,1.677051659713837
172,1,20,9,"[1, 40, 30, 42, 39, 33, 27, 29, 20]",9,8,free_flow_time,1.7496755186575779
173,1,21,0,"[1, 40, 30, 42, 39, 21]",6,5,free_flow_time,0.7385897867017979
174,1,21,1,"[1, 40, 30, 42, 31, 39, 21]",7,6,free_flow_time,0.8721514791685006
175,1,21,2,"[1, 40, 30, 51, 42, 39, 21]",7,6,free_flow_time,1.180623256213774
176,1,21,3,"[1, 40, 28, 42, 39, 21]",6,5,free_flow_time,1.2107933692255706
177,1,21,4,"[1, 40, 30, 42, 31, 33, 39, 21]",8,7,free_flow_time,1.2202517108059332
178,1,21,5,"[1, 40, 50, 51, 42, 39, 21]",7,6,free_flow_time,1.2776006428522104
179,1,21,6,"[1, 40, 30, 42, 60, 31, 39, 21]",8,7,free_flow_time,1.2942169550436822
180,1,21,7,"[1, 40, 30, 51, 60, 31, 39, 21]",8,7,free_flow_time,1.2988629861271122
181,1,21,8,"[1, 40, 30, 51, 42, 31, 39, 21]",8,7,free_flow_time,1.3141849486804769
182,1,21,9,"[1, 40, 28, 42, 31, 39, 21]",7,6,free_flow_time,1.3443550616922735
183,1,22,0,"[1, 40, 30, 42, 39, 33, 22]",7,6,free_flow_time,0.9340625796108596
184,1,22,1,"[1, 40, 30, 42, 39, 31, 33, 22]",8,7,free_flow_time,0.9823115343673124
185,1,22,2,"[1, 40, 30, 42, 31, 33, 22]",7,6,free_flow_time,1.025476148212537
186,1,22,3,"[1, 40, 30, 42, 31, 39, 33, 22]",8,7,free_flow_time,1.0676242720775624
187,1,22,4,"[1, 40, 30, 42, 60, 33, 22]",7,6,free_flow_time,1.2817584433500464
188,1,22,5,"[1, 40, 30, 51, 60, 33, 22]",7,6,free_flow_time,1.2864044744334764
189,1,22,6,"[1, 40, 30, 51, 42, 39, 33, 22]",8,7,free_flow_time,1.3760960491228356
190,1,22,7,"[1, 40, 50, 51, 60, 33, 22]",7,6,free_flow_time,1.3833818610719126
191,1,22,8,"[1, 40, 30, 42, 39, 31, 60, 33, 22]",9,8,free_flow_time,1.3860639338563003
192,1,22,9,"[1, 40, 28, 42, 39, 33, 22]",7,6,free_flow_time,1.4062661621346324
193,1,23,0,"[1, 40, 30, 51, 44, 49, 43, 23]",8,7,free_flow_time,1.361964219214061
194,1,23,1,"[1, 40, 30, 51, 44, 54, 43, 23]",8,7,free_flow_time,1.368612686992911
195,1,23,2,"[1, 40, 50, 51, 44, 49, 43, 23]",8,7,free_flow_time,1.4589416058524975
196,1,23,3,"[1, 40, 50, 51, 44, 54, 43, 23]",8,7,free_flow_time,1.4655900736313474
197,1,23,4,"[1, 40, 30, 51, 44, 54, 49, 43, 23]",9,8,free_flow_time,1.5225022280838907
198,1,23,5,"[1, 40, 30, 50, 51, 44, 49, 43, 23]",9,8,free_flow_time,1.549612313567173
199,1,23,6,"[1, 40, 30, 50, 51, 44, 54, 43, 23]",9,8,free_flow_time,1.556260781346023
200,1,23,7,"[1, 40, 30, 51, 44, 49, 54, 43, 23]",9,8,free_flow_time,1.6054520175517177
201,1,23,8,"[1, 40, 50, 51, 44, 54, 49, 43, 23]",9,8,free_flow_time,1.6194796147223272
202,1,23,9,"[1, 40, 30, 42, 51, 44, 49, 43, 23]",9,8,free_flow_time,1.6220197156275813
203,1,24,0,"[1, 40, 30, 51, 44, 49, 43, 36, 46, 56, 24]",11,10,free_flow_time,1.9890446625851592
204,1,24,1,"[1, 40, 30, 51, 44, 54, 43, 36, 46, 56, 24]",11,10,free_flow_time,1.995693130364009
205,1,24,2,"[1, 40, 30, 51, 44, 49, 43, 36, 61, 46, 56, 24]",12,11,free_flow_time,1.9971060140763957
206,1,24,3,"[1, 40, 30, 51, 44, 54, 43, 36, 61, 46, 56, 24]",12,11,free_flow_time,2.0037544818552453
207,1,24,4,"[1, 40, 30, 51, 44, 49, 43, 61, 46, 56, 24]",11,10,free_flow_time,2.0134135272379052
208,1,24,5,"[1, 40, 30, 51, 44, 54, 43, 61, 46, 56, 24]",11,10,free_flow_time,2.020061995016755
209,1,24,6,"[1, 40, 30, 51, 44, 49, 43, 36, 61, 56, 24]",11,10,free_flow_time,2.029352664801355
210,1,24,7,"[1, 40, 30, 51, 44, 54, 43, 36, 61, 56, 24]",11,10,free_flow_time,2.0360011325802048
211,1,24,8,"[1, 40, 30, 51, 44, 49, 43, 61, 56, 24]",10,9,free_flow_time,2.0456601779628647
212,1,24,9,"[1, 40, 30, 51, 44, 54, 43, 61, 56, 24]",10,9,free_flow_time,2.0523086457417143
213,1,25,0,"[1, 40, 30, 51, 44, 35, 25]",7,6,free_flow_time,1.4105800675868487
214,1,25,1,"[1, 40, 50, 34, 35, 25]",6,5,free_flow_time,1.4541110141760425
215,1,25,2,"[1, 40, 50, 51, 44, 35, 25]",7,6,free_flow_time,1.507557454225285
216,1,25,3,"[1, 40, 34, 35, 25]",5,4,free_flow_time,1.529960306620733
217,1,25,4,"[1, 40, 30, 50, 34, 35, 25]",7,6,free_flow_time,1.544781721890718
218,1,25,5,"[1, 40, 30, 51, 50, 34, 35, 25]",8,7,free_flow_time,1.5901931513977308
219,1,25,6,"[1, 40, 30, 50, 51, 44, 35, 25]",8,7,free_flow_time,1.5982281619399605
220,1,25,7,"[1, 40, 30, 42, 51, 44, 35, 25]",8,7,free_flow_time,1.6706355640003687
221,1,25,8,"[1, 40, 50, 44, 35, 25]",6,5,free_flow_time,1.688798932470826
222,1,25,9,"[1, 40, 30, 51, 44, 49, 47, 35, 25]",9,8,free_flow_time,1.7703517009356602
223,2,1,0,"[2, 48, 41, 32, 52, 60, 42, 30, 40, 1]",10,9,free_flow_time,2.1185478344711632
224,2,1,1,"[2, 48, 41, 32, 52, 60, 51, 30, 40, 1]",10,9,free_flow_time,2.123193865554593
225,2,1,2,"[2, 48, 64, 41, 32, 52, 60, 42, 30, 40, 1]",11,10,free_flow_time,2.2176343542878314
226,2,1,3,"[2, 48, 41, 32, 52, 60, 51, 50, 40, 1]",10,9,free_flow_time,2.2201712521930292
227,2,1,4,"[2, 48, 64, 41, 32, 52, 60, 51, 30, 40, 1]",11,10,free_flow_time,2.2222803853712616
228,2,1,5,"[2, 48, 41, 32, 52, 60, 31, 39, 42, 30, 40, 1]",12,11,free_flow_time,2.222853324977417
229,2,1,6,"[2, 48, 41, 32, 52, 60, 31, 42, 30, 40, 1]",11,10,free_flow_time,2.2660179388226416
230,2,1,7,"[2, 48, 41, 32, 45, 27, 33, 39, 42, 30, 40, 1]",12,11,free_flow_time,2.301400825002526
231,2,1,8,"[2, 48, 41, 32, 52, 60, 51, 50, 30, 40, 1]",11,10,free_flow_time,2.310841959907705
232,2,1,9,"[2, 48, 41, 32, 52, 54, 44, 51, 30, 40, 1]",11,10,free_flow_time,2.312876456649031
233,2,2,0,"[2, 48, 2]",3,2,free_flow_time,0.0017121544430301035
234,2,3,0,"[2, 48, 41, 32, 52, 60, 42, 30, 3]",9,8,free_flow_time,1.93018468124862
235,2,3,1,"[2, 48, 41, 32, 52, 60, 51, 30, 3]",9,8,free_flow_time,1.9348307123320498
236,2,3,2,"[2, 48, 64, 41, 32, 52, 60, 42, 30, 3]",10,9,free_flow_time,2.0292712010652885
237,2,3,3,"[2, 48, 64, 41, 32, 52, 60, 51, 30, 3]",10,9,free_flow_time,2.0339172321487187
238,2,3,4,"[2, 48, 41, 32, 52, 60, 31, 39, 42, 30, 3]",11,10,free_flow_time,2.0344901717548742
239,2,3,5,"[2, 48, 41, 32, 52, 60, 31, 42, 30, 3]",10,9,free_flow_time,2.0776547856000986
240,2,3,6,"[2, 48, 41, 32, 45, 27, 33, 39, 42, 30, 3]",11,10,free_flow_time,2.113037671779983
241,2,3,7,"[2, 48, 41, 32, 52, 60, 51, 50, 30, 3]",10,9,free_flow_time,2.122478806685162
242,2,3,8,"[2, 48, 41, 32, 52, 54, 44, 51, 30, 3]",10,9,free_flow_time,2.1245133034264883
243,2,3,9,"[2, 48, 64, 41, 32, 52, 60, 31, 39, 42, 30, 3]",12,11,free_flow_time,2.133576691571543
244,2,4,0,"[2, 48, 57, 4]",4,3,free_flow_time,0.29142965188593306
245,2,4,1,"[2, 48, 64, 57, 4]",5,4,free_flow_time,0.3636880784780453
246,2,4,2,"[2, 48, 41, 64, 57, 4]",6,5,free_flow_time,0.7324596654647374
247,2,4,3,"[2, 48, 64, 53, 57, 4]",6,5,free_flow_time,0.7645116625122396
248,2,4,4,"[2, 48, 26, 57, 4]",5,4,free_flow_time,0.8435059755538462
249,2,4,5,"[2, 48, 41, 53, 57, 4]",6,5,free_flow_time,0.8671971577714044
250,2,4,6,"[2, 48, 64, 41, 53, 57, 4]",7,6,free_flow_time,0.9662836775880728
251,2,4,7,"[2, 48, 41, 53, 64, 57, 4]",7,6,free_flow_time,1.0591574872509544
252,2,4,8,"[2, 48, 41, 64, 53, 57, 4]",7,6,free_flow_time,1.1332832494989313
253,2,4,9,"[2, 48, 41, 63, 53, 57, 4]",7,6,free_flow_time,1.167352348806809
254,2,5,0,"[2, 48, 41, 32, 52, 5]",6,5,free_flow_time,0.8162316050681833
255,2,5,1,"[2, 48, 64, 41, 32, 52, 5]",7,6,free_flow_time,0.9153181248848518
256,2,5,2,"[2, 48, 41, 63, 32, 52, 5]",7,6,free_flow_time,1.0368358842214929
257,2,5,3,"[2, 48, 64, 41, 63, 32, 52, 5]",8,7,free_flow_time,1.1359224040381615
258,2,5,4,"[2, 48, 57, 64, 41, 32, 52, 5]",8,7,free_flow_time,1.186016397213817
259,2,5,5,"[2, 48, 26, 55, 52, 5]",6,5,free_flow_time,1.1929048203884385
260,2,5,6,"[2, 48, 41, 63, 45, 32, 52, 5]",8,7,free_flow_time,1.2395136684533101
261,2,5,7,"[2, 48, 64, 53, 41, 32, 52, 5]",8,7,free_flow_time,1.242015946671069
262,2,5,8,"[2, 48, 57, 53, 41, 32, 52, 5]",8,7,free_flow_time,1.3207538895204838
263,2,5,9,"[2, 48, 64, 41, 63, 45, 32, 52, 5]",9,8,free_flow_time,1.3386001882699787
264,2,6,0,"[2, 48, 26, 56, 59, 65, 6]",7,6,free_flow_time,1.0774109918581332
265,2,6,1,"[2, 48, 26, 56, 46, 65, 6]",7,6,free_flow_time,1.0993251587353352
266,2,6,2,"[2, 48, 26, 56, 46, 59, 65, 6]",8,7,free_flow_time,1.1970799152283822
267,2,6,3,"[2, 48, 26, 55, 61, 46, 65, 6]",8,7,free_flow_time,1.2544364299057829
268,2,6,4,"[2, 48, 26, 55, 61, 46, 59, 65, 6]",9,8,free_flow_time,1.3521911863988298
269,2,6,5,"[2, 48, 26, 55, 61, 36, 46, 65, 6]",9,8,free_flow_time,1.3776306263052076
270,2,6,6,"[2, 48, 57, 59, 65, 6]",6,5,free_flow_time,1.3935682219853762
271,2,6,7,"[2, 48, 57, 56, 59, 65, 6]",7,6,free_flow_time,1.3957063460188774
272,2,6,8,"[2, 48, 57, 56, 46, 65, 6]",7,6,free_flow_time,1.4176205128960795
273,2,6,9,"[2, 48, 26, 56, 61, 46, 65, 6]",8,7,free_flow_time,1.419759996052877
274,2,7,0,"[2, 48, 41, 32, 52, 60, 51, 7]",8,7,free_flow_time,1.401557799169347
275,2,7,1,"[2, 48, 64, 41, 32, 52, 60, 51, 7]",9,8,free_flow_time,1.5006443189860155
276,2,7,2,"[2, 48, 41, 32, 52, 54, 44, 51, 7]",9,8,free_flow_time,1.5912403902637853
277,2,7,3,"[2, 48, 41, 63, 32, 52, 60, 51, 7]",9,8,free_flow_time,1.6221620783226565
278,2,7,4,"[2, 48, 64, 41, 32, 52, 54, 44, 51, 7]",10,9,free_flow_time,1.6903269100804537
279,2,7,5,"[2, 48, 26, 55, 43, 49, 44, 51, 7]",9,8,free_flow_time,1.6947022868621335
280,2,7,6,"[2, 48, 26, 55, 43, 54, 44, 51, 7]",9,8,free_flow_time,1.7013507546409834
281,2,7,7,"[2, 48, 64, 41, 63, 32, 52, 60, 51, 7]",10,9,free_flow_time,1.721248598139325
282,2,7,8,"[2, 48, 26, 55, 61, 36, 43, 49, 44, 51, 7]",11,10,free_flow_time,1.7543026064863132
283,2,7,9,"[2, 48, 26, 55, 61, 36, 43, 54, 44, 51, 7]",11,10,free_flow_time,1.760951074265163
284,2,8,0,"[2, 48, 41, 32, 45, 27, 29, 8]",8,7,free_flow_time,1.3115190854123935
285,2,8,1,"[2, 48, 41, 63, 45, 27, 29, 8]",8,7,free_flow_time,1.3917934794760831
286,2,8,2,"[2, 48, 64, 41, 32, 45, 27, 29, 8]",9,8,free_flow_time,1.4106056052290619
287,2,8,3,"[2, 48, 64, 41, 63, 45, 27, 29, 8]",9,8,free_flow_time,1.4908799992927517
288,2,8,4,"[2, 48, 41, 32, 63, 45, 27, 29, 8]",9,8,free_flow_time,1.5117037198326948
289,2,8,5,"[2, 48, 41, 63, 32, 45, 27, 29, 8]",9,8,free_flow_time,1.5321233645657029
290,2,8,6,"[2, 48, 64, 41, 32, 63, 45, 27, 29, 8]",10,9,free_flow_time,1.6107902396493632
291,2,8,7,"[2, 48, 64, 41, 63, 32, 45, 27, 29, 8]",10,9,free_flow_time,1.6312098843823715
292,2,8,8,"[2, 48, 57, 64, 41, 32, 45, 27, 29, 8]",10,9,free_flow_time,1.681303877558027
293,2,8,9,"[2, 48, 64, 53, 41, 32, 45, 27, 29, 8]",10,9,free_flow_time,1.737303427015279
294,2,9,0,"[2, 48, 26, 55, 43, 49, 9]",7,6,free_flow_time,1.315093454153791
295,2,9,1,"[2, 48, 26, 55, 61, 36, 43, 49, 9]",9,8,free_flow_time,1.3746937737779708
296,2,9,2,"[2, 48, 26, 55, 61, 43, 49, 9]",8,7,free_flow_time,1.3910012869394803
297,2,9,3,"[2, 48, 41, 32, 52, 54, 44, 49, 9]",9,8,free_flow_time,1.4193738177487338
298,2,9,4,"[2, 48, 41, 32, 52, 54, 49, 9]",8,7,free_flow_time,1.4484708881142496
299,2,9,5,"[2, 48, 26, 56, 46, 36, 43, 49, 9]",9,8,free_flow_time,1.4997093377088688
300,2,9,6,"[2, 48, 26, 56, 46, 61, 36, 43, 49, 9]",10,9,free_flow_time,1.5077706892001053
301,2,9,7,"[2, 48, 64, 41, 32, 52, 54, 44, 49, 9]",10,9,free_flow_time,1.5184603375654022
302,2,9,8,"[2, 48, 26, 56, 46, 61, 43, 49, 9]",9,8,free_flow_time,1.5240782023616148
303,2,9,9,"[2, 48, 26, 55, 43, 54, 44, 49, 9]",9,8,free_flow_time,1.529484182125932
304,2,10,0,"[2, 48, 41, 32, 45, 27, 29, 10]",8,7,free_flow_time,1.3127064605916847
305,2,10,1,"[2, 48, 41, 63, 45, 27, 29, 10]",8,7,free_flow_time,1.3929808546553744
306,2,10,2,"[2, 48, 64, 41, 32, 45, 27, 29, 10]",9,8,free_flow_time,1.411792980408353
307,2,10,3,"[2, 48, 64, 41, 63, 45, 27, 29, 10]",9,8,free_flow_time,1.492067374472043
308,2,10,4,"[2, 48, 41, 32, 63, 45, 27, 29, 10]",9,8,free_flow_time,1.512891095011986
309,2,10,5,"[2, 48, 41, 63, 32, 45, 27, 29, 10]",9,8,free_flow_time,1.533310739744994
310,2,10,6,"[2, 48, 64, 41, 32, 63, 45, 27, 29, 10]",10,9,free_flow_time,1.6119776148286544
311,2,10,7,"[2, 48, 64, 41, 63, 32, 45, 27, 29, 10]",10,9,free_flow_time,1.6323972595616627
312,2,10,8,"[2, 48, 57, 64, 41, 32, 45, 27, 29, 10]",10,9,free_flow_time,1.6824912527373181
313,2,10,9,"[2, 48, 64, 53, 41, 32, 45, 27, 29, 10]",10,9,free_flow_time,1.7384908021945702
314,2,11,0,"[2, 48, 41, 32, 52, 60, 42, 30, 40, 11]",10,9,free_flow_time,2.118016246280504
315,2,11,1,"[2, 48, 41, 32, 52, 60, 51, 30, 40, 11]",10,9,free_flow_time,2.1226622773639336
316,2,11,2,"[2, 48, 64, 41, 32, 52, 60, 42, 30, 40, 11]",11,10,free_flow_time,2.217102766097172
317,2,11,3,"[2, 48, 41, 32, 52, 60, 51, 50, 40, 11]",10,9,free_flow_time,2.21963966400237
318,2,11,4,"[2, 48, 64, 41, 32, 52, 60, 51, 30, 40, 11]",11,10,free_flow_time,2.2217487971806023
319,2,11,5,"[2, 48, 41, 32, 52, 60, 31, 39, 42, 30, 40, 11]",12,11,free_flow_time,2.222321736786758
320,2,11,6,"[2, 48, 41, 32, 52, 60, 31, 42, 30, 40, 11]",11,10,free_flow_time,2.2654863506319822
321,2,11,7,"[2, 48, 41, 32, 45, 27, 33, 39, 42, 30, 40, 11]",12,11,free_flow_time,2.3008692368118666
322,2,11,8,"[2, 48, 41, 32, 52, 60, 51, 50, 30, 40, 11]",11,10,free_flow_time,2.3103103717170455
323,2,11,9,"[2, 48, 41, 32, 52, 54, 44, 51, 30, 40, 11]",11,10,free_flow_time,2.312344868458372
324,2,12,0,"[2, 48, 26, 55, 43, 12]",6,5,free_flow_time,1.0556102487692534
325,2,12,1,"[2, 48, 26, 55, 61, 36, 43, 12]",8,7,free_flow_time,1.115210568393433
326,2,12,2,"[2, 48, 26, 55, 61, 43, 12]",7,6,free_flow_time,1.1315180815549426
327,2,12,3,"[2, 48, 26, 56, 46, 36, 43, 12]",8,7,free_flow_time,1.240226132324331
328,2,12,4,"[2, 48, 26, 56, 46, 61, 36, 43, 12]",9,8,free_flow_time,1.2482874838155675
329,2,12,5,"[2, 48, 26, 56, 46, 61, 43, 12]",8,7,free_flow_time,1.2645949969770771
330,2,12,6,"[2, 48, 26, 56, 61, 36, 43, 12]",8,7,free_flow_time,1.2805341345405272
331,2,12,7,"[2, 48, 26, 56, 61, 43, 12]",7,6,free_flow_time,1.296841647702037
332,2,12,8,"[2, 48, 26, 56, 55, 43, 12]",7,6,free_flow_time,1.3222441261537068
333,2,12,9,"[2, 48, 26, 56, 46, 61, 55, 43, 12]",9,8,free_flow_time,1.3660538453595241
334,2,13,0,"[2, 48, 41, 32, 45, 13]",6,5,free_flow_time,0.5615633315936184
335,2,13,1,"[2, 48, 41, 63, 45, 13]",6,5,free_flow_time,0.6418377256573081
336,2,13,2,"[2, 48, 64, 41, 32, 45, 13]",7,6,free_flow_time,0.6606498514102869
337,2,13,3,"[2, 48, 64, 41, 63, 45, 13]",7,6,free_flow_time,0.7409242454739766
338,2,13,4,"[2, 48, 41, 32, 63, 45, 13]",7,6,free_flow_time,0.7617479660139198
339,2,13,5,"[2, 48, 41, 63, 32, 45, 13]",7,6,free_flow_time,0.782167610746928
340,2,13,6,"[2, 48, 64, 41, 32, 63, 45, 13]",8,7,free_flow_time,0.8608344858305882
341,2,13,7,"[2, 48, 64, 41, 63, 32, 45, 13]",8,7,free_flow_time,0.8812541305635965
342,2,13,8,"[2, 48, 57, 64, 41, 32, 45, 13]",8,7,free_flow_time,0.9313481237392518
343,2,13,9,"[2, 48, 64, 53, 41, 32, 45, 13]",8,7,free_flow_time,0.987347673196504
344,2,14,0,"[2, 48, 41, 32, 45, 27, 29, 14]",8,7,free_flow_time,1.3117302749546573
345,2,14,1,"[2, 48, 41, 63, 45, 27, 29, 14]",8,7,free_flow_time,1.392004669018347
346,2,14,2,"[2, 48, 64, 41, 32, 45, 27, 29, 14]",9,8,free_flow_time,1.4108167947713257
347,2,14,3,"[2, 48, 64, 41, 63, 45, 27, 29, 14]",9,8,free_flow_time,1.4910911888350156
348,2,14,4,"[2, 48, 41, 32, 63, 45, 27, 29, 14]",9,8,free_flow_time,1.5119149093749586
349,2,14,5,"[2, 48, 41, 63, 32, 45, 27, 29, 14]",9,8,free_flow_time,1.5323345541079667
350,2,14,6,"[2, 48, 64, 41, 32, 63, 45, 27, 29, 14]",10,9,free_flow_time,1.611001429191627
351,2,14,7,"[2, 48, 64, 41, 63, 32, 45, 27, 29, 14]",10,9,free_flow_time,1.6314210739246353
352,2,14,8,"[2, 48, 57, 64, 41, 32, 45, 27, 29, 14]",10,9,free_flow_time,1.6815150671002908
353,2,14,9,"[2, 48, 64, 53, 41, 32, 45, 27, 29, 14]",10,9,free_flow_time,1.7375146165575428
354,2,15,0,"[2, 48, 41, 32, 52, 60, 42, 30, 15]",9,8,free_flow_time,1.9298013383656243
355,2,15,1,"[2, 48, 41, 32, 52, 60, 51, 30, 15]",9,8,free_flow_time,1.934447369449054
356,2,15,2,"[2, 48, 64, 41, 32, 52, 60, 42, 30, 15]",10,9,free_flow_time,2.0288878581822924
357,2,15,3,"[2, 48, 64, 41, 32, 52, 60, 51, 30, 15]",10,9,free_flow_time,2.0335338892657226
358,2,15,4,"[2, 48, 41, 32, 52, 60, 31, 39, 42, 30, 15]",11,10,free_flow_time,2.034106828871878
359,2,15,5,"[2, 48, 41, 32, 52, 60, 31, 42, 30, 15]",10,9,free_flow_time,2.0772714427171026
360,2,15,6,"[2, 48, 41, 32, 45, 27, 33, 39, 42, 30, 15]",11,10,free_flow_time,2.112654328896987
361,2,15,7,"[2, 48, 41, 32, 52, 60, 51, 50, 30, 15]",10,9,free_flow_time,2.122095463802166
362,2,15,8,"[2, 48, 41, 32, 52, 54, 44, 51, 30, 15]",10,9,free_flow_time,2.1241299605434922
363,2,15,9,"[2, 48, 64, 41, 32, 52, 60, 31, 39, 42, 30, 15]",12,11,free_flow_time,2.133193348688547
364,2,16,0,"[2, 48, 41, 32, 52, 60, 42, 30, 40, 16]",10,9,free_flow_time,2.1179606070349646
365,2,16,1,"[2, 48, 41, 32, 52, 60, 51, 30, 40, 16]",10,9,free_flow_time,2.1226066381183943
366,2,16,2,"[2, 48, 64, 41, 32, 52, 60, 42, 30, 40, 16]",11,10,free_flow_time,2.2170471268516327
367,2,16,3,"[2, 48, 41, 32, 52, 60, 51, 50, 40, 16]",10,9,free_flow_time,2.2195840247568306
368,2,16,4,"[2, 48, 64, 41, 32, 52, 60, 51, 30, 40, 16]",11,10,free_flow_time,2.221693157935063
369,2,16,5,"[2, 48, 41, 32, 52, 60, 31, 39, 42, 30, 40, 16]",12,11,free_flow_time,2.2222660975412185
370,2,16,6,"[2, 48, 41, 32, 52, 60, 31, 42, 30, 40, 16]",11,10,free_flow_time,2.265430711386443
371,2,16,7,"[2, 48, 41, 32, 45, 27, 33, 39, 42, 30, 40, 16]",12,11,free_flow_time,2.3008135975663273
372,2,16,8,"[2, 48, 41, 32, 52, 60, 51, 50, 30, 40, 16]",11,10,free_flow_time,2.310254732471506
373,2,16,9,"[2, 48, 41, 32, 52, 54, 44, 51, 30, 40, 16]",11,10,free_flow_time,2.3122892292128325
374,2,17,0,"[2, 48, 26, 55, 61, 36, 62, 17]",8,7,free_flow_time,1.4723351857904392
375,2,17,1,"[2, 48, 26, 56, 46, 36, 62, 17]",8,7,free_flow_time,1.597350749721337
376,2,17,2,"[2, 48, 26, 56, 46, 61, 36, 62, 17]",9,8,free_flow_time,1.6054121012125737
377,2,17,3,"[2, 48, 26, 56, 61, 36, 62, 17]",8,7,free_flow_time,1.6376587519375332
378,2,17,4,"[2, 48, 26, 55, 43, 36, 62, 17]",8,7,free_flow_time,1.6713780382820138
379,2,17,5,"[2, 48, 26, 56, 55, 61, 36, 62, 17]",9,8,free_flow_time,1.7389690631748924
380,2,17,6,"[2, 48, 26, 55, 61, 43, 36, 62, 17]",9,8,free_flow_time,1.747285871067703
381,2,17,7,"[2, 48, 26, 55, 61, 46, 36, 62, 17]",9,8,free_flow_time,1.7524620208917847
382,2,17,8,"[2, 48, 26, 55, 43, 61, 36, 62, 17]",9,8,free_flow_time,1.8189410993341846
383,2,17,9,"[2, 48, 41, 32, 52, 55, 61, 36, 62, 17]",10,9,free_flow_time,1.8199011770811988
384,2,18,0,"[2, 48, 41, 32, 52, 60, 51, 18]",8,7,free_flow_time,1.4017036061508117
385,2,18,1,"[2, 48, 64, 41, 32, 52, 60, 51, 18]",9,8,free_flow_time,1.50079012596748
386,2,18,2,"[2, 48, 41, 32, 52, 54, 44, 51, 18]",9,8,free_flow_time,1.5913861972452499
387,2,18,3,"[2, 48, 41, 63, 32, 52, 60, 51, 18]",9,8,free_flow_time,1.622307885304121
388,2,18,4,"[2, 48, 64, 41, 32, 52, 54, 44, 51, 18]",10,9,free_flow_time,1.6904727170619183
389,2,18,5,"[2, 48, 26, 55, 43, 49, 44, 51, 18]",9,8,free_flow_time,1.6948480938435981
390,2,18,6,"[2, 48, 26, 55, 43, 54, 44, 51, 18]",9,8,free_flow_time,1.701496561622448
391,2,18,7,"[2, 48, 64, 41, 63, 32, 52, 60, 51, 18]",10,9,free_flow_time,1.7213944051207897
392,2,18,8,"[2, 48, 26, 55, 61, 36, 43, 49, 44, 51, 18]",11,10,free_flow_time,1.7544484134677778
393,2,18,9,"[2, 48, 26, 55, 61, 36, 43, 54, 44, 51, 18]",11,10,free_flow_time,1.7610968812466277
394,2,19,0,"[2, 48, 26, 56, 59, 65, 19]",7,6,free_flow_time,1.0771853363149284
395,2,19,1,"[2, 48, 26, 56, 46, 65, 19]",7,6,free_flow_time,1.0990995031921305
396,2,19,2,"[2, 48, 26, 56, 46, 59, 65, 19]",8,7,free_flow_time,1.1968542596851774
397,2,19,3,"[2, 48, 26, 55, 61, 46, 65, 19]",8,7,free_flow_time,1.254210774362578
398,2,19,4,"[2, 48, 26, 55, 61, 46, 59, 65, 19]",9,8,free_flow_time,1.351965530855625
399,2,19,5,"[2, 48, 26, 55, 61, 36, 46, 65, 19]",9,8,free_flow_time,1.3774049707620029
400,2,19,6,"[2, 48, 57, 59, 65, 19]",6,5,free_flow_time,1.3933425664421715
401,2,19,7,"[2, 48, 57, 56, 59, 65, 19]",7,6,free_flow_time,1.3954806904756727
402,2,19,8,"[2, 48, 57, 56, 46, 65, 19]",7,6,free_flow_time,1.4173948573528747
403,2,19,9,"[2, 48, 26, 56, 61, 46, 65, 19]",8,7,free_flow_time,1.4195343405096723
404,2,20,0,"[2, 48, 41, 32, 45, 27, 29, 20]",8,7,free_flow_time,1.3121386950075613
405,2,20,1,"[2, 48, 41, 63, 45, 27, 29, 20]",8,7,free_flow_time,1.392413089071251
406,2,20,2,"[2, 48, 64, 41, 32, 45, 27, 29, 20]",9,8,free_flow_time,1.4112252148242297
407,2,20,3,"[2, 48, 64, 41, 63, 45, 27, 29, 20]",9,8,free_flow_time,1.4914996088879195
408,2,20,4,"[2, 48, 41, 32, 63, 45, 27, 29, 20]",9,8,free_flow_time,1.5123233294278626
409,2,20,5,"[2, 48, 41, 63, 32, 45, 27, 29, 20]",9,8,free_flow_time,1.5327429741608707
410,2,20,6,"[2, 48, 64, 41, 32, 63, 45, 27, 29, 20]",10,9,free_flow_time,1.611409849244531
411,2,20,7,"[2, 48, 64, 41, 63, 32, 45, 27, 29, 20]",10,9,free_flow_time,1.6318294939775393
412,2,20,8,"[2, 48, 57, 64, 41, 32, 45, 27, 29, 20]",10,9,free_flow_time,1.6819234871531947
413,2,20,9,"[2, 48, 64, 53, 41, 32, 45, 27, 29, 20]",10,9,free_flow_time,1.7379230366104468
414,2,21,0,"[2, 48, 41, 32, 52, 60, 31, 39, 21]",9,8,free_flow_time,1.484699907912111
415,2,21,1,"[2, 48, 41, 32, 45, 27, 33, 39, 21]",9,8,free_flow_time,1.5632474079372198
416,2,21,2,"[2, 48, 64, 41, 32, 52, 60, 31, 39, 21]",10,9,free_flow_time,1.5837864277287794
417,2,21,3,"[2, 48, 41, 32, 52, 60, 42, 39, 21]",9,8,free_flow_time,1.5948629560145522
418,2,21,4,"[2, 48, 41, 32, 45, 27, 33, 31, 39, 21]",10,9,free_flow_time,1.6114963626936727
419,2,21,5,"[2, 48, 41, 63, 45, 27, 33, 39, 21]",9,8,free_flow_time,1.6435218020009097
420,2,21,6,"[2, 48, 64, 41, 32, 45, 27, 33, 39, 21]",10,9,free_flow_time,1.6623339277538884
421,2,21,7,"[2, 48, 41, 32, 52, 60, 33, 39, 21]",9,8,free_flow_time,1.6670169588118717
422,2,21,8,"[2, 48, 41, 63, 45, 27, 33, 31, 39, 21]",10,9,free_flow_time,1.6917707567573625
423,2,21,9,"[2, 48, 64, 41, 32, 52, 60, 42, 39, 21]",10,9,free_flow_time,1.6939494758312206
424,2,22,0,"[2, 48, 41, 32, 45, 27, 33, 22]",8,7,free_flow_time,1.3684718453438234
425,2,22,1,"[2, 48, 41, 63, 45, 27, 33, 22]",8,7,free_flow_time,1.4487462394075132
426,2,22,2,"[2, 48, 64, 41, 32, 45, 27, 33, 22]",9,8,free_flow_time,1.467558365160492
427,2,22,3,"[2, 48, 41, 32, 52, 60, 33, 22]",8,7,free_flow_time,1.4722413962184753
428,2,22,4,"[2, 48, 41, 32, 52, 33, 22]",7,6,free_flow_time,1.5344900949482803
429,2,22,5,"[2, 48, 64, 41, 63, 45, 27, 33, 22]",9,8,free_flow_time,1.5478327592241818
430,2,22,6,"[2, 48, 41, 32, 63, 45, 27, 33, 22]",9,8,free_flow_time,1.568656479764125
431,2,22,7,"[2, 48, 64, 41, 32, 52, 60, 33, 22]",9,8,free_flow_time,1.5713279160351437
432,2,22,8,"[2, 48, 41, 63, 32, 45, 27, 33, 22]",9,8,free_flow_time,1.589076124497133
433,2,22,9,"[2, 48, 64, 41, 32, 52, 33, 22]",8,7,free_flow_time,1.6335766147649486
434,2,23,0,"[2, 48, 26, 55, 43, 23]",6,5,free_flow_time,1.0547024157483191
435,2,23,1,"[2, 48, 26, 55, 61, 36, 43, 23]",8,7,free_flow_time,1.1143027353724988
436,2,23,2,"[2, 48, 26, 55, 61, 43, 23]",7,6,free_flow_time,1.1306102485340084
437,2,23,3,"[2, 48, 26, 56, 46, 36, 43, 23]",8,7,free_flow_time,1.2393182993033969
438,2,23,4,"[2, 48, 26, 56, 46, 61, 36, 43, 23]",9,8,free_flow_time,1.2473796507946333
439,2,23,5,"[2, 48, 26, 56, 46, 61, 43, 23]",8,7,free_flow_time,1.263687163956143
440,2,23,6,"[2, 48, 26, 56, 61, 36, 43, 23]",8,7,free_flow_time,1.279626301519593
441,2,23,7,"[2, 48, 26, 56, 61, 43, 23]",7,6,free_flow_time,1.2959338146811028
442,2,23,8,"[2, 48, 26, 56, 55, 43, 23]",7,6,free_flow_time,1.3213362931327726
443,2,23,9,"[2, 48, 26, 56, 46, 61, 55, 43, 23]",9,8,free_flow_time,1.36514601233859
444,2,24,0,"[2, 48, 26, 56, 24]",5,4,free_flow_time,0.612546233501415
445,2,24,1,"[2, 48, 57, 56, 24]",5,4,free_flow_time,0.9308415876621593
446,2,24,2,"[2, 48, 64, 57, 56, 24]",6,5,free_flow_time,1.0031000142542716
447,2,24,3,"[2, 48, 57, 26, 56, 24]",6,5,free_flow_time,1.2799029948376597
448,2,24,4,"[2, 48, 26, 55, 56, 24]",6,5,free_flow_time,1.3157360910226006
449,2,24,5,"[2, 48, 64, 57, 26, 56, 24]",7,6,free_flow_time,1.352161421429772
450,2,24,6,"[2, 48, 26, 55, 61, 46, 56, 24]",8,7,free_flow_time,1.359545810228418
451,2,24,7,"[2, 48, 41, 64, 57, 56, 24]",7,6,free_flow_time,1.3718716012409637
452,2,24,8,"[2, 48, 26, 55, 61, 56, 24]",7,6,free_flow_time,1.3917924609533776
453,2,24,9,"[2, 48, 64, 53, 57, 56, 24]",7,6,free_flow_time,1.403923598288466
454,2,25,0,"[2, 48, 41, 32, 52, 54, 44, 35, 25]",9,8,free_flow_time,1.726980348136649
455,2,25,1,"[2, 48, 64, 41, 32, 52, 54, 44, 35, 25]",10,9,free_flow_time,1.8260668679533174
456,2,25,2,"[2, 48, 26, 55, 43, 49, 44, 35, 25]",9,8,free_flow_time,1.8304422447349973
457,2,25,3,"[2, 48, 26, 55, 43, 54, 44, 35, 25]",9,8,free_flow_time,1.8370907125138471
458,2,25,4,"[2, 48, 26, 55, 61, 36, 43, 49, 44, 35, 25]",11,10,free_flow_time,1.890042564359177
459,2,25,5,"[2, 48, 26, 55, 61, 36, 43, 54, 44, 35, 25]",11,10,free_flow_time,1.8966910321380268
460,2,25,6,"[2, 48, 26, 55, 61, 43, 49, 44, 35, 25]",10,9,free_flow_time,1.9063500775206865
461,2,25,7,"[2, 48, 26, 55, 61, 43, 54, 44, 35, 25]",10,9,free_flow_time,1.9129985452995364
462,2,25,8,"[2, 48, 41, 63, 32, 52, 54, 44, 35, 25]",10,9,free_flow_time,1.9475846272899584
463,2,25,9,"[2, 48, 41, 32, 52, 54, 49, 44, 35, 25]",10,9,free_flow_time,1.9638196786954558
464,3,1,0,"[3, 30, 40, 1]",4,3,free_flow_time,0.18952913147743672
465,3,1,1,"[3, 30, 50, 40, 1]",5,4,free_flow_time,1.3074554421657456
466,3,1,2,"[3, 30, 28, 40, 1]",5,4,free_flow_time,1.3220520318096174
467,3,1,3,"[3, 30, 51, 50, 40, 1]",6,5,free_flow_time,1.352866871672758
468,3,1,4,"[3, 30, 42, 28, 40, 1]",6,5,free_flow_time,1.5461150944596385
469,3,1,5,"[3, 30, 42, 51, 50, 40, 1]",7,6,free_flow_time,1.6129223680862783
470,3,1,6,"[3, 30, 42, 60, 51, 50, 40, 1]",8,7,free_flow_time,1.8413251461020574
471,3,1,7,"[3, 30, 42, 39, 31, 60, 51, 50, 40, 1]",10,9,free_flow_time,1.9456306366083114
472,3,1,8,"[3, 30, 51, 42, 28, 40, 1]",7,6,free_flow_time,1.9881485639716145
473,3,1,9,"[3, 30, 42, 31, 60, 51, 50, 40, 1]",9,8,free_flow_time,1.9887952504535358
474,3,2,0,"[3, 30, 42, 60, 52, 32, 41, 48, 2]",9,8,free_flow_time,1.9301846812486203
475,3,2,1,"[3, 30, 51, 60, 52, 32, 41, 48, 2]",9,8,free_flow_time,1.93483071233205
476,3,2,2,"[3, 30, 42, 60, 52, 32, 41, 64, 48, 2]",10,9,free_flow_time,2.029271201065289
477,3,2,3,"[3, 30, 51, 60, 52, 32, 41, 64, 48, 2]",10,9,free_flow_time,2.0339172321487187
478,3,2,4,"[3, 30, 42, 39, 31, 60, 52, 32, 41, 48, 2]",11,10,free_flow_time,2.0344901717548742
479,3,2,5,"[3, 30, 42, 31, 60, 52, 32, 41, 48, 2]",10,9,free_flow_time,2.0776547856000986
480,3,2,6,"[3, 30, 42, 39, 33, 27, 45, 32, 41, 48, 2]",11,10,free_flow_time,2.1130376717799826
481,3,2,7,"[3, 30, 50, 51, 60, 52, 32, 41, 48, 2]",10,9,free_flow_time,2.1224788066851623
482,3,2,8,"[3, 30, 51, 44, 54, 52, 32, 41, 48, 2]",10,9,free_flow_time,2.1245133034264883
483,3,2,9,"[3, 30, 42, 39, 31, 60, 52, 32, 41, 64, 48, 2]",12,11,free_flow_time,2.133576691571543
484,3,3,0,"[3, 30, 3]",3,2,free_flow_time,0.0011659782548939241
485,3,4,0,"[3, 30, 42, 60, 52, 32, 41, 64, 57, 4]",10,9,free_flow_time,2.0115435357530718
486,3,4,1,"[3, 30, 51, 60, 52, 32, 41, 64, 57, 4]",10,9,free_flow_time,2.0161895668365015
487,3,4,2,"[3, 30, 42, 39, 31, 60, 52, 32, 41, 64, 57, 4]",12,11,free_flow_time,2.1158490262593257
488,3,4,3,"[3, 30, 42, 60, 52, 32, 41, 53, 57, 4]",10,9,free_flow_time,2.1462810280597386
489,3,4,4,"[3, 30, 51, 60, 52, 32, 41, 53, 57, 4]",10,9,free_flow_time,2.1509270591431684
490,3,4,5,"[3, 30, 42, 31, 60, 52, 32, 41, 64, 57, 4]",11,10,free_flow_time,2.15901364010455
491,3,4,6,"[3, 30, 42, 39, 33, 27, 45, 32, 41, 64, 57, 4]",12,11,free_flow_time,2.194396526284434
492,3,4,7,"[3, 30, 50, 51, 60, 52, 32, 41, 64, 57, 4]",11,10,free_flow_time,2.2038376611896138
493,3,4,8,"[3, 30, 51, 44, 54, 52, 32, 41, 64, 57, 4]",11,10,free_flow_time,2.2058721579309397
494,3,4,9,"[3, 30, 42, 60, 52, 32, 41, 48, 57, 4]",10,9,free_flow_time,2.219902178691523
495,3,5,0,"[3, 30, 42, 60, 52, 5]",6,5,free_flow_time,1.114511722490854
496,3,5,1,"[3, 30, 51, 60, 52, 5]",6,5,free_flow_time,1.1191577535742838
497,3,5,2,"[3, 30, 42, 39, 31, 60, 52, 5]",8,7,free_flow_time,1.218817212997108
498,3,5,3,"[3, 30, 42, 31, 60, 52, 5]",7,6,free_flow_time,1.2619818268423324
499,3,5,4,"[3, 30, 50, 51, 60, 52, 5]",7,6,free_flow_time,1.306805847927396
500,3,5,5,"[3, 30, 51, 44, 54, 52, 5]",7,6,free_flow_time,1.308840344668722
501,3,5,6,"[3, 30, 42, 51, 60, 52, 5]",7,6,free_flow_time,1.379213249987804
502,3,5,7,"[3, 30, 42, 39, 33, 60, 52, 5]",8,7,free_flow_time,1.4011342638968685
503,3,5,8,"[3, 30, 42, 39, 31, 33, 60, 52, 5]",9,8,free_flow_time,1.4493832186533215
504,3,5,9,"[3, 30, 42, 39, 33, 52, 5]",7,6,free_flow_time,1.4633829626266737
505,3,6,0,"[3, 30, 51, 44, 49, 43, 36, 46, 65, 6]",10,9,free_flow_time,1.6955721290399814
506,3,6,1,"[3, 30, 51, 44, 54, 43, 36, 46, 65, 6]",10,9,free_flow_time,1.7022205968188313
507,3,6,2,"[3, 30, 51, 44, 49, 43, 36, 61, 46, 65, 6]",11,10,free_flow_time,1.7036334805312179
508,3,6,3,"[3, 30, 51, 44, 54, 43, 36, 61, 46, 65, 6]",11,10,free_flow_time,1.7102819483100677
509,3,6,4,"[3, 30, 51, 44, 49, 43, 61, 46, 65, 6]",10,9,free_flow_time,1.7199409936927275
510,3,6,5,"[3, 30, 51, 44, 54, 43, 61, 46, 65, 6]",10,9,free_flow_time,1.7265894614715775
511,3,6,6,"[3, 30, 51, 44, 49, 43, 36, 46, 59, 65, 6]",11,10,free_flow_time,1.7933268855330284
512,3,6,7,"[3, 30, 51, 44, 54, 43, 36, 46, 59, 65, 6]",11,10,free_flow_time,1.799975353311878
513,3,6,8,"[3, 30, 51, 44, 49, 43, 36, 61, 46, 59, 65, 6]",12,11,free_flow_time,1.8013882370242646
514,3,6,9,"[3, 30, 51, 44, 54, 43, 36, 61, 46, 59, 65, 6]",12,11,free_flow_time,1.8080367048031147
515,3,7,0,"[3, 30, 51, 7]",4,3,free_flow_time,0.5342534186490762
516,3,7,1,"[3, 30, 50, 51, 7]",5,4,free_flow_time,0.7219015130021882
517,3,7,2,"[3, 30, 42, 51, 7]",5,4,free_flow_time,0.7943089150625964
518,3,7,3,"[3, 30, 40, 50, 51, 7]",6,5,free_flow_time,1.006910946812593
519,3,7,4,"[3, 30, 42, 60, 51, 7]",6,5,free_flow_time,1.0227116930783755
520,3,7,5,"[3, 30, 42, 39, 31, 60, 51, 7]",8,7,free_flow_time,1.1270171835846294
521,3,7,6,"[3, 30, 42, 31, 60, 51, 7]",7,6,free_flow_time,1.1701817974298538
522,3,7,7,"[3, 30, 42, 39, 33, 60, 51, 7]",8,7,free_flow_time,1.30933423448439
523,3,7,8,"[3, 30, 42, 39, 31, 33, 60, 51, 7]",9,8,free_flow_time,1.357583189240843
524,3,7,9,"[3, 30, 42, 31, 33, 60, 51, 7]",8,7,free_flow_time,1.4007478030860674
525,3,8,0,"[3, 30, 42, 39, 33, 29, 8]",7,6,free_flow_time,1.1357270020735097
526,3,8,1,"[3, 30, 42, 39, 29, 8]",6,5,free_flow_time,1.1563361699038812
527,3,8,2,"[3, 30, 42, 39, 31, 33, 29, 8]",8,7,free_flow_time,1.1839759568299626
528,3,8,3,"[3, 30, 42, 31, 33, 29, 8]",7,6,free_flow_time,1.227140570675187
529,3,8,4,"[3, 30, 42, 29, 8]",5,4,free_flow_time,1.2600431417441522
530,3,8,5,"[3, 30, 42, 31, 39, 33, 29, 8]",8,7,free_flow_time,1.2692886945402124
531,3,8,6,"[3, 30, 42, 31, 39, 29, 8]",7,6,free_flow_time,1.2898978623705841
532,3,8,7,"[3, 30, 42, 60, 33, 29, 8]",7,6,free_flow_time,1.4834228658126964
533,3,8,8,"[3, 30, 51, 60, 33, 29, 8]",7,6,free_flow_time,1.4880688968961264
534,3,8,9,"[3, 30, 42, 39, 33, 27, 29, 8]",8,7,free_flow_time,1.560692755839867
535,3,9,0,"[3, 30, 51, 44, 49, 9]",6,5,free_flow_time,0.9146103839763907
536,3,9,1,"[3, 30, 51, 44, 54, 49, 9]",7,6,free_flow_time,1.0751483928462202
537,3,9,2,"[3, 30, 50, 51, 44, 49, 9]",7,6,free_flow_time,1.1022584783295026
538,3,9,3,"[3, 30, 42, 51, 44, 49, 9]",7,6,free_flow_time,1.1746658803899108
539,3,9,4,"[3, 30, 50, 51, 44, 54, 49, 9]",8,7,free_flow_time,1.2627964871993322
540,3,9,5,"[3, 30, 50, 44, 49, 9]",6,5,free_flow_time,1.2834999565750436
541,3,9,6,"[3, 30, 51, 50, 44, 49, 9]",7,6,free_flow_time,1.328911386082056
542,3,9,7,"[3, 30, 42, 51, 44, 54, 49, 9]",8,7,free_flow_time,1.3352038892597404
543,3,9,8,"[3, 30, 40, 50, 51, 44, 49, 9]",8,7,free_flow_time,1.3872679121399074
544,3,9,9,"[3, 30, 42, 60, 51, 44, 49, 9]",8,7,free_flow_time,1.40306865840569
545,3,10,0,"[3, 30, 42, 39, 33, 29, 10]",7,6,free_flow_time,1.136914377252801
546,3,10,1,"[3, 30, 42, 39, 29, 10]",6,5,free_flow_time,1.1575235450831725
547,3,10,2,"[3, 30, 42, 39, 31, 33, 29, 10]",8,7,free_flow_time,1.1851633320092538
548,3,10,3,"[3, 30, 42, 31, 33, 29, 10]",7,6,free_flow_time,1.2283279458544782
549,3,10,4,"[3, 30, 42, 29, 10]",5,4,free_flow_time,1.2612305169234435
550,3,10,5,"[3, 30, 42, 31, 39, 33, 29, 10]",8,7,free_flow_time,1.2704760697195037
551,3,10,6,"[3, 30, 42, 31, 39, 29, 10]",7,6,free_flow_time,1.2910852375498754
552,3,10,7,"[3, 30, 42, 60, 33, 29, 10]",7,6,free_flow_time,1.4846102409919877
553,3,10,8,"[3, 30, 51, 60, 33, 29, 10]",7,6,free_flow_time,1.4892562720754177
554,3,10,9,"[3, 30, 42, 39, 33, 27, 29, 10]",8,7,free_flow_time,1.5618801310191583
555,3,11,0,"[3, 30, 40, 11]",4,3,free_flow_time,0.1889975432867777
556,3,11,1,"[3, 30, 50, 40, 11]",5,4,free_flow_time,1.3069238539750867
557,3,11,2,"[3, 30, 28, 40, 11]",5,4,free_flow_time,1.3215204436189585
558,3,11,3,"[3, 30, 51, 50, 40, 11]",6,5,free_flow_time,1.3523352834820992
559,3,11,4,"[3, 30, 42, 28, 40, 11]",6,5,free_flow_time,1.5455835062689796
560,3,11,5,"[3, 30, 42, 51, 50, 40, 11]",7,6,free_flow_time,1.6123907798956194
561,3,11,6,"[3, 30, 42, 60, 51, 50, 40, 11]",8,7,free_flow_time,1.8407935579113985
562,3,11,7,"[3, 30, 42, 39, 31, 60, 51, 50, 40, 11]",10,9,free_flow_time,1.9450990484176525
563,3,11,8,"[3, 30, 51, 42, 28, 40, 11]",7,6,free_flow_time,1.9876169757809556
564,3,11,9,"[3, 30, 42, 31, 60, 51, 50, 40, 11]",9,8,free_flow_time,1.9882636622628769
565,3,12,0,"[3, 30, 51, 44, 49, 43, 12]",7,6,free_flow_time,1.1745088990124526
566,3,12,1,"[3, 30, 51, 44, 54, 43, 12]",7,6,free_flow_time,1.1811573667913025
567,3,12,2,"[3, 30, 51, 44, 54, 49, 43, 12]",8,7,free_flow_time,1.3350469078822822
568,3,12,3,"[3, 30, 50, 51, 44, 49, 43, 12]",8,7,free_flow_time,1.3621569933655646
569,3,12,4,"[3, 30, 50, 51, 44, 54, 43, 12]",8,7,free_flow_time,1.3688054611444145
570,3,12,5,"[3, 30, 51, 44, 49, 54, 43, 12]",8,7,free_flow_time,1.4179966973501092
571,3,12,6,"[3, 30, 42, 51, 44, 49, 43, 12]",8,7,free_flow_time,1.4345643954259728
572,3,12,7,"[3, 30, 42, 51, 44, 54, 43, 12]",8,7,free_flow_time,1.4412128632048227
573,3,12,8,"[3, 30, 50, 51, 44, 54, 49, 43, 12]",9,8,free_flow_time,1.5226950022353942
574,3,12,9,"[3, 30, 50, 44, 49, 43, 12]",7,6,free_flow_time,1.5433984716111055
575,3,13,0,"[3, 30, 42, 39, 33, 27, 45, 13]",8,7,free_flow_time,1.5523375616694013
576,3,13,1,"[3, 30, 42, 39, 31, 33, 27, 45, 13]",9,8,free_flow_time,1.6005865164258544
577,3,13,2,"[3, 30, 42, 31, 33, 27, 45, 13]",8,7,free_flow_time,1.6437511302710788
578,3,13,3,"[3, 30, 42, 31, 39, 33, 27, 45, 13]",9,8,free_flow_time,1.6858992541361042
579,3,13,4,"[3, 30, 42, 60, 52, 32, 45, 13]",8,7,free_flow_time,1.7124922404594758
580,3,13,5,"[3, 30, 51, 60, 52, 32, 45, 13]",8,7,free_flow_time,1.7171382715429055
581,3,13,6,"[3, 30, 42, 39, 31, 60, 52, 32, 45, 13]",10,9,free_flow_time,1.8167977309657297
582,3,13,7,"[3, 30, 42, 31, 60, 52, 32, 45, 13]",9,8,free_flow_time,1.8599623448109541
583,3,13,8,"[3, 30, 42, 39, 33, 29, 27, 45, 13]",9,8,free_flow_time,1.88576074930723
584,3,13,9,"[3, 30, 42, 60, 33, 27, 45, 13]",8,7,free_flow_time,1.9000334254085884
585,3,14,0,"[3, 30, 42, 39, 33, 29, 14]",7,6,free_flow_time,1.1359381916157736
586,3,14,1,"[3, 30, 42, 39, 29, 14]",6,5,free_flow_time,1.156547359446145
587,3,14,2,"[3, 30, 42, 39, 31, 33, 29, 14]",8,7,free_flow_time,1.1841871463722264
588,3,14,3,"[3, 30, 42, 31, 33, 29, 14]",7,6,free_flow_time,1.2273517602174508
589,3,14,4,"[3, 30, 42, 29, 14]",5,4,free_flow_time,1.260254331286416
590,3,14,5,"[3, 30, 42, 31, 39, 33, 29, 14]",8,7,free_flow_time,1.2694998840824763
591,3,14,6,"[3, 30, 42, 31, 39, 29, 14]",7,6,free_flow_time,1.290109051912848
592,3,14,7,"[3, 30, 42, 60, 33, 29, 14]",7,6,free_flow_time,1.4836340553549603
593,3,14,8,"[3, 30, 51, 60, 33, 29, 14]",7,6,free_flow_time,1.4882800864383903
594,3,14,9,"[3, 30, 42, 39, 33, 27, 29, 14]",8,7,free_flow_time,1.560903945382131
595,3,15,0,"[3, 30, 15]",3,2,free_flow_time,0.0007826353718980149
596,3,16,0,"[3, 30, 40, 16]",4,3,free_flow_time,0.18894190404123817
597,3,16,1,"[3, 30, 50, 40, 16]",5,4,free_flow_time,1.3068682147295472
598,3,16,2,"[3, 30, 28, 40, 16]",5,4,free_flow_time,1.321464804373419
599,3,16,3,"[3, 30, 51, 50, 40, 16]",6,5,free_flow_time,1.3522796442365597
600,3,16,4,"[3, 30, 42, 28, 40, 16]",6,5,free_flow_time,1.54552786702344
601,3,16,5,"[3, 30, 42, 51, 50, 40, 16]",7,6,free_flow_time,1.6123351406500799
602,3,16,6,"[3, 30, 42, 60, 51, 50, 40, 16]",8,7,free_flow_time,1.840737918665859
603,3,16,7,"[3, 30, 42, 39, 31, 60, 51, 50, 40, 16]",10,9,free_flow_time,1.945043409172113
604,3,16,8,"[3, 30, 51, 42, 28, 40, 16]",7,6,free_flow_time,1.9875613365354161
605,3,16,9,"[3, 30, 42, 31, 60, 51, 50, 40, 16]",9,8,free_flow_time,1.9882080230173373
606,3,17,0,"[3, 30, 51, 44, 49, 62, 17]",7,6,free_flow_time,1.4255343737287642
607,3,17,1,"[3, 30, 51, 44, 49, 47, 62, 17]",8,7,free_flow_time,1.5777885244055112
608,3,17,2,"[3, 30, 51, 44, 54, 49, 62, 17]",8,7,free_flow_time,1.5860723825985938
609,3,17,3,"[3, 30, 50, 51, 44, 49, 62, 17]",8,7,free_flow_time,1.6131824680818765
610,3,17,4,"[3, 30, 42, 51, 44, 49, 62, 17]",8,7,free_flow_time,1.6855898701422847
611,3,17,5,"[3, 30, 51, 44, 54, 49, 47, 62, 17]",9,8,free_flow_time,1.7383265332753408
612,3,17,6,"[3, 30, 51, 44, 35, 47, 62, 17]",8,7,free_flow_time,1.7569295383969017
613,3,17,7,"[3, 30, 50, 51, 44, 49, 47, 62, 17]",9,8,free_flow_time,1.7654366187586232
614,3,17,8,"[3, 30, 50, 51, 44, 54, 49, 62, 17]",9,8,free_flow_time,1.773720476951706
615,3,17,9,"[3, 30, 51, 44, 49, 43, 36, 62, 17]",9,8,free_flow_time,1.7902766885252128
616,3,18,0,"[3, 30, 51, 18]",4,3,free_flow_time,0.5343992256305408
617,3,18,1,"[3, 30, 50, 51, 18]",5,4,free_flow_time,0.7220473199836528
618,3,18,2,"[3, 30, 42, 51, 18]",5,4,free_flow_time,0.794454722044061
619,3,18,3,"[3, 30, 40, 50, 51, 18]",6,5,free_flow_time,1.0070567537940576
620,3,18,4,"[3, 30, 42, 60, 51, 18]",6,5,free_flow_time,1.02285750005984
621,3,18,5,"[3, 30, 42, 39, 31, 60, 51, 18]",8,7,free_flow_time,1.127162990566094
622,3,18,6,"[3, 30, 42, 31, 60, 51, 18]",7,6,free_flow_time,1.1703276044113184
623,3,18,7,"[3, 30, 42, 39, 33, 60, 51, 18]",8,7,free_flow_time,1.3094800414658545
624,3,18,8,"[3, 30, 42, 39, 31, 33, 60, 51, 18]",9,8,free_flow_time,1.3577289962223076
625,3,18,9,"[3, 30, 42, 31, 33, 60, 51, 18]",8,7,free_flow_time,1.400893610067532
626,3,19,0,"[3, 30, 51, 44, 49, 43, 36, 46, 65, 19]",10,9,free_flow_time,1.6953464734967767
627,3,19,1,"[3, 30, 51, 44, 54, 43, 36, 46, 65, 19]",10,9,free_flow_time,1.7019949412756266
628,3,19,2,"[3, 30, 51, 44, 49, 43, 36, 61, 46, 65, 19]",11,10,free_flow_time,1.7034078249880131
629,3,19,3,"[3, 30, 51, 44, 54, 43, 36, 61, 46, 65, 19]",11,10,free_flow_time,1.710056292766863
630,3,19,4,"[3, 30, 51, 44, 49, 43, 61, 46, 65, 19]",10,9,free_flow_time,1.7197153381495227
631,3,19,5,"[3, 30, 51, 44, 54, 43, 61, 46, 65, 19]",10,9,free_flow_time,1.7263638059283728
632,3,19,6,"[3, 30, 51, 44, 49, 43, 36, 46, 59, 65, 19]",11,10,free_flow_time,1.7931012299898237
633,3,19,7,"[3, 30, 51, 44, 54, 43, 36, 46, 59, 65, 19]",11,10,free_flow_time,1.7997496977686733
634,3,19,8,"[3, 30, 51, 44, 49, 43, 36, 61, 46, 59, 65, 19]",12,11,free_flow_time,1.80116258148106
635,3,19,9,"[3, 30, 51, 44, 54, 43, 36, 61, 46, 59, 65, 19]",12,11,free_flow_time,1.80781104925991
636,3,20,0,"[3, 30, 42, 39, 33, 29, 20]",7,6,free_flow_time,1.1363466116686776
637,3,20,1,"[3, 30, 42, 39, 29, 20]",6,5,free_flow_time,1.156955779499049
638,3,20,2,"[3, 30, 42, 39, 31, 33, 29, 20]",8,7,free_flow_time,1.1845955664251304
639,3,20,3,"[3, 30, 42, 31, 33, 29, 20]",7,6,free_flow_time,1.2277601802703548
640,3,20,4,"[3, 30, 42, 29, 20]",5,4,free_flow_time,1.26066275133932
641,3,20,5,"[3, 30, 42, 31, 39, 33, 29, 20]",8,7,free_flow_time,1.2699083041353803
642,3,20,6,"[3, 30, 42, 31, 39, 29, 20]",7,6,free_flow_time,1.290517471965752
643,3,20,7,"[3, 30, 42, 60, 33, 29, 20]",7,6,free_flow_time,1.4840424754078643
644,3,20,8,"[3, 30, 51, 60, 33, 29, 20]",7,6,free_flow_time,1.4886885064912943
645,3,20,9,"[3, 30, 42, 39, 33, 27, 29, 20]",8,7,free_flow_time,1.561312365435035
646,3,21,0,"[3, 30, 42, 39, 21]",5,4,free_flow_time,0.550226633479255
647,3,21,1,"[3, 30, 42, 31, 39, 21]",6,5,free_flow_time,0.6837883259459578
648,3,21,2,"[3, 30, 51, 42, 39, 21]",6,5,free_flow_time,0.9922601029912311
649,3,21,3,"[3, 30, 42, 31, 33, 39, 21]",7,6,free_flow_time,1.0318885575833907
650,3,21,4,"[3, 30, 42, 60, 31, 39, 21]",7,6,free_flow_time,1.1058538018211395
651,3,21,5,"[3, 30, 51, 60, 31, 39, 21]",7,6,free_flow_time,1.1104998329045694
652,3,21,6,"[3, 30, 51, 42, 31, 39, 21]",7,6,free_flow_time,1.1258217954579341
653,3,21,7,"[3, 30, 50, 51, 42, 39, 21]",7,6,free_flow_time,1.1799081973443433
654,3,21,8,"[3, 30, 51, 60, 42, 39, 21]",7,6,free_flow_time,1.2206628810070104
655,3,21,9,"[3, 30, 42, 60, 33, 39, 21]",7,6,free_flow_time,1.2881708527209
656,3,22,0,"[3, 30, 42, 39, 33, 22]",6,5,free_flow_time,0.7456994263883168
657,3,22,1,"[3, 30, 42, 39, 31, 33, 22]",7,6,free_flow_time,0.7939483811447696
658,3,22,2,"[3, 30, 42, 31, 33, 22]",6,5,free_flow_time,0.8371129949899941
659,3,22,3,"[3, 30, 42, 31, 39, 33, 22]",7,6,free_flow_time,0.8792611188550196
660,3,22,4,"[3, 30, 42, 60, 33, 22]",6,5,free_flow_time,1.0933952901275037
661,3,22,5,"[3, 30, 51, 60, 33, 22]",6,5,free_flow_time,1.0980413212109337
662,3,22,6,"[3, 30, 51, 42, 39, 33, 22]",7,6,free_flow_time,1.187732895900293
663,3,22,7,"[3, 30, 42, 39, 31, 60, 33, 22]",8,7,free_flow_time,1.1977007806337576
664,3,22,8,"[3, 30, 51, 42, 39, 31, 33, 22]",8,7,free_flow_time,1.235981850656746
665,3,22,9,"[3, 30, 42, 31, 60, 33, 22]",7,6,free_flow_time,1.240865394478982
666,3,23,0,"[3, 30, 51, 44, 49, 43, 23]",7,6,free_flow_time,1.1736010659915184
667,3,23,1,"[3, 30, 51, 44, 54, 43, 23]",7,6,free_flow_time,1.1802495337703682
668,3,23,2,"[3, 30, 51, 44, 54, 49, 43, 23]",8,7,free_flow_time,1.334139074861348
669,3,23,3,"[3, 30, 50, 51, 44, 49, 43, 23]",8,7,free_flow_time,1.3612491603446304
670,3,23,4,"[3, 30, 50, 51, 44, 54, 43, 23]",8,7,free_flow_time,1.3678976281234803
671,3,23,5,"[3, 30, 51, 44, 49, 54, 43, 23]",8,7,free_flow_time,1.417088864329175
672,3,23,6,"[3, 30, 42, 51, 44, 49, 43, 23]",8,7,free_flow_time,1.4336565624050386
673,3,23,7,"[3, 30, 42, 51, 44, 54, 43, 23]",8,7,free_flow_time,1.4403050301838884
674,3,23,8,"[3, 30, 50, 51, 44, 54, 49, 43, 23]",9,8,free_flow_time,1.52178716921446
675,3,23,9,"[3, 30, 50, 44, 49, 43, 23]",7,6,free_flow_time,1.5424906385901713
676,3,24,0,"[3, 30, 51, 44, 49, 43, 36, 46, 56, 24]",10,9,free_flow_time,1.8006815093626165
677,3,24,1,"[3, 30, 51, 44, 54, 43, 36, 46, 56, 24]",10,9,free_flow_time,1.8073299771414664
678,3,24,2,"[3, 30, 51, 44, 49, 43, 36, 61, 46, 56, 24]",11,10,free_flow_time,1.808742860853853
679,3,24,3,"[3, 30, 51, 44, 54, 43, 36, 61, 46, 56, 24]",11,10,free_flow_time,1.8153913286327028
680,3,24,4,"[3, 30, 51, 44, 49, 43, 61, 46, 56, 24]",10,9,free_flow_time,1.8250503740153625
681,3,24,5,"[3, 30, 51, 44, 54, 43, 61, 46, 56, 24]",10,9,free_flow_time,1.8316988417942126
682,3,24,6,"[3, 30, 51, 44, 49, 43, 36, 61, 56, 24]",10,9,free_flow_time,1.8409895115788124
683,3,24,7,"[3, 30, 51, 44, 54, 43, 36, 61, 56, 24]",10,9,free_flow_time,1.8476379793576625
684,3,24,8,"[3, 30, 51, 44, 49, 43, 61, 56, 24]",9,8,free_flow_time,1.857297024740322
685,3,24,9,"[3, 30, 51, 44, 54, 43, 61, 56, 24]",9,8,free_flow_time,1.863945492519172
686,3,25,0,"[3, 30, 51, 44, 35, 25]",6,5,free_flow_time,1.2222169143643058
687,3,25,1,"[3, 30, 50, 34, 35, 25]",6,5,free_flow_time,1.3564185686681753
688,3,25,2,"[3, 30, 51, 50, 34, 35, 25]",7,6,free_flow_time,1.4018299981751878
689,3,25,3,"[3, 30, 50, 51, 44, 35, 25]",7,6,free_flow_time,1.4098650087174178
690,3,25,4,"[3, 30, 42, 51, 44, 35, 25]",7,6,free_flow_time,1.482272410777826
691,3,25,5,"[3, 30, 51, 44, 49, 47, 35, 25]",8,7,free_flow_time,1.5819885477131175
692,3,25,6,"[3, 30, 50, 44, 35, 25]",6,5,free_flow_time,1.5911064869629588
693,3,25,7,"[3, 30, 51, 50, 44, 35, 25]",7,6,free_flow_time,1.6365179164699712
694,3,25,8,"[3, 30, 40, 50, 34, 35, 25]",7,6,free_flow_time,1.6414280024785801
695,3,25,9,"[3, 30, 51, 44, 34, 35, 25]",7,6,free_flow_time,1.6551233068429123
696,4,1,0,"[4, 57, 64, 41, 32, 52, 60, 42, 30, 40, 1]",11,10,free_flow_time,2.1999066889756147
697,4,1,1,"[4, 57, 64, 41, 32, 52, 60, 51, 30, 40, 1]",11,10,free_flow_time,2.2045527200590445
698,4,1,2,"[4, 57, 64, 41, 32, 52, 60, 51, 50, 40, 1]",11,10,free_flow_time,2.3015301066974807
699,4,1,3,"[4, 57, 64, 41, 32, 52, 60, 31, 39, 42, 30, 40, 1]",13,12,free_flow_time,2.3042121794818686
700,4,1,4,"[4, 57, 53, 41, 32, 52, 60, 42, 30, 40, 1]",11,10,free_flow_time,2.3346441812822816
701,4,1,5,"[4, 57, 53, 41, 32, 52, 60, 51, 30, 40, 1]",11,10,free_flow_time,2.3392902123657113
702,4,1,6,"[4, 57, 64, 41, 32, 52, 60, 31, 42, 30, 40, 1]",12,11,free_flow_time,2.347376793327093
703,4,1,7,"[4, 57, 64, 41, 32, 45, 27, 33, 39, 42, 30, 40, 1]",13,12,free_flow_time,2.3827596795069774
704,4,1,8,"[4, 57, 64, 41, 32, 52, 60, 51, 50, 30, 40, 1]",12,11,free_flow_time,2.3922008144121563
705,4,1,9,"[4, 57, 64, 41, 32, 52, 54, 44, 51, 30, 40, 1]",12,11,free_flow_time,2.3942353111534826
706,4,2,0,"[4, 57, 48, 2]",4,3,free_flow_time,0.29142965188593306
707,4,2,1,"[4, 57, 64, 48, 2]",5,4,free_flow_time,0.3636880784780453
708,4,2,2,"[4, 57, 64, 41, 48, 2]",6,5,free_flow_time,0.7324596654647374
709,4,2,3,"[4, 57, 53, 64, 48, 2]",6,5,free_flow_time,0.7645116625122396
710,4,2,4,"[4, 57, 26, 48, 2]",5,4,free_flow_time,0.8435059755538462
711,4,2,5,"[4, 57, 53, 41, 48, 2]",6,5,free_flow_time,0.8671971577714043
712,4,2,6,"[4, 57, 53, 41, 64, 48, 2]",7,6,free_flow_time,0.9662836775880727
713,4,2,7,"[4, 57, 64, 53, 41, 48, 2]",7,6,free_flow_time,1.0591574872509546
714,4,2,8,"[4, 57, 53, 64, 41, 48, 2]",7,6,free_flow_time,1.1332832494989318
715,4,2,9,"[4, 57, 53, 63, 41, 48, 2]",7,6,free_flow_time,1.167352348806809
716,4,3,0,"[4, 57, 64, 41, 32, 52, 60, 42, 30, 3]",10,9,free_flow_time,2.0115435357530718
717,4,3,1,"[4, 57, 64, 41, 32, 52, 60, 51, 30, 3]",10,9,free_flow_time,2.0161895668365015
718,4,3,2,"[4, 57, 64, 41, 32, 52, 60, 31, 39, 42, 30, 3]",12,11,free_flow_time,2.1158490262593257
719,4,3,3,"[4, 57, 53, 41, 32, 52, 60, 42, 30, 3]",10,9,free_flow_time,2.1462810280597386
720,4,3,4,"[4, 57, 53, 41, 32, 52, 60, 51, 30, 3]",10,9,free_flow_time,2.1509270591431684
721,4,3,5,"[4, 57, 64, 41, 32, 52, 60, 31, 42, 30, 3]",11,10,free_flow_time,2.15901364010455
722,4,3,6,"[4, 57, 64, 41, 32, 45, 27, 33, 39, 42, 30, 3]",12,11,free_flow_time,2.1943965262844345
723,4,3,7,"[4, 57, 64, 41, 32, 52, 60, 51, 50, 30, 3]",11,10,free_flow_time,2.2038376611896133
724,4,3,8,"[4, 57, 64, 41, 32, 52, 54, 44, 51, 30, 3]",11,10,free_flow_time,2.2058721579309397
725,4,3,9,"[4, 57, 48, 41, 32, 52, 60, 42, 30, 3]",10,9,free_flow_time,2.219902178691523
726,4,4,0,"[4, 57, 4]",3,2,free_flow_time,0.0030037142447511727
727,4,5,0,"[4, 57, 64, 41, 32, 52, 5]",7,6,free_flow_time,0.8975904595726348
728,4,5,1,"[4, 57, 53, 41, 32, 52, 5]",7,6,free_flow_time,1.0323279518793018
729,4,5,2,"[4, 57, 48, 41, 32, 52, 5]",7,6,free_flow_time,1.1059491025110864
730,4,5,3,"[4, 57, 64, 41, 63, 32, 52, 5]",8,7,free_flow_time,1.1181947387259445
731,4,5,4,"[4, 57, 64, 48, 41, 32, 52, 5]",8,7,free_flow_time,1.1782075291031986
732,4,5,5,"[4, 57, 48, 64, 41, 32, 52, 5]",8,7,free_flow_time,1.2050356223277547
733,4,5,6,"[4, 57, 64, 53, 41, 32, 52, 5]",8,7,free_flow_time,1.224288281358852
734,4,5,7,"[4, 57, 53, 41, 63, 32, 52, 5]",8,7,free_flow_time,1.2529322310326114
735,4,5,8,"[4, 57, 53, 64, 41, 32, 52, 5]",8,7,free_flow_time,1.2984140436068292
736,4,5,9,"[4, 57, 64, 41, 63, 45, 32, 52, 5]",9,8,free_flow_time,1.3208725229577616
737,4,6,0,"[4, 57, 59, 65, 6]",5,4,free_flow_time,1.1051422843441945
738,4,6,1,"[4, 57, 56, 59, 65, 6]",6,5,free_flow_time,1.1072804083776957
739,4,6,2,"[4, 57, 56, 46, 65, 6]",6,5,free_flow_time,1.1291945752548977
740,4,6,3,"[4, 57, 56, 46, 59, 65, 6]",7,6,free_flow_time,1.2269493317479447
741,4,6,4,"[4, 57, 48, 26, 56, 59, 65, 6]",8,7,free_flow_time,1.367128489301036
742,4,6,5,"[4, 57, 48, 26, 56, 46, 65, 6]",8,7,free_flow_time,1.3890426561782383
743,4,6,6,"[4, 57, 64, 48, 26, 56, 59, 65, 6]",9,8,free_flow_time,1.4393869158931485
744,4,6,7,"[4, 57, 56, 61, 46, 65, 6]",7,6,free_flow_time,1.4496294125724394
745,4,6,8,"[4, 57, 59, 46, 65, 6]",6,5,free_flow_time,1.4520917856082478
746,4,6,9,"[4, 57, 56, 59, 46, 65, 6]",7,6,free_flow_time,1.454229909641749
747,4,7,0,"[4, 57, 64, 41, 32, 52, 60, 51, 7]",9,8,free_flow_time,1.4829166536737985
748,4,7,1,"[4, 57, 53, 41, 32, 52, 60, 51, 7]",9,8,free_flow_time,1.6176541459804654
749,4,7,2,"[4, 57, 64, 41, 32, 52, 54, 44, 51, 7]",10,9,free_flow_time,1.6725992447682367
750,4,7,3,"[4, 57, 48, 41, 32, 52, 60, 51, 7]",9,8,free_flow_time,1.69127529661225
751,4,7,4,"[4, 57, 64, 41, 63, 32, 52, 60, 51, 7]",10,9,free_flow_time,1.7035209328271081
752,4,7,5,"[4, 57, 64, 48, 41, 32, 52, 60, 51, 7]",10,9,free_flow_time,1.7635337232043622
753,4,7,6,"[4, 57, 48, 64, 41, 32, 52, 60, 51, 7]",10,9,free_flow_time,1.7903618164289183
754,4,7,7,"[4, 57, 53, 41, 32, 52, 54, 44, 51, 7]",10,9,free_flow_time,1.8073367370749036
755,4,7,8,"[4, 57, 64, 53, 41, 32, 52, 60, 51, 7]",10,9,free_flow_time,1.8096144754600156
756,4,7,9,"[4, 57, 53, 41, 63, 32, 52, 60, 51, 7]",10,9,free_flow_time,1.838258425133775
757,4,8,0,"[4, 57, 64, 41, 32, 45, 27, 29, 8]",9,8,free_flow_time,1.392877939916845
758,4,8,1,"[4, 57, 64, 41, 63, 45, 27, 29, 8]",9,8,free_flow_time,1.4731523339805346
759,4,8,2,"[4, 57, 53, 41, 32, 45, 27, 29, 8]",9,8,free_flow_time,1.5276154322235118
760,4,8,3,"[4, 57, 53, 45, 27, 29, 8]",7,6,free_flow_time,1.536887072240275
761,4,8,4,"[4, 57, 53, 58, 37, 27, 29, 8]",8,7,free_flow_time,1.5743067687334935
762,4,8,5,"[4, 57, 64, 41, 32, 63, 45, 27, 29, 8]",10,9,free_flow_time,1.5930625743371465
763,4,8,6,"[4, 57, 48, 41, 32, 45, 27, 29, 8]",9,8,free_flow_time,1.6012365828552964
764,4,8,7,"[4, 57, 53, 41, 63, 45, 27, 29, 8]",9,8,free_flow_time,1.6078898262872015
765,4,8,8,"[4, 57, 64, 41, 63, 32, 45, 27, 29, 8]",10,9,free_flow_time,1.6134822190701545
766,4,8,9,"[4, 57, 53, 58, 27, 29, 8]",7,6,free_flow_time,1.6332620117297165
767,4,9,0,"[4, 57, 64, 41, 32, 52, 54, 44, 49, 9]",10,9,free_flow_time,1.5007326722531853
768,4,9,1,"[4, 57, 56, 46, 36, 43, 49, 9]",8,7,free_flow_time,1.5295787542284314
769,4,9,2,"[4, 57, 64, 41, 32, 52, 54, 49, 9]",9,8,free_flow_time,1.529829742618701
770,4,9,3,"[4, 57, 56, 46, 61, 36, 43, 49, 9]",9,8,free_flow_time,1.5376401057196678
771,4,9,4,"[4, 57, 56, 46, 61, 43, 49, 9]",8,7,free_flow_time,1.5539476188811774
772,4,9,5,"[4, 57, 56, 61, 36, 43, 49, 9]",8,7,free_flow_time,1.5698867564446273
773,4,9,6,"[4, 57, 56, 61, 43, 49, 9]",7,6,free_flow_time,1.5861942696061369
774,4,9,7,"[4, 57, 48, 26, 55, 43, 49, 9]",8,7,free_flow_time,1.6048109515966942
775,4,9,8,"[4, 57, 56, 55, 43, 49, 9]",7,6,free_flow_time,1.611596748057807
776,4,9,9,"[4, 57, 53, 41, 32, 52, 54, 44, 49, 9]",10,9,free_flow_time,1.6354701645598522
777,4,10,0,"[4, 57, 64, 41, 32, 45, 27, 29, 10]",9,8,free_flow_time,1.3940653150961362
778,4,10,1,"[4, 57, 64, 41, 63, 45, 27, 29, 10]",9,8,free_flow_time,1.4743397091598258
779,4,10,2,"[4, 57, 53, 41, 32, 45, 27, 29, 10]",9,8,free_flow_time,1.528802807402803
780,4,10,3,"[4, 57, 53, 45, 27, 29, 10]",7,6,free_flow_time,1.5380744474195662
781,4,10,4,"[4, 57, 53, 58, 37, 27, 29, 10]",8,7,free_flow_time,1.5754941439127848
782,4,10,5,"[4, 57, 64, 41, 32, 63, 45, 27, 29, 10]",10,9,free_flow_time,1.5942499495164377
783,4,10,6,"[4, 57, 48, 41, 32, 45, 27, 29, 10]",9,8,free_flow_time,1.6024239580345876
784,4,10,7,"[4, 57, 53, 41, 63, 45, 27, 29, 10]",9,8,free_flow_time,1.6090772014664927
785,4,10,8,"[4, 57, 64, 41, 63, 32, 45, 27, 29, 10]",10,9,free_flow_time,1.6146695942494458
786,4,10,9,"[4, 57, 53, 58, 27, 29, 10]",7,6,free_flow_time,1.6344493869090078
787,4,11,0,"[4, 57, 64, 41, 32, 52, 60, 42, 30, 40, 11]",11,10,free_flow_time,2.1993751007849554
788,4,11,1,"[4, 57, 64, 41, 32, 52, 60, 51, 30, 40, 11]",11,10,free_flow_time,2.204021131868385
789,4,11,2,"[4, 57, 64, 41, 32, 52, 60, 51, 50, 40, 11]",11,10,free_flow_time,2.3009985185068214
790,4,11,3,"[4, 57, 64, 41, 32, 52, 60, 31, 39, 42, 30, 40, 11]",13,12,free_flow_time,2.3036805912912093
791,4,11,4,"[4, 57, 53, 41, 32, 52, 60, 42, 30, 40, 11]",11,10,free_flow_time,2.3341125930916222
792,4,11,5,"[4, 57, 53, 41, 32, 52, 60, 51, 30, 40, 11]",11,10,free_flow_time,2.338758624175052
793,4,11,6,"[4, 57, 64, 41, 32, 52, 60, 31, 42, 30, 40, 11]",12,11,free_flow_time,2.3468452051364337
794,4,11,7,"[4, 57, 64, 41, 32, 45, 27, 33, 39, 42, 30, 40, 11]",13,12,free_flow_time,2.382228091316318
795,4,11,8,"[4, 57, 64, 41, 32, 52, 60, 51, 50, 30, 40, 11]",12,11,free_flow_time,2.391669226221497
796,4,11,9,"[4, 57, 64, 41, 32, 52, 54, 44, 51, 30, 40, 11]",12,11,free_flow_time,2.3937037229628233
797,4,12,0,"[4, 57, 56, 46, 36, 43, 12]",7,6,free_flow_time,1.2700955488438936
798,4,12,1,"[4, 57, 56, 46, 61, 36, 43, 12]",8,7,free_flow_time,1.27815690033513
799,4,12,2,"[4, 57, 56, 46, 61, 43, 12]",7,6,free_flow_time,1.2944644134966397
800,4,12,3,"[4, 57, 56, 61, 36, 43, 12]",7,6,free_flow_time,1.3104035510600895
801,4,12,4,"[4, 57, 56, 61, 43, 12]",6,5,free_flow_time,1.3267110642215991
802,4,12,5,"[4, 57, 48, 26, 55, 43, 12]",7,6,free_flow_time,1.3453277462121565
803,4,12,6,"[4, 57, 56, 55, 43, 12]",6,5,free_flow_time,1.3521135426732693
804,4,12,7,"[4, 57, 56, 46, 61, 55, 43, 12]",8,7,free_flow_time,1.3959232618790867
805,4,12,8,"[4, 57, 48, 26, 55, 61, 36, 43, 12]",9,8,free_flow_time,1.4049280658363361
806,4,12,9,"[4, 57, 56, 55, 61, 36, 43, 12]",8,7,free_flow_time,1.411713862297449
807,4,13,0,"[4, 57, 64, 41, 32, 45, 13]",7,6,free_flow_time,0.64292218609807
808,4,13,1,"[4, 57, 64, 41, 63, 45, 13]",7,6,free_flow_time,0.7231965801617597
809,4,13,2,"[4, 57, 53, 41, 32, 45, 13]",7,6,free_flow_time,0.7776596784047368
810,4,13,3,"[4, 57, 53, 45, 13]",5,4,free_flow_time,0.7869313184215
811,4,13,4,"[4, 57, 64, 41, 32, 63, 45, 13]",8,7,free_flow_time,0.8431068205183714
812,4,13,5,"[4, 57, 48, 41, 32, 45, 13]",7,6,free_flow_time,0.8512808290365214
813,4,13,6,"[4, 57, 53, 41, 63, 45, 13]",7,6,free_flow_time,0.8579340724684266
814,4,13,7,"[4, 57, 64, 41, 63, 32, 45, 13]",8,7,free_flow_time,0.8635264652513795
815,4,13,8,"[4, 57, 64, 48, 41, 32, 45, 13]",8,7,free_flow_time,0.9235392556286336
816,4,13,9,"[4, 57, 53, 58, 45, 13]",6,5,free_flow_time,0.9272814879187876
817,4,14,0,"[4, 57, 64, 41, 32, 45, 27, 29, 14]",9,8,free_flow_time,1.3930891294591088
818,4,14,1,"[4, 57, 64, 41, 63, 45, 27, 29, 14]",9,8,free_flow_time,1.4733635235227984
819,4,14,2,"[4, 57, 53, 41, 32, 45, 27, 29, 14]",9,8,free_flow_time,1.5278266217657757
820,4,14,3,"[4, 57, 53, 45, 27, 29, 14]",7,6,free_flow_time,1.5370982617825388
821,4,14,4,"[4, 57, 53, 58, 37, 27, 29, 14]",8,7,free_flow_time,1.5745179582757574
822,4,14,5,"[4, 57, 64, 41, 32, 63, 45, 27, 29, 14]",10,9,free_flow_time,1.5932737638794103
823,4,14,6,"[4, 57, 48, 41, 32, 45, 27, 29, 14]",9,8,free_flow_time,1.6014477723975602
824,4,14,7,"[4, 57, 53, 41, 63, 45, 27, 29, 14]",9,8,free_flow_time,1.6081010158294653
825,4,14,8,"[4, 57, 64, 41, 63, 32, 45, 27, 29, 14]",10,9,free_flow_time,1.6136934086124184
826,4,14,9,"[4, 57, 53, 58, 27, 29, 14]",7,6,free_flow_time,1.6334732012719804
827,4,15,0,"[4, 57, 64, 41, 32, 52, 60, 42, 30, 15]",10,9,free_flow_time,2.0111601928700757
828,4,15,1,"[4, 57, 64, 41, 32, 52, 60, 51, 30, 15]",10,9,free_flow_time,2.0158062239535055
829,4,15,2,"[4, 57, 64, 41, 32, 52, 60, 31, 39, 42, 30, 15]",12,11,free_flow_time,2.1154656833763297
830,4,15,3,"[4, 57, 53, 41, 32, 52, 60, 42, 30, 15]",10,9,free_flow_time,2.1458976851767426
831,4,15,4,"[4, 57, 53, 41, 32, 52, 60, 51, 30, 15]",10,9,free_flow_time,2.1505437162601724
832,4,15,5,"[4, 57, 64, 41, 32, 52, 60, 31, 42, 30, 15]",11,10,free_flow_time,2.158630297221554
833,4,15,6,"[4, 57, 64, 41, 32, 45, 27, 33, 39, 42, 30, 15]",12,11,free_flow_time,2.1940131834014385
834,4,15,7,"[4, 57, 64, 41, 32, 52, 60, 51, 50, 30, 15]",11,10,free_flow_time,2.2034543183066173
835,4,15,8,"[4, 57, 64, 41, 32, 52, 54, 44, 51, 30, 15]",11,10,free_flow_time,2.2054888150479437
836,4,15,9,"[4, 57, 48, 41, 32, 52, 60, 42, 30, 15]",10,9,free_flow_time,2.219518835808527
837,4,16,0,"[4, 57, 64, 41, 32, 52, 60, 42, 30, 40, 16]",11,10,free_flow_time,2.199319461539416
838,4,16,1,"[4, 57, 64, 41, 32, 52, 60, 51, 30, 40, 16]",11,10,free_flow_time,2.203965492622846
839,4,16,2,"[4, 57, 64, 41, 32, 52, 60, 51, 50, 40, 16]",11,10,free_flow_time,2.300942879261282
840,4,16,3,"[4, 57, 64, 41, 32, 52, 60, 31, 39, 42, 30, 40, 16]",13,12,free_flow_time,2.30362495204567
841,4,16,4,"[4, 57, 53, 41, 32, 52, 60, 42, 30, 40, 16]",11,10,free_flow_time,2.334056953846083
842,4,16,5,"[4, 57, 53, 41, 32, 52, 60, 51, 30, 40, 16]",11,10,free_flow_time,2.3387029849295127
843,4,16,6,"[4, 57, 64, 41, 32, 52, 60, 31, 42, 30, 40, 16]",12,11,free_flow_time,2.3467895658908944
844,4,16,7,"[4, 57, 64, 41, 32, 45, 27, 33, 39, 42, 30, 40, 16]",13,12,free_flow_time,2.3821724520707788
845,4,16,8,"[4, 57, 64, 41, 32, 52, 60, 51, 50, 30, 40, 16]",12,11,free_flow_time,2.3916135869759576
846,4,16,9,"[4, 57, 64, 41, 32, 52, 54, 44, 51, 30, 40, 16]",12,11,free_flow_time,2.393648083717284
847,4,17,0,"[4, 57, 56, 46, 36, 62, 17]",7,6,free_flow_time,1.6272201662408996
848,4,17,1,"[4, 57, 56, 46, 61, 36, 62, 17]",8,7,free_flow_time,1.6352815177321363
849,4,17,2,"[4, 57, 56, 61, 36, 62, 17]",7,6,free_flow_time,1.6675281684570957
850,4,17,3,"[4, 57, 48, 26, 55, 61, 36, 62, 17]",9,8,free_flow_time,1.762052683233342
851,4,17,4,"[4, 57, 56, 55, 61, 36, 62, 17]",8,7,free_flow_time,1.768838479694455
852,4,17,5,"[4, 57, 64, 48, 26, 55, 61, 36, 62, 17]",10,9,free_flow_time,1.834311109825454
853,4,17,6,"[4, 57, 26, 55, 61, 36, 62, 17]",8,7,free_flow_time,1.8512660094855016
854,4,17,7,"[4, 57, 48, 26, 56, 46, 36, 62, 17]",9,8,free_flow_time,1.8870682471642404
855,4,17,8,"[4, 57, 48, 26, 56, 46, 61, 36, 62, 17]",10,9,free_flow_time,1.8951295986554766
856,4,17,9,"[4, 57, 64, 41, 32, 52, 55, 61, 36, 62, 17]",11,10,free_flow_time,1.9012600315856503
857,4,18,0,"[4, 57, 64, 41, 32, 52, 60, 51, 18]",9,8,free_flow_time,1.4830624606552631
858,4,18,1,"[4, 57, 53, 41, 32, 52, 60, 51, 18]",9,8,free_flow_time,1.61779995296193
859,4,18,2,"[4, 57, 64, 41, 32, 52, 54, 44, 51, 18]",10,9,free_flow_time,1.6727450517497013
860,4,18,3,"[4, 57, 48, 41, 32, 52, 60, 51, 18]",9,8,free_flow_time,1.6914211035937146
861,4,18,4,"[4, 57, 64, 41, 63, 32, 52, 60, 51, 18]",10,9,free_flow_time,1.7036667398085727
862,4,18,5,"[4, 57, 64, 48, 41, 32, 52, 60, 51, 18]",10,9,free_flow_time,1.7636795301858268
863,4,18,6,"[4, 57, 48, 64, 41, 32, 52, 60, 51, 18]",10,9,free_flow_time,1.790507623410383
864,4,18,7,"[4, 57, 53, 41, 32, 52, 54, 44, 51, 18]",10,9,free_flow_time,1.8074825440563682
865,4,18,8,"[4, 57, 64, 53, 41, 32, 52, 60, 51, 18]",10,9,free_flow_time,1.8097602824414802
866,4,18,9,"[4, 57, 53, 41, 63, 32, 52, 60, 51, 18]",10,9,free_flow_time,1.8384042321152396
867,4,19,0,"[4, 57, 59, 65, 19]",5,4,free_flow_time,1.1049166288009897
868,4,19,1,"[4, 57, 56, 59, 65, 19]",6,5,free_flow_time,1.107054752834491
869,4,19,2,"[4, 57, 56, 46, 65, 19]",6,5,free_flow_time,1.128968919711693
870,4,19,3,"[4, 57, 56, 46, 59, 65, 19]",7,6,free_flow_time,1.22672367620474
871,4,19,4,"[4, 57, 48, 26, 56, 59, 65, 19]",8,7,free_flow_time,1.3669028337578313
872,4,19,5,"[4, 57, 48, 26, 56, 46, 65, 19]",8,7,free_flow_time,1.3888170006350335
873,4,19,6,"[4, 57, 64, 48, 26, 56, 59, 65, 19]",9,8,free_flow_time,1.4391612603499437
874,4,19,7,"[4, 57, 56, 61, 46, 65, 19]",7,6,free_flow_time,1.4494037570292346
875,4,19,8,"[4, 57, 59, 46, 65, 19]",6,5,free_flow_time,1.451866130065043
876,4,19,9,"[4, 57, 56, 59, 46, 65, 19]",7,6,free_flow_time,1.4540042540985443
877,4,20,0,"[4, 57, 64, 41, 32, 45, 27, 29, 20]",9,8,free_flow_time,1.3934975495120128
878,4,20,1,"[4, 57, 64, 41, 63, 45, 27, 29, 20]",9,8,free_flow_time,1.4737719435757024
879,4,20,2,"[4, 57, 53, 41, 32, 45, 27, 29, 20]",9,8,free_flow_time,1.5282350418186796
880,4,20,3,"[4, 57, 53, 45, 27, 29, 20]",7,6,free_flow_time,1.5375066818354428
881,4,20,4,"[4, 57, 53, 58, 37, 27, 29, 20]",8,7,free_flow_time,1.5749263783286613
882,4,20,5,"[4, 57, 64, 41, 32, 63, 45, 27, 29, 20]",10,9,free_flow_time,1.5936821839323143
883,4,20,6,"[4, 57, 48, 41, 32, 45, 27, 29, 20]",9,8,free_flow_time,1.6018561924504642
884,4,20,7,"[4, 57, 53, 41, 63, 45, 27, 29, 20]",9,8,free_flow_time,1.6085094358823693
885,4,20,8,"[4, 57, 64, 41, 63, 32, 45, 27, 29, 20]",10,9,free_flow_time,1.6141018286653224
886,4,20,9,"[4, 57, 53, 58, 27, 29, 20]",7,6,free_flow_time,1.6338816213248843
887,4,21,0,"[4, 57, 64, 41, 32, 52, 60, 31, 39, 21]",10,9,free_flow_time,1.5660587624165625
888,4,21,1,"[4, 57, 64, 41, 32, 45, 27, 33, 39, 21]",10,9,free_flow_time,1.6446062624416713
889,4,21,2,"[4, 57, 64, 41, 32, 52, 60, 42, 39, 21]",10,9,free_flow_time,1.6762218105190037
890,4,21,3,"[4, 57, 64, 41, 32, 45, 27, 33, 31, 39, 21]",11,10,free_flow_time,1.6928552171981244
891,4,21,4,"[4, 57, 53, 41, 32, 52, 60, 31, 39, 21]",10,9,free_flow_time,1.7007962547232294
892,4,21,5,"[4, 57, 64, 41, 63, 45, 27, 33, 39, 21]",10,9,free_flow_time,1.7248806565053612
893,4,21,6,"[4, 57, 64, 41, 32, 52, 60, 33, 39, 21]",10,9,free_flow_time,1.7483758133163232
894,4,21,7,"[4, 57, 64, 41, 63, 45, 27, 33, 31, 39, 21]",11,10,free_flow_time,1.773129611261814
895,4,21,8,"[4, 57, 48, 41, 32, 52, 60, 31, 39, 21]",10,9,free_flow_time,1.774417405355014
896,4,21,9,"[4, 57, 53, 41, 32, 45, 27, 33, 39, 21]",10,9,free_flow_time,1.7793437547483382
897,4,22,0,"[4, 57, 64, 41, 32, 45, 27, 33, 22]",9,8,free_flow_time,1.449830699848275
898,4,22,1,"[4, 57, 64, 41, 63, 45, 27, 33, 22]",9,8,free_flow_time,1.5301050939119647
899,4,22,2,"[4, 57, 64, 41, 32, 52, 60, 33, 22]",9,8,free_flow_time,1.5536002507229267
900,4,22,3,"[4, 57, 53, 41, 32, 45, 27, 33, 22]",9,8,free_flow_time,1.584568192154942
901,4,22,4,"[4, 57, 53, 45, 27, 33, 22]",7,6,free_flow_time,1.593839832171705
902,4,22,5,"[4, 57, 64, 41, 32, 52, 33, 22]",8,7,free_flow_time,1.6158489494527317
903,4,22,6,"[4, 57, 53, 58, 37, 27, 33, 22]",8,7,free_flow_time,1.6312595286649236
904,4,22,7,"[4, 57, 64, 41, 32, 63, 45, 27, 33, 22]",10,9,free_flow_time,1.6500153342685766
905,4,22,8,"[4, 57, 48, 41, 32, 45, 27, 33, 22]",9,8,free_flow_time,1.6581893427867265
906,4,22,9,"[4, 57, 53, 41, 63, 45, 27, 33, 22]",9,8,free_flow_time,1.6648425862186316
907,4,23,0,"[4, 57, 56, 46, 36, 43, 23]",7,6,free_flow_time,1.2691877158229594
908,4,23,1,"[4, 57, 56, 46, 61, 36, 43, 23]",8,7,free_flow_time,1.2772490673141959
909,4,23,2,"[4, 57, 56, 46, 61, 43, 23]",7,6,free_flow_time,1.2935565804757054
910,4,23,3,"[4, 57, 56, 61, 36, 43, 23]",7,6,free_flow_time,1.3094957180391553
911,4,23,4,"[4, 57, 56, 61, 43, 23]",6,5,free_flow_time,1.325803231200665
912,4,23,5,"[4, 57, 48, 26, 55, 43, 23]",7,6,free_flow_time,1.3444199131912222
913,4,23,6,"[4, 57, 56, 55, 43, 23]",6,5,free_flow_time,1.351205709652335
914,4,23,7,"[4, 57, 56, 46, 61, 55, 43, 23]",8,7,free_flow_time,1.3950154288581524
915,4,23,8,"[4, 57, 48, 26, 55, 61, 36, 43, 23]",9,8,free_flow_time,1.404020232815402
916,4,23,9,"[4, 57, 56, 55, 61, 36, 43, 23]",8,7,free_flow_time,1.4108060292765148
917,4,24,0,"[4, 57, 56, 24]",4,3,free_flow_time,0.6424156500209774
918,4,24,1,"[4, 57, 48, 26, 56, 24]",6,5,free_flow_time,0.902263730944318
919,4,24,2,"[4, 57, 64, 48, 26, 56, 24]",7,6,free_flow_time,0.9745221575364302
920,4,24,3,"[4, 57, 26, 56, 24]",5,4,free_flow_time,0.9914770571964777
921,4,24,4,"[4, 57, 64, 41, 48, 26, 56, 24]",8,7,free_flow_time,1.3432937445231226
922,4,24,5,"[4, 57, 53, 64, 48, 26, 56, 24]",8,7,free_flow_time,1.3753457415706245
923,4,24,6,"[4, 57, 59, 56, 24]",5,4,free_flow_time,1.437532242560634
924,4,24,7,"[4, 57, 53, 41, 48, 26, 56, 24]",8,7,free_flow_time,1.4780312368297894
925,4,24,8,"[4, 57, 64, 41, 26, 56, 24]",7,6,free_flow_time,1.5043153010017292
926,4,24,9,"[4, 57, 59, 46, 56, 24]",6,5,free_flow_time,1.5572011659308829
927,4,25,0,"[4, 57, 64, 41, 32, 52, 54, 44, 35, 25]",10,9,free_flow_time,1.8083392026411005
928,4,25,1,"[4, 57, 53, 41, 32, 52, 54, 44, 35, 25]",10,9,free_flow_time,1.9430766949477674
929,4,25,2,"[4, 57, 48, 41, 32, 52, 54, 44, 35, 25]",10,9,free_flow_time,2.016697845579552
930,4,25,3,"[4, 57, 64, 41, 63, 32, 52, 54, 44, 35, 25]",11,10,free_flow_time,2.02894348179441
931,4,25,4,"[4, 57, 56, 46, 36, 43, 49, 44, 35, 25]",10,9,free_flow_time,2.044927544809638
932,4,25,5,"[4, 57, 64, 41, 32, 52, 54, 49, 44, 35, 25]",11,10,free_flow_time,2.0451785331999073
933,4,25,6,"[4, 57, 56, 46, 36, 43, 54, 44, 35, 25]",10,9,free_flow_time,2.0515760125884874
934,4,25,7,"[4, 57, 56, 46, 61, 36, 43, 49, 44, 35, 25]",11,10,free_flow_time,2.052988896300874
935,4,25,8,"[4, 57, 56, 46, 61, 36, 43, 54, 44, 35, 25]",11,10,free_flow_time,2.059637364079724
936,4,25,9,"[4, 57, 56, 46, 61, 43, 49, 44, 35, 25]",10,9,free_flow_time,2.0692964094623836
937,5,1,0,"[5, 52, 60, 42, 30, 40, 1]",7,6,free_flow_time,1.3028748757133966
938,5,1,1,"[5, 52, 60, 51, 30, 40, 1]",7,6,free_flow_time,1.3075209067968265
939,5,1,2,"[5, 52, 60, 51, 50, 40, 1]",7,6,free_flow_time,1.404498293435263
940,5,1,3,"[5, 52, 60, 31, 39, 42, 30, 40, 1]",9,8,free_flow_time,1.4071803662196505
941,5,1,4,"[5, 52, 60, 31, 42, 30, 40, 1]",8,7,free_flow_time,1.4503449800648751
942,5,1,5,"[5, 52, 60, 51, 50, 30, 40, 1]",8,7,free_flow_time,1.4951690011499386
943,5,1,6,"[5, 52, 54, 44, 51, 30, 40, 1]",8,7,free_flow_time,1.4972034978912647
944,5,1,7,"[5, 52, 60, 51, 42, 30, 40, 1]",8,7,free_flow_time,1.5675764032103467
945,5,1,8,"[5, 52, 60, 33, 39, 42, 30, 40, 1]",9,8,free_flow_time,1.5894974171194112
946,5,1,9,"[5, 52, 54, 44, 51, 50, 40, 1]",8,7,free_flow_time,1.5941808845297012
947,5,2,0,"[5, 52, 32, 41, 48, 2]",6,5,free_flow_time,0.8162316050681834
948,5,2,1,"[5, 52, 32, 41, 64, 48, 2]",7,6,free_flow_time,0.9153181248848518
949,5,2,2,"[5, 52, 32, 63, 41, 48, 2]",7,6,free_flow_time,1.0368358842214929
950,5,2,3,"[5, 52, 32, 63, 41, 64, 48, 2]",8,7,free_flow_time,1.1359224040381615
951,5,2,4,"[5, 52, 32, 41, 64, 57, 48, 2]",8,7,free_flow_time,1.186016397213817
952,5,2,5,"[5, 52, 55, 26, 48, 2]",6,5,free_flow_time,1.1929048203884385
953,5,2,6,"[5, 52, 32, 45, 63, 41, 48, 2]",8,7,free_flow_time,1.2395136684533101
954,5,2,7,"[5, 52, 32, 41, 53, 64, 48, 2]",8,7,free_flow_time,1.242015946671069
955,5,2,8,"[5, 52, 32, 41, 53, 57, 48, 2]",8,7,free_flow_time,1.3207538895204838
956,5,2,9,"[5, 52, 32, 45, 63, 41, 64, 48, 2]",9,8,free_flow_time,1.3386001882699787
957,5,3,0,"[5, 52, 60, 42, 30, 3]",6,5,free_flow_time,1.1145117224908538
958,5,3,1,"[5, 52, 60, 51, 30, 3]",6,5,free_flow_time,1.1191577535742838
959,5,3,2,"[5, 52, 60, 31, 39, 42, 30, 3]",8,7,free_flow_time,1.2188172129971078
960,5,3,3,"[5, 52, 60, 31, 42, 30, 3]",7,6,free_flow_time,1.2619818268423324
961,5,3,4,"[5, 52, 60, 51, 50, 30, 3]",7,6,free_flow_time,1.3068058479273958
962,5,3,5,"[5, 52, 54, 44, 51, 30, 3]",7,6,free_flow_time,1.308840344668722
963,5,3,6,"[5, 52, 60, 51, 42, 30, 3]",7,6,free_flow_time,1.379213249987804
964,5,3,7,"[5, 52, 60, 33, 39, 42, 30, 3]",8,7,free_flow_time,1.4011342638968685
965,5,3,8,"[5, 52, 60, 33, 31, 39, 42, 30, 3]",9,8,free_flow_time,1.4493832186533213
966,5,3,9,"[5, 52, 33, 39, 42, 30, 3]",7,6,free_flow_time,1.4633829626266734
967,5,4,0,"[5, 52, 32, 41, 64, 57, 4]",7,6,free_flow_time,0.897590459572635
968,5,4,1,"[5, 52, 32, 41, 53, 57, 4]",7,6,free_flow_time,1.0323279518793016
969,5,4,2,"[5, 52, 32, 41, 48, 57, 4]",7,6,free_flow_time,1.1059491025110861
970,5,4,3,"[5, 52, 32, 63, 41, 64, 57, 4]",8,7,free_flow_time,1.1181947387259443
971,5,4,4,"[5, 52, 32, 41, 48, 64, 57, 4]",8,7,free_flow_time,1.1782075291031984
972,5,4,5,"[5, 52, 32, 41, 64, 48, 57, 4]",8,7,free_flow_time,1.2050356223277547
973,5,4,6,"[5, 52, 32, 41, 53, 64, 57, 4]",8,7,free_flow_time,1.2242882813588518
974,5,4,7,"[5, 52, 32, 63, 41, 53, 57, 4]",8,7,free_flow_time,1.2529322310326112
975,5,4,8,"[5, 52, 32, 41, 64, 53, 57, 4]",8,7,free_flow_time,1.298414043606829
976,5,4,9,"[5, 52, 32, 45, 63, 41, 64, 57, 4]",9,8,free_flow_time,1.3208725229577616
977,5,5,0,"[5, 52, 5]",3,2,free_flow_time,0.0005586463104173093
978,5,6,0,"[5, 52, 55, 61, 46, 65, 6]",7,6,free_flow_time,0.7863294624387765
979,5,6,1,"[5, 52, 55, 61, 46, 59, 65, 6]",8,7,free_flow_time,0.8840842189318234
980,5,6,2,"[5, 52, 55, 61, 36, 46, 65, 6]",8,7,free_flow_time,0.9095236588382015
981,5,6,3,"[5, 52, 55, 61, 36, 46, 59, 65, 6]",9,8,free_flow_time,1.0072784153312482
982,5,6,4,"[5, 52, 55, 61, 36, 65, 6]",7,6,free_flow_time,1.1022093054301327
983,5,6,5,"[5, 52, 55, 43, 36, 46, 65, 6]",8,7,free_flow_time,1.108566511329776
984,5,6,6,"[5, 52, 55, 43, 36, 61, 46, 65, 6]",9,8,free_flow_time,1.1166278628210125
985,5,6,7,"[5, 52, 55, 43, 61, 46, 65, 6]",8,7,free_flow_time,1.132935375982522
986,5,6,8,"[5, 52, 55, 61, 43, 36, 46, 65, 6]",9,8,free_flow_time,1.1844743441154653
987,5,6,9,"[5, 52, 55, 61, 36, 38, 65, 6]",8,7,free_flow_time,1.1905643082764328
988,5,7,0,"[5, 52, 60, 51, 7]",5,4,free_flow_time,0.5858848404115811
989,5,7,1,"[5, 52, 54, 44, 51, 7]",6,5,free_flow_time,0.7755674315060193
990,5,7,2,"[5, 52, 54, 49, 44, 51, 7]",7,6,free_flow_time,1.012406762064826
991,5,7,3,"[5, 52, 60, 42, 51, 7]",6,5,free_flow_time,1.0232722788401272
992,5,7,4,"[5, 52, 60, 31, 39, 42, 51, 7]",8,7,free_flow_time,1.127577769346381
993,5,7,5,"[5, 52, 60, 44, 51, 7]",6,5,free_flow_time,1.157427887571611
994,5,7,6,"[5, 52, 60, 31, 42, 51, 7]",7,6,free_flow_time,1.1707423831916057
995,5,7,7,"[5, 52, 54, 44, 50, 51, 7]",7,6,free_flow_time,1.1898684336116847
996,5,7,8,"[5, 52, 54, 60, 51, 7]",6,5,free_flow_time,1.1912795938256708
997,5,7,9,"[5, 52, 60, 54, 44, 51, 7]",7,6,free_flow_time,1.1921571735651832
998,5,8,0,"[5, 52, 27, 29, 8]",5,4,free_flow_time,0.9593176460148496
999,5,8,1,"[5, 52, 60, 33, 29, 8]",6,5,free_flow_time,1.046596013145902
1000,5,8,2,"[5, 52, 33, 29, 8]",5,4,free_flow_time,1.108844711875707
1001,5,8,3,"[5, 52, 60, 31, 33, 29, 8]",7,6,free_flow_time,1.212379193883574
1002,5,8,4,"[5, 52, 60, 31, 39, 33, 29, 8]",8,7,free_flow_time,1.2545273177485994
1003,5,8,5,"[5, 52, 60, 31, 39, 29, 8]",7,6,free_flow_time,1.275136485578971
1004,5,8,6,"[5, 52, 32, 45, 27, 29, 8]",7,6,free_flow_time,1.348494918097814
1005,5,8,7,"[5, 52, 60, 42, 39, 33, 29, 8]",8,7,free_flow_time,1.3646903658510405
1006,5,8,8,"[5, 52, 60, 42, 39, 29, 8]",7,6,free_flow_time,1.3852995336814122
1007,5,8,9,"[5, 52, 27, 33, 29, 8]",6,5,free_flow_time,1.4062979816314725
1008,5,9,0,"[5, 52, 54, 44, 49, 9]",6,5,free_flow_time,0.6037008589909678
1009,5,9,1,"[5, 52, 54, 49, 9]",5,4,free_flow_time,0.6327979293564837
1010,5,9,2,"[5, 52, 55, 43, 49, 9]",6,5,free_flow_time,0.846986486686785
1011,5,9,3,"[5, 52, 55, 61, 36, 43, 49, 9]",8,7,free_flow_time,0.9065868063109648
1012,5,9,4,"[5, 52, 55, 61, 43, 49, 9]",7,6,free_flow_time,0.9228943194724742
1013,5,9,5,"[5, 52, 60, 51, 44, 49, 9]",7,6,free_flow_time,0.9662418057388956
1014,5,9,6,"[5, 52, 60, 44, 49, 9]",6,5,free_flow_time,0.9855613150565598
1015,5,9,7,"[5, 52, 54, 43, 49, 9]",6,5,free_flow_time,0.9982901086861037
1016,5,9,8,"[5, 52, 60, 54, 44, 49, 9]",7,6,free_flow_time,1.0202906010501318
1017,5,9,9,"[5, 52, 60, 54, 49, 9]",6,5,free_flow_time,1.0493876714156476
1018,5,10,0,"[5, 52, 27, 29, 10]",5,4,free_flow_time,0.9605050211941407
1019,5,10,1,"[5, 52, 60, 33, 29, 10]",6,5,free_flow_time,1.0477833883251932
1020,5,10,2,"[5, 52, 33, 29, 10]",5,4,free_flow_time,1.1100320870549982
1021,5,10,3,"[5, 52, 60, 31, 33, 29, 10]",7,6,free_flow_time,1.2135665690628652
1022,5,10,4,"[5, 52, 60, 31, 39, 33, 29, 10]",8,7,free_flow_time,1.2557146929278906
1023,5,10,5,"[5, 52, 60, 31, 39, 29, 10]",7,6,free_flow_time,1.2763238607582623
1024,5,10,6,"[5, 52, 32, 45, 27, 29, 10]",7,6,free_flow_time,1.3496822932771053
1025,5,10,7,"[5, 52, 60, 42, 39, 33, 29, 10]",8,7,free_flow_time,1.3658777410303318
1026,5,10,8,"[5, 52, 60, 42, 39, 29, 10]",7,6,free_flow_time,1.3864869088607035
1027,5,10,9,"[5, 52, 27, 33, 29, 10]",6,5,free_flow_time,1.4074853568107637
1028,5,11,0,"[5, 52, 60, 42, 30, 40, 11]",7,6,free_flow_time,1.3023432875227376
1029,5,11,1,"[5, 52, 60, 51, 30, 40, 11]",7,6,free_flow_time,1.3069893186061676
1030,5,11,2,"[5, 52, 60, 51, 50, 40, 11]",7,6,free_flow_time,1.403966705244604
1031,5,11,3,"[5, 52, 60, 31, 39, 42, 30, 40, 11]",9,8,free_flow_time,1.4066487780289916
1032,5,11,4,"[5, 52, 60, 31, 42, 30, 40, 11]",8,7,free_flow_time,1.4498133918742162
1033,5,11,5,"[5, 52, 60, 51, 50, 30, 40, 11]",8,7,free_flow_time,1.4946374129592797
1034,5,11,6,"[5, 52, 54, 44, 51, 30, 40, 11]",8,7,free_flow_time,1.4966719097006058
1035,5,11,7,"[5, 52, 60, 51, 42, 30, 40, 11]",8,7,free_flow_time,1.5670448150196878
1036,5,11,8,"[5, 52, 60, 33, 39, 42, 30, 40, 11]",9,8,free_flow_time,1.5889658289287523
1037,5,11,9,"[5, 52, 54, 44, 51, 50, 40, 11]",8,7,free_flow_time,1.5936492963390423
1038,5,12,0,"[5, 52, 55, 43, 12]",5,4,free_flow_time,0.5875032813022473
1039,5,12,1,"[5, 52, 55, 61, 36, 43, 12]",7,6,free_flow_time,0.647103600926427
1040,5,12,2,"[5, 52, 55, 61, 43, 12]",6,5,free_flow_time,0.6634111140879365
1041,5,12,3,"[5, 52, 54, 43, 12]",5,4,free_flow_time,0.738806903301566
1042,5,12,4,"[5, 52, 54, 44, 49, 43, 12]",7,6,free_flow_time,0.8635993740270298
1043,5,12,5,"[5, 52, 43, 12]",4,3,free_flow_time,0.8717544093609552
1044,5,12,6,"[5, 52, 54, 49, 43, 12]",6,5,free_flow_time,0.8926964443925457
1045,5,12,7,"[5, 52, 55, 61, 46, 36, 43, 12]",8,7,free_flow_time,0.9272304360277727
1046,5,12,8,"[5, 52, 60, 54, 43, 12]",6,5,free_flow_time,1.1553966453607298
1047,5,12,9,"[5, 52, 60, 51, 44, 49, 43, 12]",8,7,free_flow_time,1.2261403207749575
1048,5,13,0,"[5, 52, 32, 45, 13]",5,4,free_flow_time,0.5985391642790391
1049,5,13,1,"[5, 52, 32, 63, 45, 13]",6,5,free_flow_time,0.7987237986993404
1050,5,13,2,"[5, 52, 32, 41, 63, 45, 13]",7,6,free_flow_time,0.8069685197652057
1051,5,13,3,"[5, 52, 27, 45, 13]",5,4,free_flow_time,0.9509624518443839
1052,5,13,4,"[5, 52, 45, 13]",4,3,free_flow_time,0.978726570580762
1053,5,13,5,"[5, 52, 32, 41, 53, 45, 13]",7,6,free_flow_time,1.2644356025803294
1054,5,13,6,"[5, 52, 32, 41, 53, 58, 45, 13]",8,7,free_flow_time,1.404785772077617
1055,5,13,7,"[5, 52, 32, 41, 53, 63, 45, 13]",8,7,free_flow_time,1.4067445474434856
1056,5,13,8,"[5, 52, 60, 33, 27, 45, 13]",7,6,free_flow_time,1.463206572741794
1057,5,13,9,"[5, 52, 32, 63, 41, 53, 45, 13]",8,7,free_flow_time,1.485039881733639
1058,5,14,0,"[5, 52, 27, 29, 14]",5,4,free_flow_time,0.9595288355571135
1059,5,14,1,"[5, 52, 60, 33, 29, 14]",6,5,free_flow_time,1.0468072026881658
1060,5,14,2,"[5, 52, 33, 29, 14]",5,4,free_flow_time,1.1090559014179708
1061,5,14,3,"[5, 52, 60, 31, 33, 29, 14]",7,6,free_flow_time,1.2125903834258378
1062,5,14,4,"[5, 52, 60, 31, 39, 33, 29, 14]",8,7,free_flow_time,1.2547385072908632
1063,5,14,5,"[5, 52, 60, 31, 39, 29, 14]",7,6,free_flow_time,1.275347675121235
1064,5,14,6,"[5, 52, 32, 45, 27, 29, 14]",7,6,free_flow_time,1.348706107640078
1065,5,14,7,"[5, 52, 60, 42, 39, 33, 29, 14]",8,7,free_flow_time,1.3649015553933044
1066,5,14,8,"[5, 52, 60, 42, 39, 29, 14]",7,6,free_flow_time,1.385510723223676
1067,5,14,9,"[5, 52, 27, 33, 29, 14]",6,5,free_flow_time,1.4065091711737363
1068,5,15,0,"[5, 52, 60, 42, 30, 15]",6,5,free_flow_time,1.114128379607858
1069,5,15,1,"[5, 52, 60, 51, 30, 15]",6,5,free_flow_time,1.118774410691288
1070,5,15,2,"[5, 52, 60, 31, 39, 42, 30, 15]",8,7,free_flow_time,1.218433870114112
1071,5,15,3,"[5, 52, 60, 31, 42, 30, 15]",7,6,free_flow_time,1.2615984839593366
1072,5,15,4,"[5, 52, 60, 51, 50, 30, 15]",7,6,free_flow_time,1.3064225050444
1073,5,15,5,"[5, 52, 54, 44, 51, 30, 15]",7,6,free_flow_time,1.3084570017857262
1074,5,15,6,"[5, 52, 60, 51, 42, 30, 15]",7,6,free_flow_time,1.3788299071048082
1075,5,15,7,"[5, 52, 60, 33, 39, 42, 30, 15]",8,7,free_flow_time,1.4007509210138727
1076,5,15,8,"[5, 52, 60, 33, 31, 39, 42, 30, 15]",9,8,free_flow_time,1.4489998757703255
1077,5,15,9,"[5, 52, 33, 39, 42, 30, 15]",7,6,free_flow_time,1.4629996197436776
1078,5,16,0,"[5, 52, 60, 42, 30, 40, 16]",7,6,free_flow_time,1.3022876482771981
1079,5,16,1,"[5, 52, 60, 51, 30, 40, 16]",7,6,free_flow_time,1.306933679360628
1080,5,16,2,"[5, 52, 60, 51, 50, 40, 16]",7,6,free_flow_time,1.4039110659990646
1081,5,16,3,"[5, 52, 60, 31, 39, 42, 30, 40, 16]",9,8,free_flow_time,1.406593138783452
1082,5,16,4,"[5, 52, 60, 31, 42, 30, 40, 16]",8,7,free_flow_time,1.4497577526286767
1083,5,16,5,"[5, 52, 60, 51, 50, 30, 40, 16]",8,7,free_flow_time,1.4945817737137401
1084,5,16,6,"[5, 52, 54, 44, 51, 30, 40, 16]",8,7,free_flow_time,1.4966162704550663
1085,5,16,7,"[5, 52, 60, 51, 42, 30, 40, 16]",8,7,free_flow_time,1.5669891757741483
1086,5,16,8,"[5, 52, 60, 33, 39, 42, 30, 40, 16]",9,8,free_flow_time,1.5889101896832127
1087,5,16,9,"[5, 52, 54, 44, 51, 50, 40, 16]",8,7,free_flow_time,1.5935936570935028
1088,5,17,0,"[5, 52, 55, 61, 36, 62, 17]",7,6,free_flow_time,1.004228218323433
1089,5,17,1,"[5, 52, 54, 44, 49, 62, 17]",7,6,free_flow_time,1.1146248487433414
1090,5,17,2,"[5, 52, 54, 49, 62, 17]",6,5,free_flow_time,1.1437219191088572
1091,5,17,3,"[5, 52, 55, 43, 36, 62, 17]",7,6,free_flow_time,1.2032710708150076
1092,5,17,4,"[5, 52, 54, 44, 49, 47, 62, 17]",8,7,free_flow_time,1.2668789994200882
1093,5,17,5,"[5, 52, 55, 61, 43, 36, 62, 17]",8,7,free_flow_time,1.2791789036006969
1094,5,17,6,"[5, 52, 55, 61, 46, 36, 62, 17]",8,7,free_flow_time,1.2843550534247785
1095,5,17,7,"[5, 52, 54, 49, 47, 62, 17]",7,6,free_flow_time,1.2959760697856042
1096,5,17,8,"[5, 52, 55, 43, 61, 36, 62, 17]",8,7,free_flow_time,1.3508341318671784
1097,5,17,9,"[5, 52, 54, 43, 36, 62, 17]",7,6,free_flow_time,1.3545746928143263
1098,5,18,0,"[5, 52, 60, 51, 18]",5,4,free_flow_time,0.5860306473930457
1099,5,18,1,"[5, 52, 54, 44, 51, 18]",6,5,free_flow_time,0.7757132384874839
1100,5,18,2,"[5, 52, 54, 49, 44, 51, 18]",7,6,free_flow_time,1.0125525690462907
1101,5,18,3,"[5, 52, 60, 42, 51, 18]",6,5,free_flow_time,1.0234180858215918
1102,5,18,4,"[5, 52, 60, 31, 39, 42, 51, 18]",8,7,free_flow_time,1.1277235763278457
1103,5,18,5,"[5, 52, 60, 44, 51, 18]",6,5,free_flow_time,1.1575736945530757
1104,5,18,6,"[5, 52, 60, 31, 42, 51, 18]",7,6,free_flow_time,1.1708881901730703
1105,5,18,7,"[5, 52, 54, 44, 50, 51, 18]",7,6,free_flow_time,1.1900142405931493
1106,5,18,8,"[5, 52, 54, 60, 51, 18]",6,5,free_flow_time,1.1914254008071354
1107,5,18,9,"[5, 52, 60, 54, 44, 51, 18]",7,6,free_flow_time,1.1923029805466479
1108,5,19,0,"[5, 52, 55, 61, 46, 65, 19]",7,6,free_flow_time,0.7861038068955718
1109,5,19,1,"[5, 52, 55, 61, 46, 59, 65, 19]",8,7,free_flow_time,0.8838585633886187
1110,5,19,2,"[5, 52, 55, 61, 36, 46, 65, 19]",8,7,free_flow_time,0.9092980032949968
1111,5,19,3,"[5, 52, 55, 61, 36, 46, 59, 65, 19]",9,8,free_flow_time,1.0070527597880434
1112,5,19,4,"[5, 52, 55, 61, 36, 65, 19]",7,6,free_flow_time,1.101983649886928
1113,5,19,5,"[5, 52, 55, 43, 36, 46, 65, 19]",8,7,free_flow_time,1.1083408557865713
1114,5,19,6,"[5, 52, 55, 43, 36, 61, 46, 65, 19]",9,8,free_flow_time,1.1164022072778077
1115,5,19,7,"[5, 52, 55, 43, 61, 46, 65, 19]",8,7,free_flow_time,1.1327097204393173
1116,5,19,8,"[5, 52, 55, 61, 43, 36, 46, 65, 19]",9,8,free_flow_time,1.1842486885722605
1117,5,19,9,"[5, 52, 55, 61, 36, 38, 65, 19]",8,7,free_flow_time,1.190338652733228
1118,5,20,0,"[5, 52, 27, 29, 20]",5,4,free_flow_time,0.9599372556100174
1119,5,20,1,"[5, 52, 60, 33, 29, 20]",6,5,free_flow_time,1.0472156227410698
1120,5,20,2,"[5, 52, 33, 29, 20]",5,4,free_flow_time,1.1094643214708748
1121,5,20,3,"[5, 52, 60, 31, 33, 29, 20]",7,6,free_flow_time,1.2129988034787418
1122,5,20,4,"[5, 52, 60, 31, 39, 33, 29, 20]",8,7,free_flow_time,1.2551469273437672
1123,5,20,5,"[5, 52, 60, 31, 39, 29, 20]",7,6,free_flow_time,1.275756095174139
1124,5,20,6,"[5, 52, 32, 45, 27, 29, 20]",7,6,free_flow_time,1.349114527692982
1125,5,20,7,"[5, 52, 60, 42, 39, 33, 29, 20]",8,7,free_flow_time,1.3653099754462084
1126,5,20,8,"[5, 52, 60, 42, 39, 29, 20]",7,6,free_flow_time,1.38591914327658
1127,5,20,9,"[5, 52, 27, 33, 29, 20]",6,5,free_flow_time,1.4069175912266403
1128,5,21,0,"[5, 52, 60, 31, 39, 21]",6,5,free_flow_time,0.6690269491543448
1129,5,21,1,"[5, 52, 60, 42, 39, 21]",6,5,free_flow_time,0.779189997256786
1130,5,21,2,"[5, 52, 60, 33, 39, 21]",6,5,free_flow_time,0.8513440000541055
1131,5,21,3,"[5, 52, 60, 33, 31, 39, 21]",7,6,free_flow_time,0.8995929548105583
1132,5,21,4,"[5, 52, 60, 42, 31, 39, 21]",7,6,free_flow_time,0.9127516897234886
1133,5,21,5,"[5, 52, 33, 39, 21]",5,4,free_flow_time,0.9135926987839104
1134,5,21,6,"[5, 52, 60, 31, 42, 39, 21]",7,6,free_flow_time,0.9266601016082644
1135,5,21,7,"[5, 52, 33, 31, 39, 21]",6,5,free_flow_time,0.9618416535403632
1136,5,21,8,"[5, 52, 60, 31, 33, 39, 21]",7,6,free_flow_time,1.0171271807917777
1137,5,21,9,"[5, 52, 60, 51, 42, 39, 21]",7,6,free_flow_time,1.0438915247537361
1138,5,22,0,"[5, 52, 60, 33, 22]",5,4,free_flow_time,0.6565684374607091
1139,5,22,1,"[5, 52, 33, 22]",4,3,free_flow_time,0.718817136190514
1140,5,22,2,"[5, 52, 60, 31, 33, 22]",6,5,free_flow_time,0.8223516181983811
1141,5,22,3,"[5, 52, 60, 31, 39, 33, 22]",7,6,free_flow_time,0.8644997420634065
1142,5,22,4,"[5, 52, 60, 42, 39, 33, 22]",7,6,free_flow_time,0.9746627901658477
1143,5,22,5,"[5, 52, 27, 33, 22]",5,4,free_flow_time,1.0162704059462797
1144,5,22,6,"[5, 52, 60, 42, 39, 31, 33, 22]",8,7,free_flow_time,1.0229117449223006
1145,5,22,7,"[5, 52, 60, 42, 31, 33, 22]",7,6,free_flow_time,1.066076358767525
1146,5,22,8,"[5, 52, 60, 42, 31, 39, 33, 22]",8,7,free_flow_time,1.1082244826325505
1147,5,22,9,"[5, 52, 60, 31, 42, 39, 33, 22]",8,7,free_flow_time,1.1221328945173261
1148,5,23,0,"[5, 52, 55, 43, 23]",5,4,free_flow_time,0.5865954482813129
1149,5,23,1,"[5, 52, 55, 61, 36, 43, 23]",7,6,free_flow_time,0.6461957679054927
1150,5,23,2,"[5, 52, 55, 61, 43, 23]",6,5,free_flow_time,0.6625032810670022
1151,5,23,3,"[5, 52, 54, 43, 23]",5,4,free_flow_time,0.7378990702806316
1152,5,23,4,"[5, 52, 54, 44, 49, 43, 23]",7,6,free_flow_time,0.8626915410060955
1153,5,23,5,"[5, 52, 43, 23]",4,3,free_flow_time,0.8708465763400208
1154,5,23,6,"[5, 52, 54, 49, 43, 23]",6,5,free_flow_time,0.8917886113716114
1155,5,23,7,"[5, 52, 55, 61, 46, 36, 43, 23]",8,7,free_flow_time,0.9263226030068383
1156,5,23,8,"[5, 52, 60, 54, 43, 23]",6,5,free_flow_time,1.1544888123397956
1157,5,23,9,"[5, 52, 60, 51, 44, 49, 43, 23]",8,7,free_flow_time,1.2252324877540233
1158,5,24,0,"[5, 52, 55, 56, 24]",5,4,free_flow_time,0.8476291235555943
1159,5,24,1,"[5, 52, 55, 61, 46, 56, 24]",7,6,free_flow_time,0.8914388427614116
1160,5,24,2,"[5, 52, 55, 61, 56, 24]",6,5,free_flow_time,0.9236854934863711
1161,5,24,3,"[5, 52, 55, 61, 36, 46, 56, 24]",8,7,free_flow_time,1.0146330391608365
1162,5,24,4,"[5, 52, 55, 43, 36, 46, 56, 24]",8,7,free_flow_time,1.2136758916524113
1163,5,24,5,"[5, 52, 55, 61, 46, 59, 56, 24]",8,7,free_flow_time,1.216474177148263
1164,5,24,6,"[5, 52, 55, 43, 36, 61, 46, 56, 24]",9,8,free_flow_time,1.2217372431436477
1165,5,24,7,"[5, 52, 55, 43, 61, 46, 56, 24]",8,7,free_flow_time,1.2380447563051573
1166,5,24,8,"[5, 52, 55, 61, 46, 65, 59, 56, 24]",9,8,free_flow_time,1.2505044206216425
1167,5,24,9,"[5, 52, 55, 43, 36, 61, 56, 24]",8,7,free_flow_time,1.2539838938686072
1168,5,25,0,"[5, 52, 54, 44, 35, 25]",6,5,free_flow_time,0.911307389378883
1169,5,25,1,"[5, 52, 54, 49, 44, 35, 25]",7,6,free_flow_time,1.1481467199376898
1170,5,25,2,"[5, 52, 54, 44, 49, 47, 35, 25]",8,7,free_flow_time,1.2710790227276945
1171,5,25,3,"[5, 52, 60, 51, 44, 35, 25]",7,6,free_flow_time,1.2738483361268107
1172,5,25,4,"[5, 52, 60, 44, 35, 25]",6,5,free_flow_time,1.2931678454444748
1173,5,25,5,"[5, 52, 54, 49, 47, 35, 25]",7,6,free_flow_time,1.3001760930932105
1174,5,25,6,"[5, 52, 60, 54, 44, 35, 25]",7,6,free_flow_time,1.327897131438047
1175,5,25,7,"[5, 52, 54, 44, 34, 35, 25]",7,6,free_flow_time,1.3442137818574895
1176,5,25,8,"[5, 52, 55, 43, 49, 44, 35, 25]",8,7,free_flow_time,1.362335277267991
1177,5,25,9,"[5, 52, 55, 43, 54, 44, 35, 25]",8,7,free_flow_time,1.368983745046841
1178,6,1,0,"[6, 65, 46, 36, 43, 49, 44, 51, 30, 40, 1]",11,10,free_flow_time,1.8839352822625244
1179,6,1,1,"[6, 65, 46, 36, 43, 54, 44, 51, 30, 40, 1]",11,10,free_flow_time,1.890583750041374
1180,6,1,2,"[6, 65, 46, 61, 36, 43, 49, 44, 51, 30, 40, 1]",12,11,free_flow_time,1.8919966337537606
1181,6,1,3,"[6, 65, 46, 61, 36, 43, 54, 44, 51, 30, 40, 1]",12,11,free_flow_time,1.8986451015326105
1182,6,1,4,"[6, 65, 46, 61, 43, 49, 44, 51, 30, 40, 1]",11,10,free_flow_time,1.9083041469152702
1183,6,1,5,"[6, 65, 46, 61, 43, 54, 44, 51, 30, 40, 1]",11,10,free_flow_time,1.91495261469412
1184,6,1,6,"[6, 65, 46, 36, 43, 49, 44, 51, 50, 40, 1]",11,10,free_flow_time,1.9809126689009608
1185,6,1,7,"[6, 65, 59, 46, 36, 43, 49, 44, 51, 30, 40, 1]",12,11,free_flow_time,1.9816900387555711
1186,6,1,8,"[6, 65, 46, 36, 43, 54, 44, 51, 50, 40, 1]",11,10,free_flow_time,1.9875611366798105
1187,6,1,9,"[6, 65, 59, 46, 36, 43, 54, 44, 51, 30, 40, 1]",12,11,free_flow_time,1.988338506534421
1188,6,2,0,"[6, 65, 59, 56, 26, 48, 2]",7,6,free_flow_time,1.0774109918581334
1189,6,2,1,"[6, 65, 46, 56, 26, 48, 2]",7,6,free_flow_time,1.0993251587353354
1190,6,2,2,"[6, 65, 59, 46, 56, 26, 48, 2]",8,7,free_flow_time,1.1970799152283822
1191,6,2,3,"[6, 65, 46, 61, 55, 26, 48, 2]",8,7,free_flow_time,1.2544364299057829
1192,6,2,4,"[6, 65, 59, 46, 61, 55, 26, 48, 2]",9,8,free_flow_time,1.3521911863988298
1193,6,2,5,"[6, 65, 46, 36, 61, 55, 26, 48, 2]",9,8,free_flow_time,1.3776306263052078
1194,6,2,6,"[6, 65, 59, 57, 48, 2]",6,5,free_flow_time,1.3935682219853764
1195,6,2,7,"[6, 65, 59, 56, 57, 48, 2]",7,6,free_flow_time,1.3957063460188777
1196,6,2,8,"[6, 65, 46, 56, 57, 48, 2]",7,6,free_flow_time,1.4176205128960797
1197,6,2,9,"[6, 65, 46, 61, 56, 26, 48, 2]",8,7,free_flow_time,1.419759996052877
1198,6,3,0,"[6, 65, 46, 36, 43, 49, 44, 51, 30, 3]",10,9,free_flow_time,1.6955721290399817
1199,6,3,1,"[6, 65, 46, 36, 43, 54, 44, 51, 30, 3]",10,9,free_flow_time,1.7022205968188313
1200,6,3,2,"[6, 65, 46, 61, 36, 43, 49, 44, 51, 30, 3]",11,10,free_flow_time,1.7036334805312179
1201,6,3,3,"[6, 65, 46, 61, 36, 43, 54, 44, 51, 30, 3]",11,10,free_flow_time,1.7102819483100677
1202,6,3,4,"[6, 65, 46, 61, 43, 49, 44, 51, 30, 3]",10,9,free_flow_time,1.7199409936927275
1203,6,3,5,"[6, 65, 46, 61, 43, 54, 44, 51, 30, 3]",10,9,free_flow_time,1.7265894614715773
1204,6,3,6,"[6, 65, 59, 46, 36, 43, 49, 44, 51, 30, 3]",11,10,free_flow_time,1.7933268855330284
1205,6,3,7,"[6, 65, 59, 46, 36, 43, 54, 44, 51, 30, 3]",11,10,free_flow_time,1.7999753533118783
1206,6,3,8,"[6, 65, 59, 46, 61, 36, 43, 49, 44, 51, 30, 3]",12,11,free_flow_time,1.8013882370242649
1207,6,3,9,"[6, 65, 59, 46, 61, 36, 43, 54, 44, 51, 30, 3]",12,11,free_flow_time,1.8080367048031147
1208,6,4,0,"[6, 65, 59, 57, 4]",5,4,free_flow_time,1.1051422843441945
1209,6,4,1,"[6, 65, 59, 56, 57, 4]",6,5,free_flow_time,1.1072804083776955
1210,6,4,2,"[6, 65, 46, 56, 57, 4]",6,5,free_flow_time,1.1291945752548975
1211,6,4,3,"[6, 65, 59, 46, 56, 57, 4]",7,6,free_flow_time,1.2269493317479445
1212,6,4,4,"[6, 65, 59, 56, 26, 48, 57, 4]",8,7,free_flow_time,1.3671284893010363
1213,6,4,5,"[6, 65, 46, 56, 26, 48, 57, 4]",8,7,free_flow_time,1.3890426561782383
1214,6,4,6,"[6, 65, 59, 56, 26, 48, 64, 57, 4]",9,8,free_flow_time,1.4393869158931483
1215,6,4,7,"[6, 65, 46, 61, 56, 57, 4]",7,6,free_flow_time,1.4496294125724392
1216,6,4,8,"[6, 65, 46, 59, 57, 4]",6,5,free_flow_time,1.4520917856082476
1217,6,4,9,"[6, 65, 46, 59, 56, 57, 4]",7,6,free_flow_time,1.4542299096417488
1218,6,5,0,"[6, 65, 46, 61, 55, 52, 5]",7,6,free_flow_time,0.7863294624387765
1219,6,5,1,"[6, 65, 59, 46, 61, 55, 52, 5]",8,7,free_flow_time,0.8840842189318233
1220,6,5,2,"[6, 65, 46, 36, 61, 55, 52, 5]",8,7,free_flow_time,0.9095236588382013
1221,6,5,3,"[6, 65, 59, 46, 36, 61, 55, 52, 5]",9,8,free_flow_time,1.0072784153312482
1222,6,5,4,"[6, 65, 36, 61, 55, 52, 5]",7,6,free_flow_time,1.1022093054301327
1223,6,5,5,"[6, 65, 46, 36, 43, 55, 52, 5]",8,7,free_flow_time,1.108566511329776
1224,6,5,6,"[6, 65, 46, 61, 36, 43, 55, 52, 5]",9,8,free_flow_time,1.1166278628210125
1225,6,5,7,"[6, 65, 46, 61, 43, 55, 52, 5]",8,7,free_flow_time,1.132935375982522
1226,6,5,8,"[6, 65, 46, 36, 43, 61, 55, 52, 5]",9,8,free_flow_time,1.1844743441154655
1227,6,5,9,"[6, 65, 38, 36, 61, 55, 52, 5]",8,7,free_flow_time,1.190564308276433
1228,6,6,0,"[6, 65, 6]",3,2,free_flow_time,0.0013264594579697345
1229,6,7,0,"[6, 65, 46, 36, 43, 49, 44, 51, 7]",9,8,free_flow_time,1.162299215877279
1230,6,7,1,"[6, 65, 46, 36, 43, 54, 44, 51, 7]",9,8,free_flow_time,1.1689476836561286
1231,6,7,2,"[6, 65, 46, 61, 36, 43, 49, 44, 51, 7]",10,9,free_flow_time,1.1703605673685151
1232,6,7,3,"[6, 65, 46, 61, 36, 43, 54, 44, 51, 7]",10,9,free_flow_time,1.177009035147365
1233,6,7,4,"[6, 65, 46, 61, 43, 49, 44, 51, 7]",9,8,free_flow_time,1.1866680805300247
1234,6,7,5,"[6, 65, 46, 61, 43, 54, 44, 51, 7]",9,8,free_flow_time,1.1933165483088746
1235,6,7,6,"[6, 65, 59, 46, 36, 43, 49, 44, 51, 7]",10,9,free_flow_time,1.2600539723703257
1236,6,7,7,"[6, 65, 59, 46, 36, 43, 54, 44, 51, 7]",10,9,free_flow_time,1.2667024401491755
1237,6,7,8,"[6, 65, 59, 46, 61, 36, 43, 49, 44, 51, 7]",11,10,free_flow_time,1.2681153238615621
1238,6,7,9,"[6, 65, 59, 46, 61, 36, 43, 54, 44, 51, 7]",11,10,free_flow_time,1.274763791640412
1239,6,8,0,"[6, 65, 46, 61, 55, 52, 27, 29, 8]",9,8,free_flow_time,1.745088462143209
1240,6,8,1,"[6, 65, 46, 61, 55, 52, 60, 33, 29, 8]",10,9,free_flow_time,1.8323668292742612
1241,6,8,2,"[6, 65, 59, 46, 61, 55, 52, 27, 29, 8]",10,9,free_flow_time,1.8428432186362556
1242,6,8,3,"[6, 65, 46, 36, 61, 55, 52, 27, 29, 8]",10,9,free_flow_time,1.8682826585426335
1243,6,8,4,"[6, 65, 46, 61, 55, 52, 33, 29, 8]",9,8,free_flow_time,1.8946155280040662
1244,6,8,5,"[6, 65, 59, 46, 61, 55, 52, 60, 33, 29, 8]",11,10,free_flow_time,1.930121585767308
1245,6,8,6,"[6, 65, 46, 36, 61, 55, 52, 60, 33, 29, 8]",11,10,free_flow_time,1.955561025673686
1246,6,8,7,"[6, 65, 59, 46, 36, 61, 55, 52, 27, 29, 8]",11,10,free_flow_time,1.9660374150356805
1247,6,8,8,"[6, 65, 59, 46, 61, 55, 52, 33, 29, 8]",10,9,free_flow_time,1.992370284497113
1248,6,8,9,"[6, 65, 46, 61, 55, 52, 60, 31, 33, 29, 8]",11,10,free_flow_time,1.9981500100119332
1249,6,9,0,"[6, 65, 46, 36, 43, 49, 9]",7,6,free_flow_time,0.7826903831689365
1250,6,9,1,"[6, 65, 46, 61, 36, 43, 49, 9]",8,7,free_flow_time,0.7907517346601729
1251,6,9,2,"[6, 65, 46, 61, 43, 49, 9]",7,6,free_flow_time,0.8070592478216825
1252,6,9,3,"[6, 65, 59, 46, 36, 43, 49, 9]",8,7,free_flow_time,0.8804451396619833
1253,6,9,4,"[6, 65, 59, 46, 61, 36, 43, 49, 9]",9,8,free_flow_time,0.8885064911532198
1254,6,9,5,"[6, 65, 59, 46, 61, 43, 49, 9]",8,7,free_flow_time,0.9048140043147294
1255,6,9,6,"[6, 65, 46, 61, 55, 43, 49, 9]",8,7,free_flow_time,0.9085180962041293
1256,6,9,7,"[6, 65, 46, 36, 61, 43, 49, 9]",8,7,free_flow_time,0.9302534442211072
1257,6,9,8,"[6, 65, 36, 43, 49, 9]",6,5,free_flow_time,0.9753760297608678
1258,6,9,9,"[6, 65, 46, 36, 43, 54, 44, 49, 9]",9,8,free_flow_time,0.9970811111410772
1259,6,10,0,"[6, 65, 46, 61, 55, 52, 27, 29, 10]",9,8,free_flow_time,1.7462758373225002
1260,6,10,1,"[6, 65, 46, 61, 55, 52, 60, 33, 29, 10]",10,9,free_flow_time,1.8335542044535524
1261,6,10,2,"[6, 65, 59, 46, 61, 55, 52, 27, 29, 10]",10,9,free_flow_time,1.8440305938155468
1262,6,10,3,"[6, 65, 46, 36, 61, 55, 52, 27, 29, 10]",10,9,free_flow_time,1.8694700337219248
1263,6,10,4,"[6, 65, 46, 61, 55, 52, 33, 29, 10]",9,8,free_flow_time,1.8958029031833574
1264,6,10,5,"[6, 65, 59, 46, 61, 55, 52, 60, 33, 29, 10]",11,10,free_flow_time,1.9313089609465992
1265,6,10,6,"[6, 65, 46, 36, 61, 55, 52, 60, 33, 29, 10]",11,10,free_flow_time,1.9567484008529772
1266,6,10,7,"[6, 65, 59, 46, 36, 61, 55, 52, 27, 29, 10]",11,10,free_flow_time,1.9672247902149718
1267,6,10,8,"[6, 65, 59, 46, 61, 55, 52, 33, 29, 10]",10,9,free_flow_time,1.9935576596764042
1268,6,10,9,"[6, 65, 46, 61, 55, 52, 60, 31, 33, 29, 10]",11,10,free_flow_time,1.9993373851912244
1269,6,11,0,"[6, 65, 46, 36, 43, 49, 44, 51, 30, 40, 11]",11,10,free_flow_time,1.8834036940718655
1270,6,11,1,"[6, 65, 46, 36, 43, 54, 44, 51, 30, 40, 11]",11,10,free_flow_time,1.8900521618507151
1271,6,11,2,"[6, 65, 46, 61, 36, 43, 49, 44, 51, 30, 40, 11]",12,11,free_flow_time,1.8914650455631017
1272,6,11,3,"[6, 65, 46, 61, 36, 43, 54, 44, 51, 30, 40, 11]",12,11,free_flow_time,1.8981135133419516
1273,6,11,4,"[6, 65, 46, 61, 43, 49, 44, 51, 30, 40, 11]",11,10,free_flow_time,1.9077725587246113
1274,6,11,5,"[6, 65, 46, 61, 43, 54, 44, 51, 30, 40, 11]",11,10,free_flow_time,1.9144210265034611
1275,6,11,6,"[6, 65, 46, 36, 43, 49, 44, 51, 50, 40, 11]",11,10,free_flow_time,1.980381080710302
1276,6,11,7,"[6, 65, 59, 46, 36, 43, 49, 44, 51, 30, 40, 11]",12,11,free_flow_time,1.9811584505649122
1277,6,11,8,"[6, 65, 46, 36, 43, 54, 44, 51, 50, 40, 11]",11,10,free_flow_time,1.9870295484891516
1278,6,11,9,"[6, 65, 59, 46, 36, 43, 54, 44, 51, 30, 40, 11]",12,11,free_flow_time,1.987806918343762
1279,6,12,0,"[6, 65, 46, 36, 43, 12]",6,5,free_flow_time,0.5232071777843987
1280,6,12,1,"[6, 65, 46, 61, 36, 43, 12]",7,6,free_flow_time,0.5312685292756352
1281,6,12,2,"[6, 65, 46, 61, 43, 12]",6,5,free_flow_time,0.5475760424371447
1282,6,12,3,"[6, 65, 59, 46, 36, 43, 12]",7,6,free_flow_time,0.6209619342774456
1283,6,12,4,"[6, 65, 59, 46, 61, 36, 43, 12]",8,7,free_flow_time,0.629023285768682
1284,6,12,5,"[6, 65, 59, 46, 61, 43, 12]",7,6,free_flow_time,0.6453307989301916
1285,6,12,6,"[6, 65, 46, 61, 55, 43, 12]",7,6,free_flow_time,0.6490348908195915
1286,6,12,7,"[6, 65, 46, 36, 61, 43, 12]",7,6,free_flow_time,0.6707702388365695
1287,6,12,8,"[6, 65, 36, 43, 12]",5,4,free_flow_time,0.7158928243763301
1288,6,12,9,"[6, 65, 59, 46, 61, 55, 43, 12]",8,7,free_flow_time,0.7467896473126384
1289,6,13,0,"[6, 65, 46, 61, 55, 52, 32, 45, 13]",9,8,free_flow_time,1.3843099804073982
1290,6,13,1,"[6, 65, 59, 46, 61, 55, 52, 32, 45, 13]",10,9,free_flow_time,1.4820647369004452
1291,6,13,2,"[6, 65, 46, 36, 61, 55, 52, 32, 45, 13]",10,9,free_flow_time,1.5075041768068231
1292,6,13,3,"[6, 65, 46, 61, 55, 52, 32, 63, 45, 13]",10,9,free_flow_time,1.5844946148276995
1293,6,13,4,"[6, 65, 46, 61, 55, 52, 32, 41, 63, 45, 13]",11,10,free_flow_time,1.5927393358935649
1294,6,13,5,"[6, 65, 59, 46, 36, 61, 55, 52, 32, 45, 13]",11,10,free_flow_time,1.6052589332998697
1295,6,13,6,"[6, 65, 59, 56, 26, 48, 41, 32, 45, 13]",10,9,free_flow_time,1.6372621690087217
1296,6,13,7,"[6, 65, 46, 56, 26, 48, 41, 32, 45, 13]",10,9,free_flow_time,1.6591763358859237
1297,6,13,8,"[6, 65, 59, 46, 61, 55, 52, 32, 63, 45, 13]",11,10,free_flow_time,1.6822493713207465
1298,6,13,9,"[6, 65, 59, 46, 61, 55, 52, 32, 41, 63, 45, 13]",12,11,free_flow_time,1.6904940923866119
1299,6,14,0,"[6, 65, 46, 61, 55, 52, 27, 29, 14]",9,8,free_flow_time,1.7452996516854729
1300,6,14,1,"[6, 65, 46, 61, 55, 52, 60, 33, 29, 14]",10,9,free_flow_time,1.832578018816525
1301,6,14,2,"[6, 65, 59, 46, 61, 55, 52, 27, 29, 14]",10,9,free_flow_time,1.8430544081785194
1302,6,14,3,"[6, 65, 46, 36, 61, 55, 52, 27, 29, 14]",10,9,free_flow_time,1.8684938480848974
1303,6,14,4,"[6, 65, 46, 61, 55, 52, 33, 29, 14]",9,8,free_flow_time,1.89482671754633
1304,6,14,5,"[6, 65, 59, 46, 61, 55, 52, 60, 33, 29, 14]",11,10,free_flow_time,1.9303327753095718
1305,6,14,6,"[6, 65, 46, 36, 61, 55, 52, 60, 33, 29, 14]",11,10,free_flow_time,1.9557722152159498
1306,6,14,7,"[6, 65, 59, 46, 36, 61, 55, 52, 27, 29, 14]",11,10,free_flow_time,1.9662486045779444
1307,6,14,8,"[6, 65, 59, 46, 61, 55, 52, 33, 29, 14]",10,9,free_flow_time,1.9925814740393768
1308,6,14,9,"[6, 65, 46, 61, 55, 52, 60, 31, 33, 29, 14]",11,10,free_flow_time,1.998361199554197
1309,6,15,0,"[6, 65, 46, 36, 43, 49, 44, 51, 30, 15]",10,9,free_flow_time,1.6951887861569859
1310,6,15,1,"[6, 65, 46, 36, 43, 54, 44, 51, 30, 15]",10,9,free_flow_time,1.7018372539358355
1311,6,15,2,"[6, 65, 46, 61, 36, 43, 49, 44, 51, 30, 15]",11,10,free_flow_time,1.703250137648222
1312,6,15,3,"[6, 65, 46, 61, 36, 43, 54, 44, 51, 30, 15]",11,10,free_flow_time,1.709898605427072
1313,6,15,4,"[6, 65, 46, 61, 43, 49, 44, 51, 30, 15]",10,9,free_flow_time,1.7195576508097317
1314,6,15,5,"[6, 65, 46, 61, 43, 54, 44, 51, 30, 15]",10,9,free_flow_time,1.7262061185885815
1315,6,15,6,"[6, 65, 59, 46, 36, 43, 49, 44, 51, 30, 15]",11,10,free_flow_time,1.7929435426500326
1316,6,15,7,"[6, 65, 59, 46, 36, 43, 54, 44, 51, 30, 15]",11,10,free_flow_time,1.7995920104288825
1317,6,15,8,"[6, 65, 59, 46, 61, 36, 43, 49, 44, 51, 30, 15]",12,11,free_flow_time,1.801004894141269
1318,6,15,9,"[6, 65, 59, 46, 61, 36, 43, 54, 44, 51, 30, 15]",12,11,free_flow_time,1.807653361920119
1319,6,16,0,"[6, 65, 46, 36, 43, 49, 44, 51, 30, 40, 16]",11,10,free_flow_time,1.883348054826326
1320,6,16,1,"[6, 65, 46, 36, 43, 54, 44, 51, 30, 40, 16]",11,10,free_flow_time,1.8899965226051756
1321,6,16,2,"[6, 65, 46, 61, 36, 43, 49, 44, 51, 30, 40, 16]",12,11,free_flow_time,1.8914094063175622
1322,6,16,3,"[6, 65, 46, 61, 36, 43, 54, 44, 51, 30, 40, 16]",12,11,free_flow_time,1.898057874096412
1323,6,16,4,"[6, 65, 46, 61, 43, 49, 44, 51, 30, 40, 16]",11,10,free_flow_time,1.9077169194790717
1324,6,16,5,"[6, 65, 46, 61, 43, 54, 44, 51, 30, 40, 16]",11,10,free_flow_time,1.9143653872579216
1325,6,16,6,"[6, 65, 46, 36, 43, 49, 44, 51, 50, 40, 16]",11,10,free_flow_time,1.9803254414647624
1326,6,16,7,"[6, 65, 59, 46, 36, 43, 49, 44, 51, 30, 40, 16]",12,11,free_flow_time,1.9811028113193727
1327,6,16,8,"[6, 65, 46, 36, 43, 54, 44, 51, 50, 40, 16]",11,10,free_flow_time,1.986973909243612
1328,6,16,9,"[6, 65, 59, 46, 36, 43, 54, 44, 51, 30, 40, 16]",12,11,free_flow_time,1.9877512790982226
1329,6,17,0,"[6, 65, 38, 62, 17]",5,4,free_flow_time,0.8065856802501309
1330,6,17,1,"[6, 65, 46, 36, 62, 17]",6,5,free_flow_time,0.8803317951814045
1331,6,17,2,"[6, 65, 46, 61, 36, 62, 17]",7,6,free_flow_time,0.8883931466726409
1332,6,17,3,"[6, 65, 59, 46, 36, 62, 17]",7,6,free_flow_time,0.9780865516744514
1333,6,17,4,"[6, 65, 59, 46, 61, 36, 62, 17]",8,7,free_flow_time,0.9861479031656878
1334,6,17,5,"[6, 65, 36, 62, 17]",5,4,free_flow_time,1.0730174417733358
1335,6,17,6,"[6, 65, 38, 36, 62, 17]",6,5,free_flow_time,1.1613724446196363
1336,6,17,7,"[6, 65, 46, 61, 43, 36, 62, 17]",8,7,free_flow_time,1.1633438319499052
1337,6,17,8,"[6, 65, 59, 38, 62, 17]",6,5,free_flow_time,1.1880273958680005
1338,6,17,9,"[6, 65, 59, 46, 61, 43, 36, 62, 17]",9,8,free_flow_time,1.261098588442952
1339,6,18,0,"[6, 65, 46, 36, 43, 49, 44, 51, 18]",9,8,free_flow_time,1.1624450228587435
1340,6,18,1,"[6, 65, 46, 36, 43, 54, 44, 51, 18]",9,8,free_flow_time,1.1690934906375932
1341,6,18,2,"[6, 65, 46, 61, 36, 43, 49, 44, 51, 18]",10,9,free_flow_time,1.1705063743499797
1342,6,18,3,"[6, 65, 46, 61, 36, 43, 54, 44, 51, 18]",10,9,free_flow_time,1.1771548421288296
1343,6,18,4,"[6, 65, 46, 61, 43, 49, 44, 51, 18]",9,8,free_flow_time,1.1868138875114893
1344,6,18,5,"[6, 65, 46, 61, 43, 54, 44, 51, 18]",9,8,free_flow_time,1.1934623552903392
1345,6,18,6,"[6, 65, 59, 46, 36, 43, 49, 44, 51, 18]",10,9,free_flow_time,1.2601997793517903
1346,6,18,7,"[6, 65, 59, 46, 36, 43, 54, 44, 51, 18]",10,9,free_flow_time,1.2668482471306401
1347,6,18,8,"[6, 65, 59, 46, 61, 36, 43, 49, 44, 51, 18]",11,10,free_flow_time,1.2682611308430267
1348,6,18,9,"[6, 65, 59, 46, 61, 36, 43, 54, 44, 51, 18]",11,10,free_flow_time,1.2749095986218766
1349,6,19,0,"[6, 65, 19]",3,2,free_flow_time,0.0011008039147650144
1350,6,20,0,"[6, 65, 46, 61, 55, 52, 27, 29, 20]",9,8,free_flow_time,1.7457080717383768
1351,6,20,1,"[6, 65, 46, 61, 55, 52, 60, 33, 29, 20]",10,9,free_flow_time,1.832986438869429
1352,6,20,2,"[6, 65, 59, 46, 61, 55, 52, 27, 29, 20]",10,9,free_flow_time,1.8434628282314234
1353,6,20,3,"[6, 65, 46, 36, 61, 55, 52, 27, 29, 20]",10,9,free_flow_time,1.8689022681378014
1354,6,20,4,"[6, 65, 46, 61, 55, 52, 33, 29, 20]",9,8,free_flow_time,1.895235137599234
1355,6,20,5,"[6, 65, 59, 46, 61, 55, 52, 60, 33, 29, 20]",11,10,free_flow_time,1.9307411953624758
1356,6,20,6,"[6, 65, 46, 36, 61, 55, 52, 60, 33, 29, 20]",11,10,free_flow_time,1.9561806352688538
1357,6,20,7,"[6, 65, 59, 46, 36, 61, 55, 52, 27, 29, 20]",11,10,free_flow_time,1.9666570246308483
1358,6,20,8,"[6, 65, 59, 46, 61, 55, 52, 33, 29, 20]",10,9,free_flow_time,1.9929898940922808
1359,6,20,9,"[6, 65, 46, 61, 55, 52, 60, 31, 33, 29, 20]",11,10,free_flow_time,1.998769619607101
1360,6,21,0,"[6, 65, 46, 61, 55, 52, 60, 31, 39, 21]",10,9,free_flow_time,1.4547977652827042
1361,6,21,1,"[6, 65, 59, 46, 61, 55, 52, 60, 31, 39, 21]",11,10,free_flow_time,1.552552521775751
1362,6,21,2,"[6, 65, 46, 61, 55, 52, 60, 42, 39, 21]",10,9,free_flow_time,1.5649608133851454
1363,6,21,3,"[6, 65, 46, 36, 61, 55, 52, 60, 31, 39, 21]",11,10,free_flow_time,1.577991961682129
1364,6,21,4,"[6, 65, 46, 36, 43, 49, 44, 51, 42, 39, 21]",11,10,free_flow_time,1.620305900219434
1365,6,21,5,"[6, 65, 46, 36, 43, 54, 44, 51, 42, 39, 21]",11,10,free_flow_time,1.6269543679982836
1366,6,21,6,"[6, 65, 46, 61, 36, 43, 49, 44, 51, 42, 39, 21]",12,11,free_flow_time,1.6283672517106702
1367,6,21,7,"[6, 65, 46, 61, 36, 43, 54, 44, 51, 42, 39, 21]",12,11,free_flow_time,1.63501571948952
1368,6,21,8,"[6, 65, 46, 61, 55, 52, 60, 33, 39, 21]",10,9,free_flow_time,1.637114816182465
1369,6,21,9,"[6, 65, 46, 61, 43, 49, 44, 51, 42, 39, 21]",11,10,free_flow_time,1.6446747648721798
1370,6,22,0,"[6, 65, 46, 61, 55, 52, 60, 33, 22]",9,8,free_flow_time,1.4423392535890684
1371,6,22,1,"[6, 65, 46, 61, 55, 52, 33, 22]",8,7,free_flow_time,1.5045879523188734
1372,6,22,2,"[6, 65, 59, 46, 61, 55, 52, 60, 33, 22]",10,9,free_flow_time,1.5400940100821152
1373,6,22,3,"[6, 65, 46, 36, 61, 55, 52, 60, 33, 22]",10,9,free_flow_time,1.5655334499884932
1374,6,22,4,"[6, 65, 59, 46, 61, 55, 52, 33, 22]",9,8,free_flow_time,1.6023427088119202
1375,6,22,5,"[6, 65, 46, 61, 55, 52, 60, 31, 33, 22]",10,9,free_flow_time,1.6081224343267404
1376,6,22,6,"[6, 65, 46, 36, 61, 55, 52, 33, 22]",9,8,free_flow_time,1.6277821487182982
1377,6,22,7,"[6, 65, 46, 61, 55, 52, 60, 31, 39, 33, 22]",11,10,free_flow_time,1.650270558191766
1378,6,22,8,"[6, 65, 46, 36, 43, 54, 60, 33, 22]",9,8,free_flow_time,1.6553434430249083
1379,6,22,9,"[6, 65, 59, 46, 36, 61, 55, 52, 60, 33, 22]",11,10,free_flow_time,1.66328820648154
1380,6,23,0,"[6, 65, 46, 36, 43, 23]",6,5,free_flow_time,0.5222993447634644
1381,6,23,1,"[6, 65, 46, 61, 36, 43, 23]",7,6,free_flow_time,0.5303606962547008
1382,6,23,2,"[6, 65, 46, 61, 43, 23]",6,5,free_flow_time,0.5466682094162104
1383,6,23,3,"[6, 65, 59, 46, 36, 43, 23]",7,6,free_flow_time,0.6200541012565113
1384,6,23,4,"[6, 65, 59, 46, 61, 36, 43, 23]",8,7,free_flow_time,0.6281154527477477
1385,6,23,5,"[6, 65, 59, 46, 61, 43, 23]",7,6,free_flow_time,0.6444229659092573
1386,6,23,6,"[6, 65, 46, 61, 55, 43, 23]",7,6,free_flow_time,0.6481270577986572
1387,6,23,7,"[6, 65, 46, 36, 61, 43, 23]",7,6,free_flow_time,0.6698624058156352
1388,6,23,8,"[6, 65, 36, 43, 23]",5,4,free_flow_time,0.7149849913553957
1389,6,23,9,"[6, 65, 59, 46, 61, 55, 43, 23]",8,7,free_flow_time,0.7458818142917041
1390,6,24,0,"[6, 65, 59, 56, 24]",5,4,free_flow_time,0.46550141764083564
1391,6,24,1,"[6, 65, 46, 56, 24]",5,4,free_flow_time,0.4874155845180376
1392,6,24,2,"[6, 65, 59, 46, 56, 24]",6,5,free_flow_time,0.5851703410110846
1393,6,24,3,"[6, 65, 46, 61, 56, 24]",6,5,free_flow_time,0.8078504218355793
1394,6,24,4,"[6, 65, 46, 59, 56, 24]",6,5,free_flow_time,0.8124509189048889
1395,6,24,5,"[6, 65, 59, 46, 61, 56, 24]",7,6,free_flow_time,0.9056051783286262
1396,6,24,6,"[6, 65, 46, 61, 55, 56, 24]",7,6,free_flow_time,0.9091607330729387
1397,6,24,7,"[6, 65, 46, 36, 61, 56, 24]",7,6,free_flow_time,0.9310446182350041
1398,6,24,8,"[6, 65, 59, 46, 61, 55, 56, 24]",8,7,free_flow_time,1.0069154895659855
1399,6,24,9,"[6, 65, 59, 46, 36, 61, 56, 24]",8,7,free_flow_time,1.028799374728051
1400,6,25,0,"[6, 65, 46, 36, 43, 49, 44, 35, 25]",9,8,free_flow_time,1.2980391737501427
1401,6,25,1,"[6, 65, 46, 36, 43, 54, 44, 35, 25]",9,8,free_flow_time,1.3046876415289923
1402,6,25,2,"[6, 65, 46, 61, 36, 43, 49, 44, 35, 25]",10,9,free_flow_time,1.306100525241379
1403,6,25,3,"[6, 65, 46, 61, 36, 43, 54, 44, 35, 25]",10,9,free_flow_time,1.3127489930202287
1404,6,25,4,"[6, 65, 46, 61, 43, 49, 44, 35, 25]",9,8,free_flow_time,1.3224080384028887
1405,6,25,5,"[6, 65, 46, 61, 43, 54, 44, 35, 25]",9,8,free_flow_time,1.3290565061817383
1406,6,25,6,"[6, 65, 38, 62, 47, 35, 25]",7,6,free_flow_time,1.3422282387002704
1407,6,25,7,"[6, 65, 59, 46, 36, 43, 49, 44, 35, 25]",10,9,free_flow_time,1.3957939302431894
1408,6,25,8,"[6, 65, 59, 46, 36, 43, 54, 44, 35, 25]",10,9,free_flow_time,1.4024423980220393
1409,6,25,9,"[6, 65, 59, 46, 61, 36, 43, 49, 44, 35, 25]",11,10,free_flow_time,1.4038552817344259
1410,7,1,0,"[7, 51, 30, 40, 1]",5,4,free_flow_time,0.722616571871619
1411,7,1,1,"[7, 51, 50, 40, 1]",5,4,free_flow_time,0.8195939585100555
1412,7,1,2,"[7, 51, 50, 30, 40, 1]",6,5,free_flow_time,0.910264666224731
1413,7,1,3,"[7, 51, 42, 30, 40, 1]",6,5,free_flow_time,0.9826720682851392
1414,7,1,4,"[7, 51, 60, 42, 30, 40, 1]",7,6,free_flow_time,1.2110748463009182
1415,7,1,5,"[7, 51, 60, 31, 39, 42, 30, 40, 1]",9,8,free_flow_time,1.3153803368071721
1416,7,1,6,"[7, 51, 60, 31, 42, 30, 40, 1]",8,7,free_flow_time,1.3585449506523968
1417,7,1,7,"[7, 51, 42, 28, 40, 1]",6,5,free_flow_time,1.4548756508089118
1418,7,1,8,"[7, 51, 60, 33, 39, 42, 30, 40, 1]",9,8,free_flow_time,1.4976973877069328
1419,7,1,9,"[7, 51, 50, 34, 40, 1]",6,5,free_flow_time,1.5439354851558376
1420,7,2,0,"[7, 51, 60, 52, 32, 41, 48, 2]",8,7,free_flow_time,1.401557799169347
1421,7,2,1,"[7, 51, 60, 52, 32, 41, 64, 48, 2]",9,8,free_flow_time,1.5006443189860155
1422,7,2,2,"[7, 51, 44, 54, 52, 32, 41, 48, 2]",9,8,free_flow_time,1.5912403902637853
1423,7,2,3,"[7, 51, 60, 52, 32, 63, 41, 48, 2]",9,8,free_flow_time,1.6221620783226567
1424,7,2,4,"[7, 51, 44, 54, 52, 32, 41, 64, 48, 2]",10,9,free_flow_time,1.6903269100804537
1425,7,2,5,"[7, 51, 44, 49, 43, 55, 26, 48, 2]",9,8,free_flow_time,1.6947022868621338
1426,7,2,6,"[7, 51, 44, 54, 43, 55, 26, 48, 2]",9,8,free_flow_time,1.7013507546409834
1427,7,2,7,"[7, 51, 60, 52, 32, 63, 41, 64, 48, 2]",10,9,free_flow_time,1.721248598139325
1428,7,2,8,"[7, 51, 44, 49, 43, 36, 61, 55, 26, 48, 2]",11,10,free_flow_time,1.7543026064863134
1429,7,2,9,"[7, 51, 44, 54, 43, 36, 61, 55, 26, 48, 2]",11,10,free_flow_time,1.760951074265163
1430,7,3,0,"[7, 51, 30, 3]",4,3,free_flow_time,0.5342534186490762
1431,7,3,1,"[7, 51, 50, 30, 3]",5,4,free_flow_time,0.7219015130021882
1432,7,3,2,"[7, 51, 42, 30, 3]",5,4,free_flow_time,0.7943089150625964
1433,7,3,3,"[7, 51, 50, 40, 30, 3]",6,5,free_flow_time,1.006910946812593
1434,7,3,4,"[7, 51, 60, 42, 30, 3]",6,5,free_flow_time,1.0227116930783755
1435,7,3,5,"[7, 51, 60, 31, 39, 42, 30, 3]",8,7,free_flow_time,1.1270171835846294
1436,7,3,6,"[7, 51, 60, 31, 42, 30, 3]",7,6,free_flow_time,1.170181797429854
1437,7,3,7,"[7, 51, 60, 33, 39, 42, 30, 3]",8,7,free_flow_time,1.3093342344843901
1438,7,3,8,"[7, 51, 60, 33, 31, 39, 42, 30, 3]",9,8,free_flow_time,1.357583189240843
1439,7,3,9,"[7, 51, 60, 33, 31, 42, 30, 3]",8,7,free_flow_time,1.4007478030860674
1440,7,4,0,"[7, 51, 60, 52, 32, 41, 64, 57, 4]",9,8,free_flow_time,1.4829166536737983
1441,7,4,1,"[7, 51, 60, 52, 32, 41, 53, 57, 4]",9,8,free_flow_time,1.6176541459804654
1442,7,4,2,"[7, 51, 44, 54, 52, 32, 41, 64, 57, 4]",10,9,free_flow_time,1.6725992447682365
1443,7,4,3,"[7, 51, 60, 52, 32, 41, 48, 57, 4]",9,8,free_flow_time,1.69127529661225
1444,7,4,4,"[7, 51, 60, 52, 32, 63, 41, 64, 57, 4]",10,9,free_flow_time,1.703520932827108
1445,7,4,5,"[7, 51, 60, 52, 32, 41, 48, 64, 57, 4]",10,9,free_flow_time,1.763533723204362
1446,7,4,6,"[7, 51, 60, 52, 32, 41, 64, 48, 57, 4]",10,9,free_flow_time,1.7903618164289181
1447,7,4,7,"[7, 51, 44, 54, 52, 32, 41, 53, 57, 4]",10,9,free_flow_time,1.8073367370749036
1448,7,4,8,"[7, 51, 60, 52, 32, 41, 53, 64, 57, 4]",10,9,free_flow_time,1.8096144754600154
1449,7,4,9,"[7, 51, 60, 52, 32, 63, 41, 53, 57, 4]",10,9,free_flow_time,1.838258425133775
1450,7,5,0,"[7, 51, 60, 52, 5]",5,4,free_flow_time,0.5858848404115811
1451,7,5,1,"[7, 51, 44, 54, 52, 5]",6,5,free_flow_time,0.7755674315060191
1452,7,5,2,"[7, 51, 44, 49, 54, 52, 5]",7,6,free_flow_time,1.012406762064826
1453,7,5,3,"[7, 51, 42, 60, 52, 5]",6,5,free_flow_time,1.0232722788401274
1454,7,5,4,"[7, 51, 42, 39, 31, 60, 52, 5]",8,7,free_flow_time,1.1275777693463813
1455,7,5,5,"[7, 51, 44, 60, 52, 5]",6,5,free_flow_time,1.157427887571611
1456,7,5,6,"[7, 51, 42, 31, 60, 52, 5]",7,6,free_flow_time,1.1707423831916057
1457,7,5,7,"[7, 51, 50, 44, 54, 52, 5]",7,6,free_flow_time,1.189868433611685
1458,7,5,8,"[7, 51, 60, 54, 52, 5]",6,5,free_flow_time,1.191279593825671
1459,7,5,9,"[7, 51, 44, 54, 60, 52, 5]",7,6,free_flow_time,1.1921571735651832
1460,7,6,0,"[7, 51, 44, 49, 43, 36, 46, 65, 6]",9,8,free_flow_time,1.1622992158772787
1461,7,6,1,"[7, 51, 44, 54, 43, 36, 46, 65, 6]",9,8,free_flow_time,1.1689476836561286
1462,7,6,2,"[7, 51, 44, 49, 43, 36, 61, 46, 65, 6]",10,9,free_flow_time,1.1703605673685151
1463,7,6,3,"[7, 51, 44, 54, 43, 36, 61, 46, 65, 6]",10,9,free_flow_time,1.177009035147365
1464,7,6,4,"[7, 51, 44, 49, 43, 61, 46, 65, 6]",9,8,free_flow_time,1.1866680805300247
1465,7,6,5,"[7, 51, 44, 54, 43, 61, 46, 65, 6]",9,8,free_flow_time,1.1933165483088746
1466,7,6,6,"[7, 51, 44, 49, 43, 36, 46, 59, 65, 6]",10,9,free_flow_time,1.2600539723703255
1467,7,6,7,"[7, 51, 44, 54, 43, 36, 46, 59, 65, 6]",10,9,free_flow_time,1.2667024401491755
1468,7,6,8,"[7, 51, 44, 49, 43, 36, 61, 46, 59, 65, 6]",11,10,free_flow_time,1.2681153238615621
1469,7,6,9,"[7, 51, 44, 54, 43, 36, 61, 46, 59, 65, 6]",11,10,free_flow_time,1.2747637916404118
1470,7,7,0,"[7, 51, 7]",3,2,free_flow_time,0.0009805054863734905
1471,7,8,0,"[7, 51, 60, 33, 29, 8]",6,5,free_flow_time,0.9547959837334237
1472,7,8,1,"[7, 51, 42, 39, 33, 29, 8]",7,6,free_flow_time,1.044487558422783
1473,7,8,2,"[7, 51, 42, 39, 29, 8]",6,5,free_flow_time,1.0650967262531548
1474,7,8,3,"[7, 51, 42, 39, 31, 33, 29, 8]",8,7,free_flow_time,1.092736513179236
1475,7,8,4,"[7, 51, 60, 31, 33, 29, 8]",7,6,free_flow_time,1.1205791644710956
1476,7,8,5,"[7, 51, 42, 31, 33, 29, 8]",7,6,free_flow_time,1.1359011270244603
1477,7,8,6,"[7, 51, 60, 31, 39, 33, 29, 8]",8,7,free_flow_time,1.162727288336121
1478,7,8,7,"[7, 51, 42, 29, 8]",5,4,free_flow_time,1.1688036980934255
1479,7,8,8,"[7, 51, 42, 31, 39, 33, 29, 8]",8,7,free_flow_time,1.1780492508894858
1480,7,8,9,"[7, 51, 60, 31, 39, 29, 8]",7,6,free_flow_time,1.1833364561664927
1481,7,9,0,"[7, 51, 44, 49, 9]",5,4,free_flow_time,0.38133747081368796
1482,7,9,1,"[7, 51, 44, 54, 49, 9]",6,5,free_flow_time,0.5418754796835176
1483,7,9,2,"[7, 51, 50, 44, 49, 9]",6,5,free_flow_time,0.7956384729193536
1484,7,9,3,"[7, 51, 60, 44, 49, 9]",6,5,free_flow_time,0.8937612856440813
1485,7,9,4,"[7, 51, 44, 54, 43, 49, 9]",7,6,free_flow_time,0.9073676590131375
1486,7,9,5,"[7, 51, 60, 54, 44, 49, 9]",7,6,free_flow_time,0.9284905716376534
1487,7,9,6,"[7, 51, 50, 44, 54, 49, 9]",7,6,free_flow_time,0.9561764817891832
1488,7,9,7,"[7, 51, 60, 54, 49, 9]",6,5,free_flow_time,0.9575876420031691
1489,7,9,8,"[7, 51, 50, 34, 44, 49, 9]",7,6,free_flow_time,0.9639589997002627
1490,7,9,9,"[7, 51, 60, 44, 54, 49, 9]",7,6,free_flow_time,1.0542992945139107
1491,7,10,0,"[7, 51, 60, 33, 29, 10]",6,5,free_flow_time,0.9559833589127148
1492,7,10,1,"[7, 51, 42, 39, 33, 29, 10]",7,6,free_flow_time,1.0456749336020743
1493,7,10,2,"[7, 51, 42, 39, 29, 10]",6,5,free_flow_time,1.066284101432446
1494,7,10,3,"[7, 51, 42, 39, 31, 33, 29, 10]",8,7,free_flow_time,1.0939238883585272
1495,7,10,4,"[7, 51, 60, 31, 33, 29, 10]",7,6,free_flow_time,1.1217665396503869
1496,7,10,5,"[7, 51, 42, 31, 33, 29, 10]",7,6,free_flow_time,1.1370885022037516
1497,7,10,6,"[7, 51, 60, 31, 39, 33, 29, 10]",8,7,free_flow_time,1.1639146635154123
1498,7,10,7,"[7, 51, 42, 29, 10]",5,4,free_flow_time,1.1699910732727168
1499,7,10,8,"[7, 51, 42, 31, 39, 33, 29, 10]",8,7,free_flow_time,1.179236626068777
1500,7,10,9,"[7, 51, 60, 31, 39, 29, 10]",7,6,free_flow_time,1.184523831345784
1501,7,11,0,"[7, 51, 30, 40, 11]",5,4,free_flow_time,0.72208498368096
1502,7,11,1,"[7, 51, 50, 40, 11]",5,4,free_flow_time,0.8190623703193964
1503,7,11,2,"[7, 51, 50, 30, 40, 11]",6,5,free_flow_time,0.909733078034072
1504,7,11,3,"[7, 51, 42, 30, 40, 11]",6,5,free_flow_time,0.9821404800944802
1505,7,11,4,"[7, 51, 60, 42, 30, 40, 11]",7,6,free_flow_time,1.2105432581102593
1506,7,11,5,"[7, 51, 60, 31, 39, 42, 30, 40, 11]",9,8,free_flow_time,1.3148487486165132
1507,7,11,6,"[7, 51, 60, 31, 42, 30, 40, 11]",8,7,free_flow_time,1.3580133624617379
1508,7,11,7,"[7, 51, 42, 28, 40, 11]",6,5,free_flow_time,1.4543440626182529
1509,7,11,8,"[7, 51, 60, 33, 39, 42, 30, 40, 11]",9,8,free_flow_time,1.497165799516274
1510,7,11,9,"[7, 51, 50, 34, 40, 11]",6,5,free_flow_time,1.5434038969651787
1511,7,12,0,"[7, 51, 44, 49, 43, 12]",6,5,free_flow_time,0.64123598584975
1512,7,12,1,"[7, 51, 44, 54, 43, 12]",6,5,free_flow_time,0.6478844536285998
1513,7,12,2,"[7, 51, 44, 54, 49, 43, 12]",7,6,free_flow_time,0.8017739947195796
1514,7,12,3,"[7, 51, 44, 49, 54, 43, 12]",7,6,free_flow_time,0.8847237841874066
1515,7,12,4,"[7, 51, 50, 44, 49, 43, 12]",7,6,free_flow_time,1.0555369879554155
1516,7,12,5,"[7, 51, 50, 44, 54, 43, 12]",7,6,free_flow_time,1.0621854557342654
1517,7,12,6,"[7, 51, 60, 54, 43, 12]",6,5,free_flow_time,1.0635966159482513
1518,7,12,7,"[7, 51, 60, 44, 49, 43, 12]",7,6,free_flow_time,1.1536598006801433
1519,7,12,8,"[7, 51, 60, 44, 54, 43, 12]",7,6,free_flow_time,1.160308268458993
1520,7,12,9,"[7, 51, 60, 52, 55, 43, 12]",7,6,free_flow_time,1.172829475403411
1521,7,13,0,"[7, 51, 60, 52, 32, 45, 13]",7,6,free_flow_time,1.1838653583802028
1522,7,13,1,"[7, 51, 60, 33, 27, 45, 13]",7,6,free_flow_time,1.3714065433293152
1523,7,13,2,"[7, 51, 44, 54, 52, 32, 45, 13]",8,7,free_flow_time,1.3735479494746408
1524,7,13,3,"[7, 51, 60, 52, 32, 63, 45, 13]",8,7,free_flow_time,1.3840499928005041
1525,7,13,4,"[7, 51, 60, 52, 32, 41, 63, 45, 13]",9,8,free_flow_time,1.3922947138663693
1526,7,13,5,"[7, 51, 42, 39, 33, 27, 45, 13]",8,7,free_flow_time,1.461098118018675
1527,7,13,6,"[7, 51, 42, 39, 31, 33, 27, 45, 13]",9,8,free_flow_time,1.5093470727751277
1528,7,13,7,"[7, 51, 60, 52, 27, 45, 13]",7,6,free_flow_time,1.5362886459455476
1529,7,13,8,"[7, 51, 60, 31, 33, 27, 45, 13]",8,7,free_flow_time,1.5371897240669874
1530,7,13,9,"[7, 51, 42, 31, 33, 27, 45, 13]",8,7,free_flow_time,1.552511686620352
1531,7,14,0,"[7, 51, 60, 33, 29, 14]",6,5,free_flow_time,0.9550071732756876
1532,7,14,1,"[7, 51, 42, 39, 33, 29, 14]",7,6,free_flow_time,1.044698747965047
1533,7,14,2,"[7, 51, 42, 39, 29, 14]",6,5,free_flow_time,1.0653079157954186
1534,7,14,3,"[7, 51, 42, 39, 31, 33, 29, 14]",8,7,free_flow_time,1.0929477027214998
1535,7,14,4,"[7, 51, 60, 31, 33, 29, 14]",7,6,free_flow_time,1.1207903540133595
1536,7,14,5,"[7, 51, 42, 31, 33, 29, 14]",7,6,free_flow_time,1.1361123165667242
1537,7,14,6,"[7, 51, 60, 31, 39, 33, 29, 14]",8,7,free_flow_time,1.162938477878385
1538,7,14,7,"[7, 51, 42, 29, 14]",5,4,free_flow_time,1.1690148876356894
1539,7,14,8,"[7, 51, 42, 31, 39, 33, 29, 14]",8,7,free_flow_time,1.1782604404317496
1540,7,14,9,"[7, 51, 60, 31, 39, 29, 14]",7,6,free_flow_time,1.1835476457087566
1541,7,15,0,"[7, 51, 30, 15]",4,3,free_flow_time,0.5338700757660803
1542,7,15,1,"[7, 51, 50, 30, 15]",5,4,free_flow_time,0.7215181701191923
1543,7,15,2,"[7, 51, 42, 30, 15]",5,4,free_flow_time,0.7939255721796005
1544,7,15,3,"[7, 51, 50, 40, 30, 15]",6,5,free_flow_time,1.0065276039295972
1545,7,15,4,"[7, 51, 60, 42, 30, 15]",6,5,free_flow_time,1.0223283501953797
1546,7,15,5,"[7, 51, 60, 31, 39, 42, 30, 15]",8,7,free_flow_time,1.1266338407016336
1547,7,15,6,"[7, 51, 60, 31, 42, 30, 15]",7,6,free_flow_time,1.1697984545468583
1548,7,15,7,"[7, 51, 60, 33, 39, 42, 30, 15]",8,7,free_flow_time,1.3089508916013943
1549,7,15,8,"[7, 51, 60, 33, 31, 39, 42, 30, 15]",9,8,free_flow_time,1.3571998463578472
1550,7,15,9,"[7, 51, 60, 33, 31, 42, 30, 15]",8,7,free_flow_time,1.4003644602030716
1551,7,16,0,"[7, 51, 30, 40, 16]",5,4,free_flow_time,0.7220293444354204
1552,7,16,1,"[7, 51, 50, 40, 16]",5,4,free_flow_time,0.8190067310738569
1553,7,16,2,"[7, 51, 50, 30, 40, 16]",6,5,free_flow_time,0.9096774387885325
1554,7,16,3,"[7, 51, 42, 30, 40, 16]",6,5,free_flow_time,0.9820848408489407
1555,7,16,4,"[7, 51, 60, 42, 30, 40, 16]",7,6,free_flow_time,1.2104876188647198
1556,7,16,5,"[7, 51, 60, 31, 39, 42, 30, 40, 16]",9,8,free_flow_time,1.3147931093709737
1557,7,16,6,"[7, 51, 60, 31, 42, 30, 40, 16]",8,7,free_flow_time,1.3579577232161983
1558,7,16,7,"[7, 51, 42, 28, 40, 16]",6,5,free_flow_time,1.4542884233727134
1559,7,16,8,"[7, 51, 60, 33, 39, 42, 30, 40, 16]",9,8,free_flow_time,1.4971101602707344
1560,7,16,9,"[7, 51, 50, 34, 40, 16]",6,5,free_flow_time,1.5433482577196391
1561,7,17,0,"[7, 51, 44, 49, 62, 17]",6,5,free_flow_time,0.8922614605660615
1562,7,17,1,"[7, 51, 44, 49, 47, 62, 17]",7,6,free_flow_time,1.0445156112428085
1563,7,17,2,"[7, 51, 44, 54, 49, 62, 17]",7,6,free_flow_time,1.0527994694358913
1564,7,17,3,"[7, 51, 44, 54, 49, 47, 62, 17]",8,7,free_flow_time,1.205053620112638
1565,7,17,4,"[7, 51, 44, 35, 47, 62, 17]",7,6,free_flow_time,1.223656625234199
1566,7,17,5,"[7, 51, 44, 49, 43, 36, 62, 17]",8,7,free_flow_time,1.2570037753625103
1567,7,17,6,"[7, 51, 44, 54, 43, 36, 62, 17]",8,7,free_flow_time,1.2636522431413602
1568,7,17,7,"[7, 51, 50, 44, 49, 62, 17]",7,6,free_flow_time,1.3065624626717272
1569,7,17,8,"[7, 51, 50, 34, 35, 47, 62, 17]",8,7,free_flow_time,1.4032697090450812
1570,7,17,9,"[7, 51, 44, 49, 43, 61, 36, 62, 17]",9,8,free_flow_time,1.404566836414681
1571,7,18,0,"[7, 51, 18]",3,2,free_flow_time,0.0011263124678380053
1572,7,19,0,"[7, 51, 44, 49, 43, 36, 46, 65, 19]",9,8,free_flow_time,1.162073560334074
1573,7,19,1,"[7, 51, 44, 54, 43, 36, 46, 65, 19]",9,8,free_flow_time,1.1687220281129238
1574,7,19,2,"[7, 51, 44, 49, 43, 36, 61, 46, 65, 19]",10,9,free_flow_time,1.1701349118253104
1575,7,19,3,"[7, 51, 44, 54, 43, 36, 61, 46, 65, 19]",10,9,free_flow_time,1.1767833796041602
1576,7,19,4,"[7, 51, 44, 49, 43, 61, 46, 65, 19]",9,8,free_flow_time,1.18644242498682
1577,7,19,5,"[7, 51, 44, 54, 43, 61, 46, 65, 19]",9,8,free_flow_time,1.1930908927656698
1578,7,19,6,"[7, 51, 44, 49, 43, 36, 46, 59, 65, 19]",10,9,free_flow_time,1.2598283168271207
1579,7,19,7,"[7, 51, 44, 54, 43, 36, 46, 59, 65, 19]",10,9,free_flow_time,1.2664767846059708
1580,7,19,8,"[7, 51, 44, 49, 43, 36, 61, 46, 59, 65, 19]",11,10,free_flow_time,1.2678896683183574
1581,7,19,9,"[7, 51, 44, 54, 43, 36, 61, 46, 59, 65, 19]",11,10,free_flow_time,1.274538136097207
1582,7,20,0,"[7, 51, 60, 33, 29, 20]",6,5,free_flow_time,0.9554155933285915
1583,7,20,1,"[7, 51, 42, 39, 33, 29, 20]",7,6,free_flow_time,1.045107168017951
1584,7,20,2,"[7, 51, 42, 39, 29, 20]",6,5,free_flow_time,1.0657163358483226
1585,7,20,3,"[7, 51, 42, 39, 31, 33, 29, 20]",8,7,free_flow_time,1.0933561227744037
1586,7,20,4,"[7, 51, 60, 31, 33, 29, 20]",7,6,free_flow_time,1.1211987740662634
1587,7,20,5,"[7, 51, 42, 31, 33, 29, 20]",7,6,free_flow_time,1.1365207366196282
1588,7,20,6,"[7, 51, 60, 31, 39, 33, 29, 20]",8,7,free_flow_time,1.1633468979312889
1589,7,20,7,"[7, 51, 42, 29, 20]",5,4,free_flow_time,1.1694233076885934
1590,7,20,8,"[7, 51, 42, 31, 39, 33, 29, 20]",8,7,free_flow_time,1.1786688604846536
1591,7,20,9,"[7, 51, 60, 31, 39, 29, 20]",7,6,free_flow_time,1.1839560657616606
1592,7,21,0,"[7, 51, 42, 39, 21]",5,4,free_flow_time,0.45898718982852843
1593,7,21,1,"[7, 51, 60, 31, 39, 21]",6,5,free_flow_time,0.5772269197418665
1594,7,21,2,"[7, 51, 42, 31, 39, 21]",6,5,free_flow_time,0.5925488822952312
1595,7,21,3,"[7, 51, 60, 42, 39, 21]",6,5,free_flow_time,0.6873899678443076
1596,7,21,4,"[7, 51, 60, 33, 39, 21]",6,5,free_flow_time,0.759543970641627
1597,7,21,5,"[7, 51, 60, 33, 31, 39, 21]",7,6,free_flow_time,0.8077929253980799
1598,7,21,6,"[7, 51, 60, 42, 31, 39, 21]",7,6,free_flow_time,0.8209516603110103
1599,7,21,7,"[7, 51, 60, 31, 42, 39, 21]",7,6,free_flow_time,0.8348600721957861
1600,7,21,8,"[7, 51, 60, 31, 33, 39, 21]",7,6,free_flow_time,0.9253271513792991
1601,7,21,9,"[7, 51, 42, 31, 33, 39, 21]",7,6,free_flow_time,0.9406491139326638
1602,7,22,0,"[7, 51, 60, 33, 22]",5,4,free_flow_time,0.5647684080482307
1603,7,22,1,"[7, 51, 42, 39, 33, 22]",6,5,free_flow_time,0.6544599827375902
1604,7,22,2,"[7, 51, 42, 39, 31, 33, 22]",7,6,free_flow_time,0.7027089374940431
1605,7,22,3,"[7, 51, 60, 31, 33, 22]",6,5,free_flow_time,0.7305515887859028
1606,7,22,4,"[7, 51, 42, 31, 33, 22]",6,5,free_flow_time,0.7458735513392675
1607,7,22,5,"[7, 51, 60, 31, 39, 33, 22]",7,6,free_flow_time,0.7726997126509282
1608,7,22,6,"[7, 51, 42, 31, 39, 33, 22]",7,6,free_flow_time,0.7880216752042929
1609,7,22,7,"[7, 51, 60, 42, 39, 33, 22]",7,6,free_flow_time,0.8828627607533693
1610,7,22,8,"[7, 51, 60, 42, 39, 31, 33, 22]",8,7,free_flow_time,0.9311117155098222
1611,7,22,9,"[7, 51, 60, 42, 31, 33, 22]",7,6,free_flow_time,0.9742763293550466
1612,7,23,0,"[7, 51, 44, 49, 43, 23]",6,5,free_flow_time,0.6403281528288156
1613,7,23,1,"[7, 51, 44, 54, 43, 23]",6,5,free_flow_time,0.6469766206076655
1614,7,23,2,"[7, 51, 44, 54, 49, 43, 23]",7,6,free_flow_time,0.8008661616986452
1615,7,23,3,"[7, 51, 44, 49, 54, 43, 23]",7,6,free_flow_time,0.8838159511664723
1616,7,23,4,"[7, 51, 50, 44, 49, 43, 23]",7,6,free_flow_time,1.0546291549344813
1617,7,23,5,"[7, 51, 50, 44, 54, 43, 23]",7,6,free_flow_time,1.0612776227133311
1618,7,23,6,"[7, 51, 60, 54, 43, 23]",6,5,free_flow_time,1.062688782927317
1619,7,23,7,"[7, 51, 60, 44, 49, 43, 23]",7,6,free_flow_time,1.152751967659209
1620,7,23,8,"[7, 51, 60, 44, 54, 43, 23]",7,6,free_flow_time,1.1594004354380587
1621,7,23,9,"[7, 51, 60, 52, 55, 43, 23]",7,6,free_flow_time,1.1719216423824768
1622,7,24,0,"[7, 51, 44, 49, 43, 36, 46, 56, 24]",9,8,free_flow_time,1.267408596199914
1623,7,24,1,"[7, 51, 44, 54, 43, 36, 46, 56, 24]",9,8,free_flow_time,1.2740570639787638
1624,7,24,2,"[7, 51, 44, 49, 43, 36, 61, 46, 56, 24]",10,9,free_flow_time,1.2754699476911504
1625,7,24,3,"[7, 51, 44, 54, 43, 36, 61, 46, 56, 24]",10,9,free_flow_time,1.2821184154700003
1626,7,24,4,"[7, 51, 44, 49, 43, 61, 46, 56, 24]",9,8,free_flow_time,1.29177746085266
1627,7,24,5,"[7, 51, 44, 54, 43, 61, 46, 56, 24]",9,8,free_flow_time,1.2984259286315096
1628,7,24,6,"[7, 51, 44, 49, 43, 36, 61, 56, 24]",9,8,free_flow_time,1.3077165984161099
1629,7,24,7,"[7, 51, 44, 54, 43, 36, 61, 56, 24]",9,8,free_flow_time,1.3143650661949597
1630,7,24,8,"[7, 51, 44, 49, 43, 61, 56, 24]",8,7,free_flow_time,1.3240241115776195
1631,7,24,9,"[7, 51, 44, 54, 43, 61, 56, 24]",8,7,free_flow_time,1.3306725793564693
1632,7,25,0,"[7, 51, 44, 35, 25]",5,4,free_flow_time,0.6889440012016032
1633,7,25,1,"[7, 51, 50, 34, 35, 25]",6,5,free_flow_time,0.8685570850124853
1634,7,25,2,"[7, 51, 44, 49, 47, 35, 25]",7,6,free_flow_time,1.0487156345504147
1635,7,25,3,"[7, 51, 50, 44, 35, 25]",6,5,free_flow_time,1.1032450033072687
1636,7,25,4,"[7, 51, 44, 34, 35, 25]",6,5,free_flow_time,1.1218503936802096
1637,7,25,5,"[7, 51, 44, 49, 35, 25]",6,5,free_flow_time,1.160517392321034
1638,7,25,6,"[7, 51, 60, 44, 35, 25]",6,5,free_flow_time,1.2013678160319965
1639,7,25,7,"[7, 51, 44, 54, 49, 47, 35, 25]",8,7,free_flow_time,1.2092536434202443
1640,7,25,8,"[7, 51, 60, 54, 44, 35, 25]",7,6,free_flow_time,1.2360971020255684
1641,7,25,9,"[7, 51, 50, 34, 44, 35, 25]",7,6,free_flow_time,1.2715655300881779
1642,8,1,0,"[8, 29, 33, 39, 42, 30, 40, 1]",8,7,free_flow_time,1.3240901552960525
1643,8,1,1,"[8, 29, 39, 42, 30, 40, 1]",7,6,free_flow_time,1.3446993231264242
1644,8,1,2,"[8, 29, 33, 31, 39, 42, 30, 40, 1]",9,8,free_flow_time,1.3723391100525053
1645,8,1,3,"[8, 29, 33, 31, 42, 30, 40, 1]",8,7,free_flow_time,1.4155037238977297
1646,8,1,4,"[8, 29, 42, 30, 40, 1]",6,5,free_flow_time,1.448406294966695
1647,8,1,5,"[8, 29, 33, 39, 31, 42, 30, 40, 1]",9,8,free_flow_time,1.4576518477627551
1648,8,1,6,"[8, 29, 39, 31, 42, 30, 40, 1]",8,7,free_flow_time,1.4782610155931268
1649,8,1,7,"[8, 29, 33, 60, 42, 30, 40, 1]",8,7,free_flow_time,1.6717860190352392
1650,8,1,8,"[8, 29, 33, 60, 51, 30, 40, 1]",8,7,free_flow_time,1.6764320501186691
1651,8,1,9,"[8, 29, 27, 33, 39, 42, 30, 40, 1]",9,8,free_flow_time,1.74905590906241
1652,8,2,0,"[8, 29, 27, 45, 32, 41, 48, 2]",8,7,free_flow_time,1.3115190854123937
1653,8,2,1,"[8, 29, 27, 45, 63, 41, 48, 2]",8,7,free_flow_time,1.3917934794760833
1654,8,2,2,"[8, 29, 27, 45, 32, 41, 64, 48, 2]",9,8,free_flow_time,1.410605605229062
1655,8,2,3,"[8, 29, 27, 45, 63, 41, 64, 48, 2]",9,8,free_flow_time,1.4908799992927517
1656,8,2,4,"[8, 29, 27, 45, 63, 32, 41, 48, 2]",9,8,free_flow_time,1.511703719832695
1657,8,2,5,"[8, 29, 27, 45, 32, 63, 41, 48, 2]",9,8,free_flow_time,1.532123364565703
1658,8,2,6,"[8, 29, 27, 45, 63, 32, 41, 64, 48, 2]",10,9,free_flow_time,1.6107902396493634
1659,8,2,7,"[8, 29, 27, 45, 32, 63, 41, 64, 48, 2]",10,9,free_flow_time,1.6312098843823715
1660,8,2,8,"[8, 29, 27, 45, 32, 41, 64, 57, 48, 2]",10,9,free_flow_time,1.681303877558027
1661,8,2,9,"[8, 29, 27, 45, 32, 41, 53, 64, 48, 2]",10,9,free_flow_time,1.7373034270152792
1662,8,3,0,"[8, 29, 33, 39, 42, 30, 3]",7,6,free_flow_time,1.1357270020735097
1663,8,3,1,"[8, 29, 39, 42, 30, 3]",6,5,free_flow_time,1.1563361699038814
1664,8,3,2,"[8, 29, 33, 31, 39, 42, 30, 3]",8,7,free_flow_time,1.1839759568299626
1665,8,3,3,"[8, 29, 33, 31, 42, 30, 3]",7,6,free_flow_time,1.227140570675187
1666,8,3,4,"[8, 29, 42, 30, 3]",5,4,free_flow_time,1.2600431417441522
1667,8,3,5,"[8, 29, 33, 39, 31, 42, 30, 3]",8,7,free_flow_time,1.2692886945402124
1668,8,3,6,"[8, 29, 39, 31, 42, 30, 3]",7,6,free_flow_time,1.2898978623705841
1669,8,3,7,"[8, 29, 33, 60, 42, 30, 3]",7,6,free_flow_time,1.4834228658126964
1670,8,3,8,"[8, 29, 33, 60, 51, 30, 3]",7,6,free_flow_time,1.4880688968961264
1671,8,3,9,"[8, 29, 27, 33, 39, 42, 30, 3]",8,7,free_flow_time,1.5606927558398673
1672,8,4,0,"[8, 29, 27, 45, 32, 41, 64, 57, 4]",9,8,free_flow_time,1.392877939916845
1673,8,4,1,"[8, 29, 27, 45, 63, 41, 64, 57, 4]",9,8,free_flow_time,1.4731523339805346
1674,8,4,2,"[8, 29, 27, 45, 32, 41, 53, 57, 4]",9,8,free_flow_time,1.527615432223512
1675,8,4,3,"[8, 29, 27, 45, 53, 57, 4]",7,6,free_flow_time,1.5368870722402752
1676,8,4,4,"[8, 29, 27, 37, 58, 53, 57, 4]",8,7,free_flow_time,1.5743067687334933
1677,8,4,5,"[8, 29, 27, 45, 63, 32, 41, 64, 57, 4]",10,9,free_flow_time,1.5930625743371463
1678,8,4,6,"[8, 29, 27, 45, 32, 41, 48, 57, 4]",9,8,free_flow_time,1.6012365828552966
1679,8,4,7,"[8, 29, 27, 45, 63, 41, 53, 57, 4]",9,8,free_flow_time,1.6078898262872015
1680,8,4,8,"[8, 29, 27, 45, 32, 63, 41, 64, 57, 4]",10,9,free_flow_time,1.6134822190701543
1681,8,4,9,"[8, 29, 27, 58, 53, 57, 4]",7,6,free_flow_time,1.6332620117297165
1682,8,5,0,"[8, 29, 27, 52, 5]",5,4,free_flow_time,0.9593176460148497
1683,8,5,1,"[8, 29, 33, 60, 52, 5]",6,5,free_flow_time,1.0465960131459022
1684,8,5,2,"[8, 29, 33, 52, 5]",5,4,free_flow_time,1.1088447118757072
1685,8,5,3,"[8, 29, 33, 31, 60, 52, 5]",7,6,free_flow_time,1.2123791938835742
1686,8,5,4,"[8, 29, 33, 39, 31, 60, 52, 5]",8,7,free_flow_time,1.2545273177485996
1687,8,5,5,"[8, 29, 39, 31, 60, 52, 5]",7,6,free_flow_time,1.275136485578971
1688,8,5,6,"[8, 29, 27, 45, 32, 52, 5]",7,6,free_flow_time,1.3484949180978143
1689,8,5,7,"[8, 29, 33, 39, 42, 60, 52, 5]",8,7,free_flow_time,1.3646903658510408
1690,8,5,8,"[8, 29, 39, 42, 60, 52, 5]",7,6,free_flow_time,1.3852995336814122
1691,8,5,9,"[8, 29, 33, 27, 52, 5]",6,5,free_flow_time,1.4062979816314725
1692,8,6,0,"[8, 29, 27, 52, 55, 61, 46, 65, 6]",9,8,free_flow_time,1.745088462143209
1693,8,6,1,"[8, 29, 33, 60, 52, 55, 61, 46, 65, 6]",10,9,free_flow_time,1.8323668292742614
1694,8,6,2,"[8, 29, 27, 52, 55, 61, 46, 59, 65, 6]",10,9,free_flow_time,1.8428432186362558
1695,8,6,3,"[8, 29, 27, 52, 55, 61, 36, 46, 65, 6]",10,9,free_flow_time,1.8682826585426338
1696,8,6,4,"[8, 29, 33, 52, 55, 61, 46, 65, 6]",9,8,free_flow_time,1.8946155280040664
1697,8,6,5,"[8, 29, 33, 60, 52, 55, 61, 46, 59, 65, 6]",11,10,free_flow_time,1.9301215857673084
1698,8,6,6,"[8, 29, 33, 60, 52, 55, 61, 36, 46, 65, 6]",11,10,free_flow_time,1.9555610256736862
1699,8,6,7,"[8, 29, 27, 52, 55, 61, 36, 46, 59, 65, 6]",11,10,free_flow_time,1.9660374150356807
1700,8,6,8,"[8, 29, 33, 52, 55, 61, 46, 59, 65, 6]",10,9,free_flow_time,1.9923702844971134
1701,8,6,9,"[8, 29, 33, 31, 60, 52, 55, 61, 46, 65, 6]",11,10,free_flow_time,1.9981500100119334
1702,8,7,0,"[8, 29, 33, 60, 51, 7]",6,5,free_flow_time,0.9547959837334237
1703,8,7,1,"[8, 29, 33, 39, 42, 51, 7]",7,6,free_flow_time,1.044487558422783
1704,8,7,2,"[8, 29, 39, 42, 51, 7]",6,5,free_flow_time,1.0650967262531548
1705,8,7,3,"[8, 29, 33, 31, 39, 42, 51, 7]",8,7,free_flow_time,1.092736513179236
1706,8,7,4,"[8, 29, 33, 31, 60, 51, 7]",7,6,free_flow_time,1.1205791644710956
1707,8,7,5,"[8, 29, 33, 31, 42, 51, 7]",7,6,free_flow_time,1.1359011270244603
1708,8,7,6,"[8, 29, 33, 39, 31, 60, 51, 7]",8,7,free_flow_time,1.162727288336121
1709,8,7,7,"[8, 29, 42, 51, 7]",5,4,free_flow_time,1.1688036980934255
1710,8,7,8,"[8, 29, 33, 39, 31, 42, 51, 7]",8,7,free_flow_time,1.1780492508894858
1711,8,7,9,"[8, 29, 39, 31, 60, 51, 7]",7,6,free_flow_time,1.1833364561664925
1712,8,8,0,"[8, 29, 8]",3,2,free_flow_time,0.0007852280680920661
1713,8,9,0,"[8, 29, 33, 60, 51, 44, 49, 9]",8,7,free_flow_time,1.3351529490607381
1714,8,9,1,"[8, 29, 33, 60, 44, 49, 9]",7,6,free_flow_time,1.354472458378402
1715,8,9,2,"[8, 29, 33, 60, 54, 44, 49, 9]",8,7,free_flow_time,1.3892017443719744
1716,8,9,3,"[8, 29, 33, 60, 54, 49, 9]",7,6,free_flow_time,1.4182988147374902
1717,8,9,4,"[8, 29, 33, 39, 42, 51, 44, 49, 9]",9,8,free_flow_time,1.4248445237500975
1718,8,9,5,"[8, 29, 39, 42, 51, 44, 49, 9]",8,7,free_flow_time,1.4454536915804692
1719,8,9,6,"[8, 29, 33, 31, 39, 42, 51, 44, 49, 9]",10,9,free_flow_time,1.4730934785065504
1720,8,9,7,"[8, 29, 33, 60, 51, 44, 54, 49, 9]",9,8,free_flow_time,1.4956909579305677
1721,8,9,8,"[8, 29, 33, 31, 60, 51, 44, 49, 9]",9,8,free_flow_time,1.50093612979841
1722,8,9,9,"[8, 29, 33, 60, 44, 54, 49, 9]",8,7,free_flow_time,1.5150104672482316
1723,8,10,0,"[8, 29, 10]",3,2,free_flow_time,0.00197260324738321
1724,8,11,0,"[8, 29, 33, 39, 42, 30, 40, 11]",8,7,free_flow_time,1.3235585671053935
1725,8,11,1,"[8, 29, 39, 42, 30, 40, 11]",7,6,free_flow_time,1.3441677349357652
1726,8,11,2,"[8, 29, 33, 31, 39, 42, 30, 40, 11]",9,8,free_flow_time,1.3718075218618464
1727,8,11,3,"[8, 29, 33, 31, 42, 30, 40, 11]",8,7,free_flow_time,1.4149721357070708
1728,8,11,4,"[8, 29, 42, 30, 40, 11]",6,5,free_flow_time,1.447874706776036
1729,8,11,5,"[8, 29, 33, 39, 31, 42, 30, 40, 11]",9,8,free_flow_time,1.4571202595720962
1730,8,11,6,"[8, 29, 39, 31, 42, 30, 40, 11]",8,7,free_flow_time,1.477729427402468
1731,8,11,7,"[8, 29, 33, 60, 42, 30, 40, 11]",8,7,free_flow_time,1.6712544308445803
1732,8,11,8,"[8, 29, 33, 60, 51, 30, 40, 11]",8,7,free_flow_time,1.6759004619280102
1733,8,11,9,"[8, 29, 27, 33, 39, 42, 30, 40, 11]",9,8,free_flow_time,1.7485243208717511
1734,8,12,0,"[8, 29, 33, 60, 54, 43, 12]",7,6,free_flow_time,1.5243077886825724
1735,8,12,1,"[8, 29, 27, 52, 55, 43, 12]",7,6,free_flow_time,1.5462622810066795
1736,8,12,2,"[8, 29, 33, 60, 51, 44, 49, 43, 12]",9,8,free_flow_time,1.5950514640968
1737,8,12,3,"[8, 29, 33, 60, 51, 44, 54, 43, 12]",9,8,free_flow_time,1.60169993187565
1738,8,12,4,"[8, 29, 27, 52, 55, 61, 36, 43, 12]",9,8,free_flow_time,1.6058626006308592
1739,8,12,5,"[8, 29, 33, 60, 44, 49, 43, 12]",8,7,free_flow_time,1.614370973414464
1740,8,12,6,"[8, 29, 33, 60, 44, 54, 43, 12]",8,7,free_flow_time,1.6210194411933139
1741,8,12,7,"[8, 29, 27, 52, 55, 61, 43, 12]",8,7,free_flow_time,1.622170113792369
1742,8,12,8,"[8, 29, 33, 60, 52, 55, 43, 12]",8,7,free_flow_time,1.633540648137732
1743,8,12,9,"[8, 29, 33, 60, 54, 44, 49, 43, 12]",9,8,free_flow_time,1.6491002594080364
1744,8,13,0,"[8, 29, 27, 45, 13]",5,4,free_flow_time,0.7508189753018122
1745,8,13,1,"[8, 29, 33, 27, 45, 13]",6,5,free_flow_time,1.1977993109184348
1746,8,13,2,"[8, 29, 27, 37, 58, 45, 13]",7,6,free_flow_time,1.3319754891597588
1747,8,13,3,"[8, 29, 27, 58, 45, 13]",6,5,free_flow_time,1.390930732155982
1748,8,13,4,"[8, 29, 37, 27, 45, 13]",6,5,free_flow_time,1.526212544790103
1749,8,13,5,"[8, 29, 27, 52, 32, 45, 13]",7,6,free_flow_time,1.5572981639834713
1750,8,13,6,"[8, 29, 39, 33, 27, 45, 13]",7,6,free_flow_time,1.6086568342512648
1751,8,13,7,"[8, 29, 37, 58, 45, 13]",6,5,free_flow_time,1.6332708165131917
1752,8,13,8,"[8, 29, 33, 60, 52, 32, 45, 13]",8,7,free_flow_time,1.644576531114524
1753,8,13,9,"[8, 29, 39, 31, 33, 27, 45, 13]",8,7,free_flow_time,1.6569057890077175
1754,8,14,0,"[8, 29, 14]",3,2,free_flow_time,0.0009964176103559558
1755,8,15,0,"[8, 29, 33, 39, 42, 30, 15]",7,6,free_flow_time,1.135343659190514
1756,8,15,1,"[8, 29, 39, 42, 30, 15]",6,5,free_flow_time,1.1559528270208856
1757,8,15,2,"[8, 29, 33, 31, 39, 42, 30, 15]",8,7,free_flow_time,1.1835926139469668
1758,8,15,3,"[8, 29, 33, 31, 42, 30, 15]",7,6,free_flow_time,1.2267572277921912
1759,8,15,4,"[8, 29, 42, 30, 15]",5,4,free_flow_time,1.2596597988611564
1760,8,15,5,"[8, 29, 33, 39, 31, 42, 30, 15]",8,7,free_flow_time,1.2689053516572166
1761,8,15,6,"[8, 29, 39, 31, 42, 30, 15]",7,6,free_flow_time,1.2895145194875883
1762,8,15,7,"[8, 29, 33, 60, 42, 30, 15]",7,6,free_flow_time,1.4830395229297006
1763,8,15,8,"[8, 29, 33, 60, 51, 30, 15]",7,6,free_flow_time,1.4876855540131306
1764,8,15,9,"[8, 29, 27, 33, 39, 42, 30, 15]",8,7,free_flow_time,1.5603094129568715
1765,8,16,0,"[8, 29, 33, 39, 42, 30, 40, 16]",8,7,free_flow_time,1.323502927859854
1766,8,16,1,"[8, 29, 39, 42, 30, 40, 16]",7,6,free_flow_time,1.3441120956902257
1767,8,16,2,"[8, 29, 33, 31, 39, 42, 30, 40, 16]",9,8,free_flow_time,1.3717518826163069
1768,8,16,3,"[8, 29, 33, 31, 42, 30, 40, 16]",8,7,free_flow_time,1.4149164964615313
1769,8,16,4,"[8, 29, 42, 30, 40, 16]",6,5,free_flow_time,1.4478190675304965
1770,8,16,5,"[8, 29, 33, 39, 31, 42, 30, 40, 16]",9,8,free_flow_time,1.4570646203265567
1771,8,16,6,"[8, 29, 39, 31, 42, 30, 40, 16]",8,7,free_flow_time,1.4776737881569284
1772,8,16,7,"[8, 29, 33, 60, 42, 30, 40, 16]",8,7,free_flow_time,1.6711987915990407
1773,8,16,8,"[8, 29, 33, 60, 51, 30, 40, 16]",8,7,free_flow_time,1.6758448226824707
1774,8,16,9,"[8, 29, 27, 33, 39, 42, 30, 40, 16]",9,8,free_flow_time,1.7484686816262116
1775,8,17,0,"[8, 29, 33, 60, 51, 44, 49, 62, 17]",9,8,free_flow_time,1.8460769388131117
1776,8,17,1,"[8, 29, 33, 60, 44, 49, 62, 17]",8,7,free_flow_time,1.8653964481307757
1777,8,17,2,"[8, 29, 33, 60, 54, 44, 49, 62, 17]",9,8,free_flow_time,1.900125734124348
1778,8,17,3,"[8, 29, 33, 60, 54, 49, 62, 17]",8,7,free_flow_time,1.9292228044898638
1779,8,17,4,"[8, 29, 33, 39, 42, 51, 44, 49, 62, 17]",10,9,free_flow_time,1.9357685135024711
1780,8,17,5,"[8, 29, 39, 42, 51, 44, 49, 62, 17]",9,8,free_flow_time,1.9563776813328428
1781,8,17,6,"[8, 29, 27, 52, 55, 61, 36, 62, 17]",9,8,free_flow_time,1.9629872180278651
1782,8,17,7,"[8, 29, 33, 31, 39, 42, 51, 44, 49, 62, 17]",11,10,free_flow_time,1.9840174682589242
1783,8,17,8,"[8, 29, 33, 60, 51, 44, 49, 47, 62, 17]",10,9,free_flow_time,1.9983310894898587
1784,8,17,9,"[8, 29, 33, 60, 51, 44, 54, 49, 62, 17]",10,9,free_flow_time,2.0066149476829414
1785,8,18,0,"[8, 29, 33, 60, 51, 18]",6,5,free_flow_time,0.9549417907148883
1786,8,18,1,"[8, 29, 33, 39, 42, 51, 18]",7,6,free_flow_time,1.0446333654042477
1787,8,18,2,"[8, 29, 39, 42, 51, 18]",6,5,free_flow_time,1.0652425332346194
1788,8,18,3,"[8, 29, 33, 31, 39, 42, 51, 18]",8,7,free_flow_time,1.0928823201607005
1789,8,18,4,"[8, 29, 33, 31, 60, 51, 18]",7,6,free_flow_time,1.1207249714525602
1790,8,18,5,"[8, 29, 33, 31, 42, 51, 18]",7,6,free_flow_time,1.136046934005925
1791,8,18,6,"[8, 29, 33, 39, 31, 60, 51, 18]",8,7,free_flow_time,1.1628730953175856
1792,8,18,7,"[8, 29, 42, 51, 18]",5,4,free_flow_time,1.1689495050748901
1793,8,18,8,"[8, 29, 33, 39, 31, 42, 51, 18]",8,7,free_flow_time,1.1781950578709504
1794,8,18,9,"[8, 29, 39, 31, 60, 51, 18]",7,6,free_flow_time,1.1834822631479571
1795,8,19,0,"[8, 29, 27, 52, 55, 61, 46, 65, 19]",9,8,free_flow_time,1.7448628066000043
1796,8,19,1,"[8, 29, 33, 60, 52, 55, 61, 46, 65, 19]",10,9,free_flow_time,1.8321411737310567
1797,8,19,2,"[8, 29, 27, 52, 55, 61, 46, 59, 65, 19]",10,9,free_flow_time,1.842617563093051
1798,8,19,3,"[8, 29, 27, 52, 55, 61, 36, 46, 65, 19]",10,9,free_flow_time,1.868057002999429
1799,8,19,4,"[8, 29, 33, 52, 55, 61, 46, 65, 19]",9,8,free_flow_time,1.8943898724608617
1800,8,19,5,"[8, 29, 33, 60, 52, 55, 61, 46, 59, 65, 19]",11,10,free_flow_time,1.9298959302241037
1801,8,19,6,"[8, 29, 33, 60, 52, 55, 61, 36, 46, 65, 19]",11,10,free_flow_time,1.9553353701304814
1802,8,19,7,"[8, 29, 27, 52, 55, 61, 36, 46, 59, 65, 19]",11,10,free_flow_time,1.965811759492476
1803,8,19,8,"[8, 29, 33, 52, 55, 61, 46, 59, 65, 19]",10,9,free_flow_time,1.9921446289539086
1804,8,19,9,"[8, 29, 33, 31, 60, 52, 55, 61, 46, 65, 19]",11,10,free_flow_time,1.9979243544687286
1805,8,20,0,"[8, 29, 20]",3,2,free_flow_time,0.0014048376632598174
1806,8,21,0,"[8, 29, 33, 39, 21]",5,4,free_flow_time,0.5859367382307467
1807,8,21,1,"[8, 29, 39, 21]",4,3,free_flow_time,0.6065459060611182
1808,8,21,2,"[8, 29, 33, 31, 39, 21]",6,5,free_flow_time,0.6341856929871995
1809,8,21,3,"[8, 29, 33, 31, 42, 39, 21]",7,6,free_flow_time,0.891818845441119
1810,8,21,4,"[8, 29, 42, 39, 21]",5,4,free_flow_time,0.9247214165100841
1811,8,21,5,"[8, 29, 27, 33, 39, 21]",6,5,free_flow_time,1.0109024919971044
1812,8,21,6,"[8, 29, 33, 60, 31, 39, 21]",7,6,free_flow_time,1.0379380924761876
1813,8,21,7,"[8, 29, 42, 31, 39, 21]",6,5,free_flow_time,1.058283108976787
1814,8,21,8,"[8, 29, 27, 33, 31, 39, 21]",7,6,free_flow_time,1.0591514467535572
1815,8,21,9,"[8, 29, 33, 60, 42, 39, 21]",7,6,free_flow_time,1.1481011405786286
1816,8,22,0,"[8, 29, 33, 22]",4,3,free_flow_time,0.39116117563735037
1817,8,22,1,"[8, 29, 39, 33, 22]",5,4,free_flow_time,0.80201869897018
1818,8,22,2,"[8, 29, 27, 33, 22]",5,4,free_flow_time,0.8161269294037078
1819,8,22,3,"[8, 29, 39, 31, 33, 22]",6,5,free_flow_time,0.8502676537266328
1820,8,22,4,"[8, 29, 39, 42, 31, 33, 22]",7,6,free_flow_time,1.1079008061805524
1821,8,22,5,"[8, 29, 42, 39, 33, 22]",6,5,free_flow_time,1.120194209419146
1822,8,22,6,"[8, 29, 42, 39, 31, 33, 22]",7,6,free_flow_time,1.1684431641755988
1823,8,22,7,"[8, 29, 42, 31, 33, 22]",6,5,free_flow_time,1.2116077780208232
1824,8,22,8,"[8, 29, 42, 31, 39, 33, 22]",7,6,free_flow_time,1.2537559018858486
1825,8,22,9,"[8, 29, 39, 31, 60, 33, 22]",7,6,free_flow_time,1.2540200532156207
1826,8,23,0,"[8, 29, 33, 60, 54, 43, 23]",7,6,free_flow_time,1.5233999556616382
1827,8,23,1,"[8, 29, 27, 52, 55, 43, 23]",7,6,free_flow_time,1.5453544479857453
1828,8,23,2,"[8, 29, 33, 60, 51, 44, 49, 43, 23]",9,8,free_flow_time,1.5941436310758659
1829,8,23,3,"[8, 29, 33, 60, 51, 44, 54, 43, 23]",9,8,free_flow_time,1.6007920988547157
1830,8,23,4,"[8, 29, 27, 52, 55, 61, 36, 43, 23]",9,8,free_flow_time,1.604954767609925
1831,8,23,5,"[8, 29, 33, 60, 44, 49, 43, 23]",8,7,free_flow_time,1.6134631403935298
1832,8,23,6,"[8, 29, 33, 60, 44, 54, 43, 23]",8,7,free_flow_time,1.6201116081723796
1833,8,23,7,"[8, 29, 27, 52, 55, 61, 43, 23]",8,7,free_flow_time,1.6212622807714347
1834,8,23,8,"[8, 29, 33, 60, 52, 55, 43, 23]",8,7,free_flow_time,1.6326328151167977
1835,8,23,9,"[8, 29, 33, 60, 54, 44, 49, 43, 23]",9,8,free_flow_time,1.6481924263871022
1836,8,24,0,"[8, 29, 27, 52, 55, 56, 24]",7,6,free_flow_time,1.8063881232600267
1837,8,24,1,"[8, 29, 27, 52, 55, 61, 46, 56, 24]",9,8,free_flow_time,1.850197842465844
1838,8,24,2,"[8, 29, 27, 52, 55, 61, 56, 24]",8,7,free_flow_time,1.8824444931908035
1839,8,24,3,"[8, 29, 33, 60, 52, 55, 56, 24]",8,7,free_flow_time,1.8936664903910791
1840,8,24,4,"[8, 29, 27, 45, 32, 41, 48, 26, 56, 24]",10,9,free_flow_time,1.9223531644707788
1841,8,24,5,"[8, 29, 33, 60, 52, 55, 61, 46, 56, 24]",10,9,free_flow_time,1.9374762095968965
1842,8,24,6,"[8, 29, 33, 52, 55, 56, 24]",7,6,free_flow_time,1.9559151891208841
1843,8,24,7,"[8, 29, 33, 60, 52, 55, 61, 56, 24]",9,8,free_flow_time,1.9697228603218562
1844,8,24,8,"[8, 29, 27, 52, 55, 61, 36, 46, 56, 24]",10,9,free_flow_time,1.9733920388652688
1845,8,24,9,"[8, 29, 33, 52, 55, 61, 46, 56, 24]",9,8,free_flow_time,1.9997249083267015
1846,8,25,0,"[8, 29, 33, 60, 51, 44, 35, 25]",8,7,free_flow_time,1.6427594794486533
1847,8,25,1,"[8, 29, 33, 60, 44, 35, 25]",7,6,free_flow_time,1.6620789887663172
1848,8,25,2,"[8, 29, 33, 60, 54, 44, 35, 25]",8,7,free_flow_time,1.6968082747598896
1849,8,25,3,"[8, 29, 33, 39, 42, 51, 44, 35, 25]",9,8,free_flow_time,1.7324510541380127
1850,8,25,4,"[8, 29, 39, 42, 51, 44, 35, 25]",8,7,free_flow_time,1.7530602219683844
1851,8,25,5,"[8, 29, 33, 31, 39, 42, 51, 44, 35, 25]",10,9,free_flow_time,1.7807000088944656
1852,8,25,6,"[8, 29, 33, 31, 60, 51, 44, 35, 25]",9,8,free_flow_time,1.8085426601863253
1853,8,25,7,"[8, 29, 33, 60, 51, 50, 34, 35, 25]",9,8,free_flow_time,1.8223725632595353
1854,8,25,8,"[8, 29, 33, 31, 42, 51, 44, 35, 25]",9,8,free_flow_time,1.82386462273969
1855,8,25,9,"[8, 29, 33, 31, 60, 44, 35, 25]",8,7,free_flow_time,1.8278621695039894
1856,9,1,0,"[9, 49, 44, 51, 30, 40, 1]",7,6,free_flow_time,1.1029735371989335
1857,9,1,1,"[9, 49, 44, 51, 50, 40, 1]",7,6,free_flow_time,1.19995092383737
1858,9,1,2,"[9, 49, 54, 44, 51, 30, 40, 1]",8,7,free_flow_time,1.263511546068763
1859,9,1,3,"[9, 49, 44, 51, 50, 30, 40, 1]",8,7,free_flow_time,1.2906216315520453
1860,9,1,4,"[9, 49, 54, 44, 51, 50, 40, 1]",8,7,free_flow_time,1.3604889327071994
1861,9,1,5,"[9, 49, 44, 51, 42, 30, 40, 1]",8,7,free_flow_time,1.3630290336124538
1862,9,1,6,"[9, 49, 44, 50, 40, 1]",6,5,free_flow_time,1.381192402082911
1863,9,1,7,"[9, 49, 54, 44, 51, 50, 30, 40, 1]",9,8,free_flow_time,1.4511596404218747
1864,9,1,8,"[9, 49, 44, 50, 30, 40, 1]",7,6,free_flow_time,1.4718631097975865
1865,9,1,9,"[9, 49, 44, 50, 51, 30, 40, 1]",8,7,free_flow_time,1.517274539304599
1866,9,2,0,"[9, 49, 43, 55, 26, 48, 2]",7,6,free_flow_time,1.3150934541537913
1867,9,2,1,"[9, 49, 43, 36, 61, 55, 26, 48, 2]",9,8,free_flow_time,1.374693773777971
1868,9,2,2,"[9, 49, 43, 61, 55, 26, 48, 2]",8,7,free_flow_time,1.3910012869394806
1869,9,2,3,"[9, 49, 44, 54, 52, 32, 41, 48, 2]",9,8,free_flow_time,1.4193738177487338
1870,9,2,4,"[9, 49, 54, 52, 32, 41, 48, 2]",8,7,free_flow_time,1.4484708881142496
1871,9,2,5,"[9, 49, 43, 36, 46, 56, 26, 48, 2]",9,8,free_flow_time,1.4997093377088693
1872,9,2,6,"[9, 49, 43, 36, 61, 46, 56, 26, 48, 2]",10,9,free_flow_time,1.5077706892001055
1873,9,2,7,"[9, 49, 44, 54, 52, 32, 41, 64, 48, 2]",10,9,free_flow_time,1.5184603375654022
1874,9,2,8,"[9, 49, 43, 61, 46, 56, 26, 48, 2]",9,8,free_flow_time,1.524078202361615
1875,9,2,9,"[9, 49, 44, 54, 43, 55, 26, 48, 2]",9,8,free_flow_time,1.529484182125932
1876,9,3,0,"[9, 49, 44, 51, 30, 3]",6,5,free_flow_time,0.9146103839763907
1877,9,3,1,"[9, 49, 54, 44, 51, 30, 3]",7,6,free_flow_time,1.0751483928462202
1878,9,3,2,"[9, 49, 44, 51, 50, 30, 3]",7,6,free_flow_time,1.1022584783295026
1879,9,3,3,"[9, 49, 44, 51, 42, 30, 3]",7,6,free_flow_time,1.174665880389911
1880,9,3,4,"[9, 49, 54, 44, 51, 50, 30, 3]",8,7,free_flow_time,1.262796487199332
1881,9,3,5,"[9, 49, 44, 50, 30, 3]",6,5,free_flow_time,1.2834999565750438
1882,9,3,6,"[9, 49, 44, 50, 51, 30, 3]",7,6,free_flow_time,1.3289113860820563
1883,9,3,7,"[9, 49, 54, 44, 51, 42, 30, 3]",8,7,free_flow_time,1.3352038892597404
1884,9,3,8,"[9, 49, 44, 51, 50, 40, 30, 3]",8,7,free_flow_time,1.3872679121399074
1885,9,3,9,"[9, 49, 44, 51, 60, 42, 30, 3]",8,7,free_flow_time,1.4030686584056902
1886,9,4,0,"[9, 49, 44, 54, 52, 32, 41, 64, 57, 4]",10,9,free_flow_time,1.500732672253185
1887,9,4,1,"[9, 49, 43, 36, 46, 56, 57, 4]",8,7,free_flow_time,1.5295787542284314
1888,9,4,2,"[9, 49, 54, 52, 32, 41, 64, 57, 4]",9,8,free_flow_time,1.5298297426187009
1889,9,4,3,"[9, 49, 43, 36, 61, 46, 56, 57, 4]",9,8,free_flow_time,1.5376401057196678
1890,9,4,4,"[9, 49, 43, 61, 46, 56, 57, 4]",8,7,free_flow_time,1.5539476188811774
1891,9,4,5,"[9, 49, 43, 36, 61, 56, 57, 4]",8,7,free_flow_time,1.5698867564446273
1892,9,4,6,"[9, 49, 43, 61, 56, 57, 4]",7,6,free_flow_time,1.5861942696061369
1893,9,4,7,"[9, 49, 43, 55, 26, 48, 57, 4]",8,7,free_flow_time,1.604810951596694
1894,9,4,8,"[9, 49, 43, 55, 56, 57, 4]",7,6,free_flow_time,1.6115967480578068
1895,9,4,9,"[9, 49, 44, 54, 52, 32, 41, 53, 57, 4]",10,9,free_flow_time,1.6354701645598522
1896,9,5,0,"[9, 49, 44, 54, 52, 5]",6,5,free_flow_time,0.6037008589909678
1897,9,5,1,"[9, 49, 54, 52, 5]",5,4,free_flow_time,0.6327979293564836
1898,9,5,2,"[9, 49, 43, 55, 52, 5]",6,5,free_flow_time,0.8469864866867849
1899,9,5,3,"[9, 49, 43, 36, 61, 55, 52, 5]",8,7,free_flow_time,0.9065868063109647
1900,9,5,4,"[9, 49, 43, 61, 55, 52, 5]",7,6,free_flow_time,0.9228943194724742
1901,9,5,5,"[9, 49, 44, 51, 60, 52, 5]",7,6,free_flow_time,0.9662418057388956
1902,9,5,6,"[9, 49, 44, 60, 52, 5]",6,5,free_flow_time,0.9855613150565596
1903,9,5,7,"[9, 49, 43, 54, 52, 5]",6,5,free_flow_time,0.9982901086861035
1904,9,5,8,"[9, 49, 44, 54, 60, 52, 5]",7,6,free_flow_time,1.0202906010501318
1905,9,5,9,"[9, 49, 54, 60, 52, 5]",6,5,free_flow_time,1.0493876714156476
1906,9,6,0,"[9, 49, 43, 36, 46, 65, 6]",7,6,free_flow_time,0.7826903831689366
1907,9,6,1,"[9, 49, 43, 36, 61, 46, 65, 6]",8,7,free_flow_time,0.790751734660173
1908,9,6,2,"[9, 49, 43, 61, 46, 65, 6]",7,6,free_flow_time,0.8070592478216826
1909,9,6,3,"[9, 49, 43, 36, 46, 59, 65, 6]",8,7,free_flow_time,0.8804451396619833
1910,9,6,4,"[9, 49, 43, 36, 61, 46, 59, 65, 6]",9,8,free_flow_time,0.8885064911532198
1911,9,6,5,"[9, 49, 43, 61, 46, 59, 65, 6]",8,7,free_flow_time,0.9048140043147294
1912,9,6,6,"[9, 49, 43, 55, 61, 46, 65, 6]",8,7,free_flow_time,0.9085180962041294
1913,9,6,7,"[9, 49, 43, 61, 36, 46, 65, 6]",8,7,free_flow_time,0.9302534442211073
1914,9,6,8,"[9, 49, 43, 36, 65, 6]",6,5,free_flow_time,0.9753760297608678
1915,9,6,9,"[9, 49, 44, 54, 43, 36, 46, 65, 6]",9,8,free_flow_time,0.9970811111410772
1916,9,7,0,"[9, 49, 44, 51, 7]",5,4,free_flow_time,0.381337470813688
1917,9,7,1,"[9, 49, 54, 44, 51, 7]",6,5,free_flow_time,0.5418754796835175
1918,9,7,2,"[9, 49, 44, 50, 51, 7]",6,5,free_flow_time,0.7956384729193535
1919,9,7,3,"[9, 49, 44, 60, 51, 7]",6,5,free_flow_time,0.8937612856440813
1920,9,7,4,"[9, 49, 43, 54, 44, 51, 7]",7,6,free_flow_time,0.9073676590131374
1921,9,7,5,"[9, 49, 44, 54, 60, 51, 7]",7,6,free_flow_time,0.9284905716376534
1922,9,7,6,"[9, 49, 54, 44, 50, 51, 7]",7,6,free_flow_time,0.9561764817891831
1923,9,7,7,"[9, 49, 54, 60, 51, 7]",6,5,free_flow_time,0.9575876420031691
1924,9,7,8,"[9, 49, 44, 34, 50, 51, 7]",7,6,free_flow_time,0.9639589997002624
1925,9,7,9,"[9, 49, 54, 44, 60, 51, 7]",7,6,free_flow_time,1.0542992945139107
1926,9,8,0,"[9, 49, 44, 51, 60, 33, 29, 8]",8,7,free_flow_time,1.3351529490607381
1927,9,8,1,"[9, 49, 44, 60, 33, 29, 8]",7,6,free_flow_time,1.3544724583784022
1928,9,8,2,"[9, 49, 44, 54, 60, 33, 29, 8]",8,7,free_flow_time,1.3892017443719742
1929,9,8,3,"[9, 49, 54, 60, 33, 29, 8]",7,6,free_flow_time,1.41829881473749
1930,9,8,4,"[9, 49, 44, 51, 42, 39, 33, 29, 8]",9,8,free_flow_time,1.4248445237500975
1931,9,8,5,"[9, 49, 44, 51, 42, 39, 29, 8]",8,7,free_flow_time,1.4454536915804692
1932,9,8,6,"[9, 49, 44, 51, 42, 39, 31, 33, 29, 8]",10,9,free_flow_time,1.4730934785065504
1933,9,8,7,"[9, 49, 54, 44, 51, 60, 33, 29, 8]",9,8,free_flow_time,1.4956909579305675
1934,9,8,8,"[9, 49, 44, 51, 60, 31, 33, 29, 8]",9,8,free_flow_time,1.50093612979841
1935,9,8,9,"[9, 49, 54, 44, 60, 33, 29, 8]",8,7,free_flow_time,1.5150104672482316
1936,9,9,0,"[9, 49, 9]",3,2,free_flow_time,0.00172863810534562
1937,9,10,0,"[9, 49, 44, 51, 60, 33, 29, 10]",8,7,free_flow_time,1.3363403242400294
1938,9,10,1,"[9, 49, 44, 60, 33, 29, 10]",7,6,free_flow_time,1.3556598335576935
1939,9,10,2,"[9, 49, 44, 54, 60, 33, 29, 10]",8,7,free_flow_time,1.3903891195512654
1940,9,10,3,"[9, 49, 54, 60, 33, 29, 10]",7,6,free_flow_time,1.4194861899167812
1941,9,10,4,"[9, 49, 44, 51, 42, 39, 33, 29, 10]",9,8,free_flow_time,1.4260318989293888
1942,9,10,5,"[9, 49, 44, 51, 42, 39, 29, 10]",8,7,free_flow_time,1.4466410667597605
1943,9,10,6,"[9, 49, 44, 51, 42, 39, 31, 33, 29, 10]",10,9,free_flow_time,1.4742808536858416
1944,9,10,7,"[9, 49, 54, 44, 51, 60, 33, 29, 10]",9,8,free_flow_time,1.4968783331098587
1945,9,10,8,"[9, 49, 44, 51, 60, 31, 33, 29, 10]",9,8,free_flow_time,1.5021235049777013
1946,9,10,9,"[9, 49, 54, 44, 60, 33, 29, 10]",8,7,free_flow_time,1.5161978424275229
1947,9,11,0,"[9, 49, 44, 51, 30, 40, 11]",7,6,free_flow_time,1.1024419490082746
1948,9,11,1,"[9, 49, 44, 51, 50, 40, 11]",7,6,free_flow_time,1.199419335646711
1949,9,11,2,"[9, 49, 54, 44, 51, 30, 40, 11]",8,7,free_flow_time,1.262979957878104
1950,9,11,3,"[9, 49, 44, 51, 50, 30, 40, 11]",8,7,free_flow_time,1.2900900433613864
1951,9,11,4,"[9, 49, 54, 44, 51, 50, 40, 11]",8,7,free_flow_time,1.3599573445165405
1952,9,11,5,"[9, 49, 44, 51, 42, 30, 40, 11]",8,7,free_flow_time,1.3624974454217949
1953,9,11,6,"[9, 49, 44, 50, 40, 11]",6,5,free_flow_time,1.380660813892252
1954,9,11,7,"[9, 49, 54, 44, 51, 50, 30, 40, 11]",9,8,free_flow_time,1.4506280522312158
1955,9,11,8,"[9, 49, 44, 50, 30, 40, 11]",7,6,free_flow_time,1.4713315216069276
1956,9,11,9,"[9, 49, 44, 50, 51, 30, 40, 11]",8,7,free_flow_time,1.51674295111394
1957,9,12,0,"[9, 49, 43, 12]",4,3,free_flow_time,0.2616271531414076
1958,9,12,1,"[9, 49, 44, 54, 43, 12]",6,5,free_flow_time,0.47601788111354837
1959,9,12,2,"[9, 49, 54, 43, 12]",5,4,free_flow_time,0.5051149514790642
1960,9,12,3,"[9, 49, 62, 36, 43, 12]",6,5,free_flow_time,1.1295945614546143
1961,9,12,4,"[9, 49, 44, 54, 52, 55, 43, 12]",8,7,free_flow_time,1.1906454939827977
1962,9,12,5,"[9, 49, 54, 52, 55, 43, 12]",7,6,free_flow_time,1.2197425643483135
1963,9,12,6,"[9, 49, 44, 54, 52, 55, 61, 36, 43, 12]",10,9,free_flow_time,1.2502458136069774
1964,9,12,7,"[9, 49, 44, 54, 52, 55, 61, 43, 12]",9,8,free_flow_time,1.266553326768487
1965,9,12,8,"[9, 49, 62, 36, 61, 43, 12]",7,6,free_flow_time,1.277157622506785
1966,9,12,9,"[9, 49, 54, 52, 55, 61, 36, 43, 12]",9,8,free_flow_time,1.2793428839724932
1967,9,13,0,"[9, 49, 44, 54, 52, 32, 45, 13]",8,7,free_flow_time,1.2016813769595895
1968,9,13,1,"[9, 49, 54, 52, 32, 45, 13]",7,6,free_flow_time,1.2307784473251053
1969,9,13,2,"[9, 49, 44, 54, 52, 32, 63, 45, 13]",9,8,free_flow_time,1.4018660113798909
1970,9,13,3,"[9, 49, 44, 54, 52, 32, 41, 63, 45, 13]",10,9,free_flow_time,1.410110732445756
1971,9,13,4,"[9, 49, 54, 52, 32, 63, 45, 13]",8,7,free_flow_time,1.4309630817454067
1972,9,13,5,"[9, 49, 54, 52, 32, 41, 63, 45, 13]",9,8,free_flow_time,1.4392078028112718
1973,9,13,6,"[9, 49, 43, 55, 52, 32, 45, 13]",8,7,free_flow_time,1.4449670046554066
1974,9,13,7,"[9, 49, 43, 36, 61, 55, 52, 32, 45, 13]",10,9,free_flow_time,1.5045673242795863
1975,9,13,8,"[9, 49, 43, 61, 55, 52, 32, 45, 13]",9,8,free_flow_time,1.5208748374410959
1976,9,13,9,"[9, 49, 44, 54, 52, 27, 45, 13]",8,7,free_flow_time,1.5541046645249343
1977,9,14,0,"[9, 49, 44, 51, 60, 33, 29, 14]",8,7,free_flow_time,1.335364138603002
1978,9,14,1,"[9, 49, 44, 60, 33, 29, 14]",7,6,free_flow_time,1.354683647920666
1979,9,14,2,"[9, 49, 44, 54, 60, 33, 29, 14]",8,7,free_flow_time,1.389412933914238
1980,9,14,3,"[9, 49, 54, 60, 33, 29, 14]",7,6,free_flow_time,1.4185100042797538
1981,9,14,4,"[9, 49, 44, 51, 42, 39, 33, 29, 14]",9,8,free_flow_time,1.4250557132923614
1982,9,14,5,"[9, 49, 44, 51, 42, 39, 29, 14]",8,7,free_flow_time,1.445664881122733
1983,9,14,6,"[9, 49, 44, 51, 42, 39, 31, 33, 29, 14]",10,9,free_flow_time,1.4733046680488142
1984,9,14,7,"[9, 49, 54, 44, 51, 60, 33, 29, 14]",9,8,free_flow_time,1.4959021474728313
1985,9,14,8,"[9, 49, 44, 51, 60, 31, 33, 29, 14]",9,8,free_flow_time,1.501147319340674
1986,9,14,9,"[9, 49, 54, 44, 60, 33, 29, 14]",8,7,free_flow_time,1.5152216567904955
1987,9,15,0,"[9, 49, 44, 51, 30, 15]",6,5,free_flow_time,0.9142270410933948
1988,9,15,1,"[9, 49, 54, 44, 51, 30, 15]",7,6,free_flow_time,1.0747650499632244
1989,9,15,2,"[9, 49, 44, 51, 50, 30, 15]",7,6,free_flow_time,1.1018751354465068
1990,9,15,3,"[9, 49, 44, 51, 42, 30, 15]",7,6,free_flow_time,1.1742825375069152
1991,9,15,4,"[9, 49, 54, 44, 51, 50, 30, 15]",8,7,free_flow_time,1.2624131443163362
1992,9,15,5,"[9, 49, 44, 50, 30, 15]",6,5,free_flow_time,1.283116613692048
1993,9,15,6,"[9, 49, 44, 50, 51, 30, 15]",7,6,free_flow_time,1.3285280431990605
1994,9,15,7,"[9, 49, 54, 44, 51, 42, 30, 15]",8,7,free_flow_time,1.3348205463767446
1995,9,15,8,"[9, 49, 44, 51, 50, 40, 30, 15]",8,7,free_flow_time,1.3868845692569116
1996,9,15,9,"[9, 49, 44, 51, 60, 42, 30, 15]",8,7,free_flow_time,1.4026853155226944
1997,9,16,0,"[9, 49, 44, 51, 30, 40, 16]",7,6,free_flow_time,1.102386309762735
1998,9,16,1,"[9, 49, 44, 51, 50, 40, 16]",7,6,free_flow_time,1.1993636964011716
1999,9,16,2,"[9, 49, 54, 44, 51, 30, 40, 16]",8,7,free_flow_time,1.2629243186325645
2000,9,16,3,"[9, 49, 44, 51, 50, 30, 40, 16]",8,7,free_flow_time,1.290034404115847
2001,9,16,4,"[9, 49, 54, 44, 51, 50, 40, 16]",8,7,free_flow_time,1.359901705271001
2002,9,16,5,"[9, 49, 44, 51, 42, 30, 40, 16]",8,7,free_flow_time,1.3624418061762553
2003,9,16,6,"[9, 49, 44, 50, 40, 16]",6,5,free_flow_time,1.3806051746467125
2004,9,16,7,"[9, 49, 54, 44, 51, 50, 30, 40, 16]",9,8,free_flow_time,1.4505724129856763
2005,9,16,8,"[9, 49, 44, 50, 30, 40, 16]",7,6,free_flow_time,1.471275882361388
2006,9,16,9,"[9, 49, 44, 50, 51, 30, 40, 16]",8,7,free_flow_time,1.5166873118684006
2007,9,17,0,"[9, 49, 62, 17]",4,3,free_flow_time,0.5126526278577191
2008,9,17,1,"[9, 49, 47, 62, 17]",5,4,free_flow_time,0.664906778534466
2009,9,17,2,"[9, 49, 43, 36, 62, 17]",6,5,free_flow_time,0.8773949426541678
2010,9,17,3,"[9, 49, 43, 61, 36, 62, 17]",7,6,free_flow_time,1.0249580037063386
2011,9,17,4,"[9, 49, 44, 35, 47, 62, 17]",7,6,free_flow_time,1.0517900527191475
2012,9,17,5,"[9, 49, 44, 54, 43, 36, 62, 17]",8,7,free_flow_time,1.0917856706263087
2013,9,17,6,"[9, 49, 54, 43, 36, 62, 17]",7,6,free_flow_time,1.1208827409918245
2014,9,17,7,"[9, 49, 43, 55, 61, 36, 62, 17]",8,7,free_flow_time,1.1264168520887856
2015,9,17,8,"[9, 49, 54, 44, 35, 47, 62, 17]",8,7,free_flow_time,1.212328061588977
2016,9,17,9,"[9, 49, 43, 62, 17]",5,4,free_flow_time,1.2305431653338863
2017,9,18,0,"[9, 49, 44, 51, 18]",5,4,free_flow_time,0.3814832777951525
2018,9,18,1,"[9, 49, 54, 44, 51, 18]",6,5,free_flow_time,0.5420212866649821
2019,9,18,2,"[9, 49, 44, 50, 51, 18]",6,5,free_flow_time,0.7957842799008181
2020,9,18,3,"[9, 49, 44, 60, 51, 18]",6,5,free_flow_time,0.8939070926255459
2021,9,18,4,"[9, 49, 43, 54, 44, 51, 18]",7,6,free_flow_time,0.907513465994602
2022,9,18,5,"[9, 49, 44, 54, 60, 51, 18]",7,6,free_flow_time,0.928636378619118
2023,9,18,6,"[9, 49, 54, 44, 50, 51, 18]",7,6,free_flow_time,0.9563222887706477
2024,9,18,7,"[9, 49, 54, 60, 51, 18]",6,5,free_flow_time,0.9577334489846338
2025,9,18,8,"[9, 49, 44, 34, 50, 51, 18]",7,6,free_flow_time,0.964104806681727
2026,9,18,9,"[9, 49, 54, 44, 60, 51, 18]",7,6,free_flow_time,1.0544451014953753
2027,9,19,0,"[9, 49, 43, 36, 46, 65, 19]",7,6,free_flow_time,0.7824647276257318
2028,9,19,1,"[9, 49, 43, 36, 61, 46, 65, 19]",8,7,free_flow_time,0.7905260791169683
2029,9,19,2,"[9, 49, 43, 61, 46, 65, 19]",7,6,free_flow_time,0.8068335922784778
2030,9,19,3,"[9, 49, 43, 36, 46, 59, 65, 19]",8,7,free_flow_time,0.8802194841187786
2031,9,19,4,"[9, 49, 43, 36, 61, 46, 59, 65, 19]",9,8,free_flow_time,0.888280835610015
2032,9,19,5,"[9, 49, 43, 61, 46, 59, 65, 19]",8,7,free_flow_time,0.9045883487715246
2033,9,19,6,"[9, 49, 43, 55, 61, 46, 65, 19]",8,7,free_flow_time,0.9082924406609246
2034,9,19,7,"[9, 49, 43, 61, 36, 46, 65, 19]",8,7,free_flow_time,0.9300277886779026
2035,9,19,8,"[9, 49, 43, 36, 65, 19]",6,5,free_flow_time,0.975150374217663
2036,9,19,9,"[9, 49, 44, 54, 43, 36, 46, 65, 19]",9,8,free_flow_time,0.9968554555978725
2037,9,20,0,"[9, 49, 44, 51, 60, 33, 29, 20]",8,7,free_flow_time,1.335772558655906
2038,9,20,1,"[9, 49, 44, 60, 33, 29, 20]",7,6,free_flow_time,1.35509206797357
2039,9,20,2,"[9, 49, 44, 54, 60, 33, 29, 20]",8,7,free_flow_time,1.389821353967142
2040,9,20,3,"[9, 49, 54, 60, 33, 29, 20]",7,6,free_flow_time,1.4189184243326578
2041,9,20,4,"[9, 49, 44, 51, 42, 39, 33, 29, 20]",9,8,free_flow_time,1.4254641333452653
2042,9,20,5,"[9, 49, 44, 51, 42, 39, 29, 20]",8,7,free_flow_time,1.446073301175637
2043,9,20,6,"[9, 49, 44, 51, 42, 39, 31, 33, 29, 20]",10,9,free_flow_time,1.4737130881017182
2044,9,20,7,"[9, 49, 54, 44, 51, 60, 33, 29, 20]",9,8,free_flow_time,1.4963105675257353
2045,9,20,8,"[9, 49, 44, 51, 60, 31, 33, 29, 20]",9,8,free_flow_time,1.501555739393578
2046,9,20,9,"[9, 49, 54, 44, 60, 33, 29, 20]",8,7,free_flow_time,1.5156300768433995
2047,9,21,0,"[9, 49, 44, 51, 42, 39, 21]",7,6,free_flow_time,0.8393441551558429
2048,9,21,1,"[9, 49, 44, 51, 60, 31, 39, 21]",8,7,free_flow_time,0.9575838850691809
2049,9,21,2,"[9, 49, 44, 51, 42, 31, 39, 21]",8,7,free_flow_time,0.9729058476225456
2050,9,21,3,"[9, 49, 44, 60, 31, 39, 21]",7,6,free_flow_time,0.976903394386845
2051,9,21,4,"[9, 49, 54, 44, 51, 42, 39, 21]",8,7,free_flow_time,0.9998821640256724
2052,9,21,5,"[9, 49, 44, 54, 60, 31, 39, 21]",8,7,free_flow_time,1.0116326803804172
2053,9,21,6,"[9, 49, 54, 60, 31, 39, 21]",7,6,free_flow_time,1.040729750745933
2054,9,21,7,"[9, 49, 44, 51, 60, 42, 39, 21]",8,7,free_flow_time,1.0677469331716223
2055,9,21,8,"[9, 49, 44, 60, 42, 39, 21]",7,6,free_flow_time,1.0870664424892862
2056,9,21,9,"[9, 49, 54, 44, 51, 60, 31, 39, 21]",9,8,free_flow_time,1.1181218939390107
2057,9,22,0,"[9, 49, 44, 51, 60, 33, 22]",7,6,free_flow_time,0.9451253733755453
2058,9,22,1,"[9, 49, 44, 60, 33, 22]",6,5,free_flow_time,0.9644448826932093
2059,9,22,2,"[9, 49, 44, 54, 60, 33, 22]",7,6,free_flow_time,0.9991741686867813
2060,9,22,3,"[9, 49, 54, 60, 33, 22]",6,5,free_flow_time,1.0282712390522972
2061,9,22,4,"[9, 49, 44, 51, 42, 39, 33, 22]",8,7,free_flow_time,1.0348169480649048
2062,9,22,5,"[9, 49, 44, 51, 42, 39, 31, 33, 22]",9,8,free_flow_time,1.0830659028213576
2063,9,22,6,"[9, 49, 54, 44, 51, 60, 33, 22]",8,7,free_flow_time,1.1056633822453747
2064,9,22,7,"[9, 49, 44, 51, 60, 31, 33, 22]",8,7,free_flow_time,1.1109085541132173
2065,9,22,8,"[9, 49, 54, 44, 60, 33, 22]",7,6,free_flow_time,1.1249828915630389
2066,9,22,9,"[9, 49, 44, 51, 42, 31, 33, 22]",8,7,free_flow_time,1.126230516666582
2067,9,23,0,"[9, 49, 43, 23]",4,3,free_flow_time,0.2607193201204733
2068,9,23,1,"[9, 49, 44, 54, 43, 23]",6,5,free_flow_time,0.47511004809261403
2069,9,23,2,"[9, 49, 54, 43, 23]",5,4,free_flow_time,0.5042071184581298
2070,9,23,3,"[9, 49, 62, 36, 43, 23]",6,5,free_flow_time,1.1286867284336801
2071,9,23,4,"[9, 49, 44, 54, 52, 55, 43, 23]",8,7,free_flow_time,1.1897376609618635
2072,9,23,5,"[9, 49, 54, 52, 55, 43, 23]",7,6,free_flow_time,1.2188347313273793
2073,9,23,6,"[9, 49, 44, 54, 52, 55, 61, 36, 43, 23]",10,9,free_flow_time,1.2493379805860432
2074,9,23,7,"[9, 49, 44, 54, 52, 55, 61, 43, 23]",9,8,free_flow_time,1.2656454937475528
2075,9,23,8,"[9, 49, 62, 36, 61, 43, 23]",7,6,free_flow_time,1.2762497894858509
2076,9,23,9,"[9, 49, 54, 52, 55, 61, 36, 43, 23]",9,8,free_flow_time,1.278435050951559
2077,9,24,0,"[9, 49, 43, 36, 46, 56, 24]",7,6,free_flow_time,0.8877997634915714
2078,9,24,1,"[9, 49, 43, 36, 61, 46, 56, 24]",8,7,free_flow_time,0.8958611149828078
2079,9,24,2,"[9, 49, 43, 61, 46, 56, 24]",7,6,free_flow_time,0.9121686281443174
2080,9,24,3,"[9, 49, 43, 36, 61, 56, 24]",7,6,free_flow_time,0.9281077657077674
2081,9,24,4,"[9, 49, 43, 61, 56, 24]",6,5,free_flow_time,0.944415278869277
2082,9,24,5,"[9, 49, 43, 55, 56, 24]",6,5,free_flow_time,0.9698177573209469
2083,9,24,6,"[9, 49, 43, 55, 61, 46, 56, 24]",8,7,free_flow_time,1.0136274765267643
2084,9,24,7,"[9, 49, 43, 36, 61, 55, 56, 24]",8,7,free_flow_time,1.0294180769451269
2085,9,24,8,"[9, 49, 43, 61, 36, 46, 56, 24]",8,7,free_flow_time,1.0353628245437423
2086,9,24,9,"[9, 49, 43, 61, 55, 56, 24]",7,6,free_flow_time,1.0457255901066365
2087,9,25,0,"[9, 49, 44, 35, 25]",5,4,free_flow_time,0.5170774286865517
2088,9,25,1,"[9, 49, 47, 35, 25]",5,4,free_flow_time,0.6691068018420723
2089,9,25,2,"[9, 49, 54, 44, 35, 25]",6,5,free_flow_time,0.6776154375563812
2090,9,25,3,"[9, 49, 35, 25]",4,3,free_flow_time,0.7809085596126915
2091,9,25,4,"[9, 49, 44, 34, 35, 25]",6,5,free_flow_time,0.9499838211651581
2092,9,25,5,"[9, 49, 43, 54, 44, 35, 25]",7,6,free_flow_time,1.0431076168860012
2093,9,25,6,"[9, 49, 62, 47, 35, 25]",6,5,free_flow_time,1.0482951863078587
2094,9,25,7,"[9, 49, 54, 44, 34, 35, 25]",7,6,free_flow_time,1.1105218300349877
2095,9,25,8,"[9, 49, 44, 51, 50, 34, 35, 25]",8,7,free_flow_time,1.2489140503397997
2096,9,25,9,"[9, 49, 54, 44, 51, 50, 34, 35, 25]",9,8,free_flow_time,1.4094520592096291
2097,10,1,0,"[10, 29, 33, 39, 42, 30, 40, 1]",8,7,free_flow_time,1.3252775304753435
2098,10,1,1,"[10, 29, 39, 42, 30, 40, 1]",7,6,free_flow_time,1.3458866983057152
2099,10,1,2,"[10, 29, 33, 31, 39, 42, 30, 40, 1]",9,8,free_flow_time,1.3735264852317965
2100,10,1,3,"[10, 29, 33, 31, 42, 30, 40, 1]",8,7,free_flow_time,1.416691099077021
2101,10,1,4,"[10, 29, 42, 30, 40, 1]",6,5,free_flow_time,1.449593670145986
2102,10,1,5,"[10, 29, 33, 39, 31, 42, 30, 40, 1]",9,8,free_flow_time,1.4588392229420464
2103,10,1,6,"[10, 29, 39, 31, 42, 30, 40, 1]",8,7,free_flow_time,1.4794483907724179
2104,10,1,7,"[10, 29, 33, 60, 42, 30, 40, 1]",8,7,free_flow_time,1.6729733942145304
2105,10,1,8,"[10, 29, 33, 60, 51, 30, 40, 1]",8,7,free_flow_time,1.6776194252979604
2106,10,1,9,"[10, 29, 27, 33, 39, 42, 30, 40, 1]",9,8,free_flow_time,1.750243284241701
2107,10,2,0,"[10, 29, 27, 45, 32, 41, 48, 2]",8,7,free_flow_time,1.3127064605916847
2108,10,2,1,"[10, 29, 27, 45, 63, 41, 48, 2]",8,7,free_flow_time,1.3929808546553746
2109,10,2,2,"[10, 29, 27, 45, 32, 41, 64, 48, 2]",9,8,free_flow_time,1.411792980408353
2110,10,2,3,"[10, 29, 27, 45, 63, 41, 64, 48, 2]",9,8,free_flow_time,1.492067374472043
2111,10,2,4,"[10, 29, 27, 45, 63, 32, 41, 48, 2]",9,8,free_flow_time,1.512891095011986
2112,10,2,5,"[10, 29, 27, 45, 32, 63, 41, 48, 2]",9,8,free_flow_time,1.5333107397449943
2113,10,2,6,"[10, 29, 27, 45, 63, 32, 41, 64, 48, 2]",10,9,free_flow_time,1.6119776148286544
2114,10,2,7,"[10, 29, 27, 45, 32, 63, 41, 64, 48, 2]",10,9,free_flow_time,1.6323972595616627
2115,10,2,8,"[10, 29, 27, 45, 32, 41, 64, 57, 48, 2]",10,9,free_flow_time,1.682491252737318
2116,10,2,9,"[10, 29, 27, 45, 32, 41, 53, 64, 48, 2]",10,9,free_flow_time,1.7384908021945702
2117,10,3,0,"[10, 29, 33, 39, 42, 30, 3]",7,6,free_flow_time,1.1369143772528008
2118,10,3,1,"[10, 29, 39, 42, 30, 3]",6,5,free_flow_time,1.1575235450831725
2119,10,3,2,"[10, 29, 33, 31, 39, 42, 30, 3]",8,7,free_flow_time,1.1851633320092538
2120,10,3,3,"[10, 29, 33, 31, 42, 30, 3]",7,6,free_flow_time,1.2283279458544782
2121,10,3,4,"[10, 29, 42, 30, 3]",5,4,free_flow_time,1.2612305169234432
2122,10,3,5,"[10, 29, 33, 39, 31, 42, 30, 3]",8,7,free_flow_time,1.2704760697195037
2123,10,3,6,"[10, 29, 39, 31, 42, 30, 3]",7,6,free_flow_time,1.2910852375498751
2124,10,3,7,"[10, 29, 33, 60, 42, 30, 3]",7,6,free_flow_time,1.4846102409919877
2125,10,3,8,"[10, 29, 33, 60, 51, 30, 3]",7,6,free_flow_time,1.4892562720754177
2126,10,3,9,"[10, 29, 27, 33, 39, 42, 30, 3]",8,7,free_flow_time,1.5618801310191583
2127,10,4,0,"[10, 29, 27, 45, 32, 41, 64, 57, 4]",9,8,free_flow_time,1.394065315096136
2128,10,4,1,"[10, 29, 27, 45, 63, 41, 64, 57, 4]",9,8,free_flow_time,1.4743397091598258
2129,10,4,2,"[10, 29, 27, 45, 32, 41, 53, 57, 4]",9,8,free_flow_time,1.528802807402803
2130,10,4,3,"[10, 29, 27, 45, 53, 57, 4]",7,6,free_flow_time,1.5380744474195662
2131,10,4,4,"[10, 29, 27, 37, 58, 53, 57, 4]",8,7,free_flow_time,1.5754941439127843
2132,10,4,5,"[10, 29, 27, 45, 63, 32, 41, 64, 57, 4]",10,9,free_flow_time,1.5942499495164373
2133,10,4,6,"[10, 29, 27, 45, 32, 41, 48, 57, 4]",9,8,free_flow_time,1.6024239580345876
2134,10,4,7,"[10, 29, 27, 45, 63, 41, 53, 57, 4]",9,8,free_flow_time,1.609077201466493
2135,10,4,8,"[10, 29, 27, 45, 32, 63, 41, 64, 57, 4]",10,9,free_flow_time,1.6146695942494456
2136,10,4,9,"[10, 29, 27, 58, 53, 57, 4]",7,6,free_flow_time,1.6344493869090075
2137,10,5,0,"[10, 29, 27, 52, 5]",5,4,free_flow_time,0.9605050211941408
2138,10,5,1,"[10, 29, 33, 60, 52, 5]",6,5,free_flow_time,1.0477833883251932
2139,10,5,2,"[10, 29, 33, 52, 5]",5,4,free_flow_time,1.1100320870549982
2140,10,5,3,"[10, 29, 33, 31, 60, 52, 5]",7,6,free_flow_time,1.2135665690628652
2141,10,5,4,"[10, 29, 33, 39, 31, 60, 52, 5]",8,7,free_flow_time,1.2557146929278906
2142,10,5,5,"[10, 29, 39, 31, 60, 52, 5]",7,6,free_flow_time,1.2763238607582623
2143,10,5,6,"[10, 29, 27, 45, 32, 52, 5]",7,6,free_flow_time,1.3496822932771053
2144,10,5,7,"[10, 29, 33, 39, 42, 60, 52, 5]",8,7,free_flow_time,1.3658777410303318
2145,10,5,8,"[10, 29, 39, 42, 60, 52, 5]",7,6,free_flow_time,1.3864869088607035
2146,10,5,9,"[10, 29, 33, 27, 52, 5]",6,5,free_flow_time,1.407485356810764
2147,10,6,0,"[10, 29, 27, 52, 55, 61, 46, 65, 6]",9,8,free_flow_time,1.7462758373225002
2148,10,6,1,"[10, 29, 33, 60, 52, 55, 61, 46, 65, 6]",10,9,free_flow_time,1.8335542044535524
2149,10,6,2,"[10, 29, 27, 52, 55, 61, 46, 59, 65, 6]",10,9,free_flow_time,1.8440305938155472
2150,10,6,3,"[10, 29, 27, 52, 55, 61, 36, 46, 65, 6]",10,9,free_flow_time,1.869470033721925
2151,10,6,4,"[10, 29, 33, 52, 55, 61, 46, 65, 6]",9,8,free_flow_time,1.8958029031833574
2152,10,6,5,"[10, 29, 33, 60, 52, 55, 61, 46, 59, 65, 6]",11,10,free_flow_time,1.9313089609465994
2153,10,6,6,"[10, 29, 33, 60, 52, 55, 61, 36, 46, 65, 6]",11,10,free_flow_time,1.9567484008529772
2154,10,6,7,"[10, 29, 27, 52, 55, 61, 36, 46, 59, 65, 6]",11,10,free_flow_time,1.9672247902149718
2155,10,6,8,"[10, 29, 33, 52, 55, 61, 46, 59, 65, 6]",10,9,free_flow_time,1.9935576596764044
2156,10,6,9,"[10, 29, 33, 31, 60, 52, 55, 61, 46, 65, 6]",11,10,free_flow_time,1.9993373851912244
2157,10,7,0,"[10, 29, 33, 60, 51, 7]",6,5,free_flow_time,0.9559833589127148
2158,10,7,1,"[10, 29, 33, 39, 42, 51, 7]",7,6,free_flow_time,1.045674933602074
2159,10,7,2,"[10, 29, 39, 42, 51, 7]",6,5,free_flow_time,1.0662841014324458
2160,10,7,3,"[10, 29, 33, 31, 39, 42, 51, 7]",8,7,free_flow_time,1.0939238883585272
2161,10,7,4,"[10, 29, 33, 31, 60, 51, 7]",7,6,free_flow_time,1.1217665396503866
2162,10,7,5,"[10, 29, 33, 31, 42, 51, 7]",7,6,free_flow_time,1.1370885022037516
2163,10,7,6,"[10, 29, 33, 39, 31, 60, 51, 7]",8,7,free_flow_time,1.163914663515412
2164,10,7,7,"[10, 29, 42, 51, 7]",5,4,free_flow_time,1.1699910732727166
2165,10,7,8,"[10, 29, 33, 39, 31, 42, 51, 7]",8,7,free_flow_time,1.179236626068777
2166,10,7,9,"[10, 29, 39, 31, 60, 51, 7]",7,6,free_flow_time,1.1845238313457838
2167,10,8,0,"[10, 29, 8]",3,2,free_flow_time,0.00197260324738321
2168,10,9,0,"[10, 29, 33, 60, 51, 44, 49, 9]",8,7,free_flow_time,1.3363403242400291
2169,10,9,1,"[10, 29, 33, 60, 44, 49, 9]",7,6,free_flow_time,1.3556598335576933
2170,10,9,2,"[10, 29, 33, 60, 54, 44, 49, 9]",8,7,free_flow_time,1.3903891195512654
2171,10,9,3,"[10, 29, 33, 60, 54, 49, 9]",7,6,free_flow_time,1.4194861899167812
2172,10,9,4,"[10, 29, 33, 39, 42, 51, 44, 49, 9]",9,8,free_flow_time,1.4260318989293885
2173,10,9,5,"[10, 29, 39, 42, 51, 44, 49, 9]",8,7,free_flow_time,1.4466410667597602
2174,10,9,6,"[10, 29, 33, 31, 39, 42, 51, 44, 49, 9]",10,9,free_flow_time,1.4742808536858416
2175,10,9,7,"[10, 29, 33, 60, 51, 44, 54, 49, 9]",9,8,free_flow_time,1.4968783331098587
2176,10,9,8,"[10, 29, 33, 31, 60, 51, 44, 49, 9]",9,8,free_flow_time,1.502123504977701
2177,10,9,9,"[10, 29, 33, 60, 44, 54, 49, 9]",8,7,free_flow_time,1.5161978424275229
2178,10,10,0,"[10, 29, 10]",3,2,free_flow_time,0.0031599784266743546
2179,10,11,0,"[10, 29, 33, 39, 42, 30, 40, 11]",8,7,free_flow_time,1.3247459422846846
2180,10,11,1,"[10, 29, 39, 42, 30, 40, 11]",7,6,free_flow_time,1.3453551101150563
2181,10,11,2,"[10, 29, 33, 31, 39, 42, 30, 40, 11]",9,8,free_flow_time,1.3729948970411376
2182,10,11,3,"[10, 29, 33, 31, 42, 30, 40, 11]",8,7,free_flow_time,1.416159510886362
2183,10,11,4,"[10, 29, 42, 30, 40, 11]",6,5,free_flow_time,1.449062081955327
2184,10,11,5,"[10, 29, 33, 39, 31, 42, 30, 40, 11]",9,8,free_flow_time,1.4583076347513875
2185,10,11,6,"[10, 29, 39, 31, 42, 30, 40, 11]",8,7,free_flow_time,1.478916802581759
2186,10,11,7,"[10, 29, 33, 60, 42, 30, 40, 11]",8,7,free_flow_time,1.6724418060238715
2187,10,11,8,"[10, 29, 33, 60, 51, 30, 40, 11]",8,7,free_flow_time,1.6770878371073015
2188,10,11,9,"[10, 29, 27, 33, 39, 42, 30, 40, 11]",9,8,free_flow_time,1.7497116960510422
2189,10,12,0,"[10, 29, 33, 60, 54, 43, 12]",7,6,free_flow_time,1.5254951638618635
2190,10,12,1,"[10, 29, 27, 52, 55, 43, 12]",7,6,free_flow_time,1.5474496561859707
2191,10,12,2,"[10, 29, 33, 60, 51, 44, 49, 43, 12]",9,8,free_flow_time,1.5962388392760911
2192,10,12,3,"[10, 29, 33, 60, 51, 44, 54, 43, 12]",9,8,free_flow_time,1.602887307054941
2193,10,12,4,"[10, 29, 27, 52, 55, 61, 36, 43, 12]",9,8,free_flow_time,1.6070499758101504
2194,10,12,5,"[10, 29, 33, 60, 44, 49, 43, 12]",8,7,free_flow_time,1.6155583485937552
2195,10,12,6,"[10, 29, 33, 60, 44, 54, 43, 12]",8,7,free_flow_time,1.622206816372605
2196,10,12,7,"[10, 29, 27, 52, 55, 61, 43, 12]",8,7,free_flow_time,1.62335748897166
2197,10,12,8,"[10, 29, 33, 60, 52, 55, 43, 12]",8,7,free_flow_time,1.634728023317023
2198,10,12,9,"[10, 29, 33, 60, 54, 44, 49, 43, 12]",9,8,free_flow_time,1.6502876345873274
2199,10,13,0,"[10, 29, 27, 45, 13]",5,4,free_flow_time,0.7520063504811033
2200,10,13,1,"[10, 29, 33, 27, 45, 13]",6,5,free_flow_time,1.1989866860977263
2201,10,13,2,"[10, 29, 27, 37, 58, 45, 13]",7,6,free_flow_time,1.3331628643390498
2202,10,13,3,"[10, 29, 27, 58, 45, 13]",6,5,free_flow_time,1.392118107335273
2203,10,13,4,"[10, 29, 37, 27, 45, 13]",6,5,free_flow_time,1.527399919969394
2204,10,13,5,"[10, 29, 27, 52, 32, 45, 13]",7,6,free_flow_time,1.5584855391627626
2205,10,13,6,"[10, 29, 39, 33, 27, 45, 13]",7,6,free_flow_time,1.6098442094305558
2206,10,13,7,"[10, 29, 37, 58, 45, 13]",6,5,free_flow_time,1.6344581916924827
2207,10,13,8,"[10, 29, 33, 60, 52, 32, 45, 13]",8,7,free_flow_time,1.645763906293815
2208,10,13,9,"[10, 29, 39, 31, 33, 27, 45, 13]",8,7,free_flow_time,1.6580931641870085
2209,10,14,0,"[10, 29, 14]",3,2,free_flow_time,0.0021837927896471
2210,10,15,0,"[10, 29, 33, 39, 42, 30, 15]",7,6,free_flow_time,1.136531034369805
2211,10,15,1,"[10, 29, 39, 42, 30, 15]",6,5,free_flow_time,1.1571402022001767
2212,10,15,2,"[10, 29, 33, 31, 39, 42, 30, 15]",8,7,free_flow_time,1.184779989126258
2213,10,15,3,"[10, 29, 33, 31, 42, 30, 15]",7,6,free_flow_time,1.2279446029714824
2214,10,15,4,"[10, 29, 42, 30, 15]",5,4,free_flow_time,1.2608471740404474
2215,10,15,5,"[10, 29, 33, 39, 31, 42, 30, 15]",8,7,free_flow_time,1.2700927268365079
2216,10,15,6,"[10, 29, 39, 31, 42, 30, 15]",7,6,free_flow_time,1.2907018946668793
2217,10,15,7,"[10, 29, 33, 60, 42, 30, 15]",7,6,free_flow_time,1.4842268981089919
2218,10,15,8,"[10, 29, 33, 60, 51, 30, 15]",7,6,free_flow_time,1.4888729291924219
2219,10,15,9,"[10, 29, 27, 33, 39, 42, 30, 15]",8,7,free_flow_time,1.5614967881361626
2220,10,16,0,"[10, 29, 33, 39, 42, 30, 40, 16]",8,7,free_flow_time,1.324690303039145
2221,10,16,1,"[10, 29, 39, 42, 30, 40, 16]",7,6,free_flow_time,1.3452994708695167
2222,10,16,2,"[10, 29, 33, 31, 39, 42, 30, 40, 16]",9,8,free_flow_time,1.3729392577955981
2223,10,16,3,"[10, 29, 33, 31, 42, 30, 40, 16]",8,7,free_flow_time,1.4161038716408225
2224,10,16,4,"[10, 29, 42, 30, 40, 16]",6,5,free_flow_time,1.4490064427097875
2225,10,16,5,"[10, 29, 33, 39, 31, 42, 30, 40, 16]",9,8,free_flow_time,1.458251995505848
2226,10,16,6,"[10, 29, 39, 31, 42, 30, 40, 16]",8,7,free_flow_time,1.4788611633362194
2227,10,16,7,"[10, 29, 33, 60, 42, 30, 40, 16]",8,7,free_flow_time,1.672386166778332
2228,10,16,8,"[10, 29, 33, 60, 51, 30, 40, 16]",8,7,free_flow_time,1.677032197861762
2229,10,16,9,"[10, 29, 27, 33, 39, 42, 30, 40, 16]",9,8,free_flow_time,1.7496560568055026
2230,10,17,0,"[10, 29, 33, 60, 51, 44, 49, 62, 17]",9,8,free_flow_time,1.8472643139924028
2231,10,17,1,"[10, 29, 33, 60, 44, 49, 62, 17]",8,7,free_flow_time,1.8665838233100671
2232,10,17,2,"[10, 29, 33, 60, 54, 44, 49, 62, 17]",9,8,free_flow_time,1.901313109303639
2233,10,17,3,"[10, 29, 33, 60, 54, 49, 62, 17]",8,7,free_flow_time,1.9304101796691548
2234,10,17,4,"[10, 29, 33, 39, 42, 51, 44, 49, 62, 17]",10,9,free_flow_time,1.9369558886817622
2235,10,17,5,"[10, 29, 39, 42, 51, 44, 49, 62, 17]",9,8,free_flow_time,1.9575650565121339
2236,10,17,6,"[10, 29, 27, 52, 55, 61, 36, 62, 17]",9,8,free_flow_time,1.9641745932071566
2237,10,17,7,"[10, 29, 33, 31, 39, 42, 51, 44, 49, 62, 17]",11,10,free_flow_time,1.9852048434382152
2238,10,17,8,"[10, 29, 33, 60, 51, 44, 49, 47, 62, 17]",10,9,free_flow_time,1.9995184646691497
2239,10,17,9,"[10, 29, 33, 60, 51, 44, 54, 49, 62, 17]",10,9,free_flow_time,2.0078023228622324
2240,10,18,0,"[10, 29, 33, 60, 51, 18]",6,5,free_flow_time,0.9561291658941794
2241,10,18,1,"[10, 29, 33, 39, 42, 51, 18]",7,6,free_flow_time,1.0458207405835387
2242,10,18,2,"[10, 29, 39, 42, 51, 18]",6,5,free_flow_time,1.0664299084139104
2243,10,18,3,"[10, 29, 33, 31, 39, 42, 51, 18]",8,7,free_flow_time,1.0940696953399918
2244,10,18,4,"[10, 29, 33, 31, 60, 51, 18]",7,6,free_flow_time,1.1219123466318512
2245,10,18,5,"[10, 29, 33, 31, 42, 51, 18]",7,6,free_flow_time,1.1372343091852162
2246,10,18,6,"[10, 29, 33, 39, 31, 60, 51, 18]",8,7,free_flow_time,1.1640604704968767
2247,10,18,7,"[10, 29, 42, 51, 18]",5,4,free_flow_time,1.1701368802541812
2248,10,18,8,"[10, 29, 33, 39, 31, 42, 51, 18]",8,7,free_flow_time,1.1793824330502416
2249,10,18,9,"[10, 29, 39, 31, 60, 51, 18]",7,6,free_flow_time,1.1846696383272484
2250,10,19,0,"[10, 29, 27, 52, 55, 61, 46, 65, 19]",9,8,free_flow_time,1.7460501817792955
2251,10,19,1,"[10, 29, 33, 60, 52, 55, 61, 46, 65, 19]",10,9,free_flow_time,1.8333285489103477
2252,10,19,2,"[10, 29, 27, 52, 55, 61, 46, 59, 65, 19]",10,9,free_flow_time,1.8438049382723425
2253,10,19,3,"[10, 29, 27, 52, 55, 61, 36, 46, 65, 19]",10,9,free_flow_time,1.8692443781787202
2254,10,19,4,"[10, 29, 33, 52, 55, 61, 46, 65, 19]",9,8,free_flow_time,1.8955772476401527
2255,10,19,5,"[10, 29, 33, 60, 52, 55, 61, 46, 59, 65, 19]",11,10,free_flow_time,1.9310833054033947
2256,10,19,6,"[10, 29, 33, 60, 52, 55, 61, 36, 46, 65, 19]",11,10,free_flow_time,1.9565227453097724
2257,10,19,7,"[10, 29, 27, 52, 55, 61, 36, 46, 59, 65, 19]",11,10,free_flow_time,1.966999134671767
2258,10,19,8,"[10, 29, 33, 52, 55, 61, 46, 59, 65, 19]",10,9,free_flow_time,1.9933320041331997
2259,10,19,9,"[10, 29, 33, 31, 60, 52, 55, 61, 46, 65, 19]",11,10,free_flow_time,1.9991117296480196
2260,10,20,0,"[10, 29, 20]",3,2,free_flow_time,0.0025922128425509617
2261,10,21,0,"[10, 29, 33, 39, 21]",5,4,free_flow_time,0.5871241134100378
2262,10,21,1,"[10, 29, 39, 21]",4,3,free_flow_time,0.6077332812404094
2263,10,21,2,"[10, 29, 33, 31, 39, 21]",6,5,free_flow_time,0.6353730681664906
2264,10,21,3,"[10, 29, 33, 31, 42, 39, 21]",7,6,free_flow_time,0.8930062206204102
2265,10,21,4,"[10, 29, 42, 39, 21]",5,4,free_flow_time,0.9259087916893752
2266,10,21,5,"[10, 29, 27, 33, 39, 21]",6,5,free_flow_time,1.0120898671763954
2267,10,21,6,"[10, 29, 33, 60, 31, 39, 21]",7,6,free_flow_time,1.0391254676554786
2268,10,21,7,"[10, 29, 42, 31, 39, 21]",6,5,free_flow_time,1.0594704841560783
2269,10,21,8,"[10, 29, 27, 33, 31, 39, 21]",7,6,free_flow_time,1.0603388219328485
2270,10,21,9,"[10, 29, 33, 60, 42, 39, 21]",7,6,free_flow_time,1.1492885157579198
2271,10,22,0,"[10, 29, 33, 22]",4,3,free_flow_time,0.3923485508166415
2272,10,22,1,"[10, 29, 39, 33, 22]",5,4,free_flow_time,0.8032060741494711
2273,10,22,2,"[10, 29, 27, 33, 22]",5,4,free_flow_time,0.817314304582999
2274,10,22,3,"[10, 29, 39, 31, 33, 22]",6,5,free_flow_time,0.851455028905924
2275,10,22,4,"[10, 29, 39, 42, 31, 33, 22]",7,6,free_flow_time,1.1090881813598437
2276,10,22,5,"[10, 29, 42, 39, 33, 22]",6,5,free_flow_time,1.1213815845984372
2277,10,22,6,"[10, 29, 42, 39, 31, 33, 22]",7,6,free_flow_time,1.1696305393548898
2278,10,22,7,"[10, 29, 42, 31, 33, 22]",6,5,free_flow_time,1.2127951532001144
2279,10,22,8,"[10, 29, 42, 31, 39, 33, 22]",7,6,free_flow_time,1.25494327706514
2280,10,22,9,"[10, 29, 39, 31, 60, 33, 22]",7,6,free_flow_time,1.255207428394912
2281,10,23,0,"[10, 29, 33, 60, 54, 43, 23]",7,6,free_flow_time,1.5245873308409292
2282,10,23,1,"[10, 29, 27, 52, 55, 43, 23]",7,6,free_flow_time,1.5465418231650365
2283,10,23,2,"[10, 29, 33, 60, 51, 44, 49, 43, 23]",9,8,free_flow_time,1.595331006255157
2284,10,23,3,"[10, 29, 33, 60, 51, 44, 54, 43, 23]",9,8,free_flow_time,1.6019794740340068
2285,10,23,4,"[10, 29, 27, 52, 55, 61, 36, 43, 23]",9,8,free_flow_time,1.6061421427892162
2286,10,23,5,"[10, 29, 33, 60, 44, 49, 43, 23]",8,7,free_flow_time,1.614650515572821
2287,10,23,6,"[10, 29, 33, 60, 44, 54, 43, 23]",8,7,free_flow_time,1.6212989833516709
2288,10,23,7,"[10, 29, 27, 52, 55, 61, 43, 23]",8,7,free_flow_time,1.6224496559507258
2289,10,23,8,"[10, 29, 33, 60, 52, 55, 43, 23]",8,7,free_flow_time,1.6338201902960887
2290,10,23,9,"[10, 29, 33, 60, 54, 44, 49, 43, 23]",9,8,free_flow_time,1.6493798015663932
2291,10,24,0,"[10, 29, 27, 52, 55, 56, 24]",7,6,free_flow_time,1.807575498439318
2292,10,24,1,"[10, 29, 27, 52, 55, 61, 46, 56, 24]",9,8,free_flow_time,1.8513852176451353
2293,10,24,2,"[10, 29, 27, 52, 55, 61, 56, 24]",8,7,free_flow_time,1.883631868370095
2294,10,24,3,"[10, 29, 33, 60, 52, 55, 56, 24]",8,7,free_flow_time,1.8948538655703702
2295,10,24,4,"[10, 29, 27, 45, 32, 41, 48, 26, 56, 24]",10,9,free_flow_time,1.9235405396500698
2296,10,24,5,"[10, 29, 33, 60, 52, 55, 61, 46, 56, 24]",10,9,free_flow_time,1.9386635847761875
2297,10,24,6,"[10, 29, 33, 52, 55, 56, 24]",7,6,free_flow_time,1.9571025643001752
2298,10,24,7,"[10, 29, 33, 60, 52, 55, 61, 56, 24]",9,8,free_flow_time,1.9709102355011472
2299,10,24,8,"[10, 29, 27, 52, 55, 61, 36, 46, 56, 24]",10,9,free_flow_time,1.97457941404456
2300,10,24,9,"[10, 29, 33, 52, 55, 61, 46, 56, 24]",9,8,free_flow_time,2.0009122835059925
2301,10,25,0,"[10, 29, 33, 60, 51, 44, 35, 25]",8,7,free_flow_time,1.6439468546279443
2302,10,25,1,"[10, 29, 33, 60, 44, 35, 25]",7,6,free_flow_time,1.6632663639456085
2303,10,25,2,"[10, 29, 33, 60, 54, 44, 35, 25]",8,7,free_flow_time,1.6979956499391806
2304,10,25,3,"[10, 29, 33, 39, 42, 51, 44, 35, 25]",9,8,free_flow_time,1.7336384293173037
2305,10,25,4,"[10, 29, 39, 42, 51, 44, 35, 25]",8,7,free_flow_time,1.7542475971476754
2306,10,25,5,"[10, 29, 33, 31, 39, 42, 51, 44, 35, 25]",10,9,free_flow_time,1.7818873840737568
2307,10,25,6,"[10, 29, 33, 31, 60, 51, 44, 35, 25]",9,8,free_flow_time,1.8097300353656163
2308,10,25,7,"[10, 29, 33, 60, 51, 50, 34, 35, 25]",9,8,free_flow_time,1.8235599384388266
2309,10,25,8,"[10, 29, 33, 31, 42, 51, 44, 35, 25]",9,8,free_flow_time,1.8250519979189812
2310,10,25,9,"[10, 29, 33, 31, 60, 44, 35, 25]",8,7,free_flow_time,1.8290495446832804
2311,11,1,0,"[11, 40, 1]",3,2,free_flow_time,0.0016805549842401836
2312,11,2,0,"[11, 40, 30, 42, 60, 52, 32, 41, 48, 2]",10,9,free_flow_time,2.118016246280504
2313,11,2,1,"[11, 40, 30, 51, 60, 52, 32, 41, 48, 2]",10,9,free_flow_time,2.122662277363934
2314,11,2,2,"[11, 40, 30, 42, 60, 52, 32, 41, 64, 48, 2]",11,10,free_flow_time,2.2171027660971725
2315,11,2,3,"[11, 40, 50, 51, 60, 52, 32, 41, 48, 2]",10,9,free_flow_time,2.2196396640023703
2316,11,2,4,"[11, 40, 30, 51, 60, 52, 32, 41, 64, 48, 2]",11,10,free_flow_time,2.2217487971806027
2317,11,2,5,"[11, 40, 30, 42, 39, 31, 60, 52, 32, 41, 48, 2]",12,11,free_flow_time,2.222321736786758
2318,11,2,6,"[11, 40, 30, 42, 31, 60, 52, 32, 41, 48, 2]",11,10,free_flow_time,2.2654863506319822
2319,11,2,7,"[11, 40, 30, 42, 39, 33, 27, 45, 32, 41, 48, 2]",12,11,free_flow_time,2.3008692368118666
2320,11,2,8,"[11, 40, 30, 50, 51, 60, 52, 32, 41, 48, 2]",11,10,free_flow_time,2.310310371717046
2321,11,2,9,"[11, 40, 30, 51, 44, 54, 52, 32, 41, 48, 2]",11,10,free_flow_time,2.312344868458372
2322,11,3,0,"[11, 40, 30, 3]",4,3,free_flow_time,0.1889975432867777
2323,11,3,1,"[11, 40, 50, 30, 3]",5,4,free_flow_time,1.3069238539750865
2324,11,3,2,"[11, 40, 28, 30, 3]",5,4,free_flow_time,1.3215204436189585
2325,11,3,3,"[11, 40, 50, 51, 30, 3]",6,5,free_flow_time,1.3523352834820992
2326,11,3,4,"[11, 40, 28, 42, 30, 3]",6,5,free_flow_time,1.5455835062689796
2327,11,3,5,"[11, 40, 50, 51, 42, 30, 3]",7,6,free_flow_time,1.6123907798956194
2328,11,3,6,"[11, 40, 50, 51, 60, 42, 30, 3]",8,7,free_flow_time,1.8407935579113985
2329,11,3,7,"[11, 40, 50, 51, 60, 31, 39, 42, 30, 3]",10,9,free_flow_time,1.9450990484176525
2330,11,3,8,"[11, 40, 28, 42, 51, 30, 3]",7,6,free_flow_time,1.9876169757809556
2331,11,3,9,"[11, 40, 50, 51, 60, 31, 42, 30, 3]",9,8,free_flow_time,1.9882636622628769
2332,11,4,0,"[11, 40, 30, 42, 60, 52, 32, 41, 64, 57, 4]",11,10,free_flow_time,2.1993751007849554
2333,11,4,1,"[11, 40, 30, 51, 60, 52, 32, 41, 64, 57, 4]",11,10,free_flow_time,2.2040211318683856
2334,11,4,2,"[11, 40, 50, 51, 60, 52, 32, 41, 64, 57, 4]",11,10,free_flow_time,2.300998518506822
2335,11,4,3,"[11, 40, 30, 42, 39, 31, 60, 52, 32, 41, 64, 57, 4]",13,12,free_flow_time,2.3036805912912093
2336,11,4,4,"[11, 40, 30, 42, 60, 52, 32, 41, 53, 57, 4]",11,10,free_flow_time,2.3341125930916222
2337,11,4,5,"[11, 40, 30, 51, 60, 52, 32, 41, 53, 57, 4]",11,10,free_flow_time,2.3387586241750524
2338,11,4,6,"[11, 40, 30, 42, 31, 60, 52, 32, 41, 64, 57, 4]",12,11,free_flow_time,2.3468452051364337
2339,11,4,7,"[11, 40, 30, 42, 39, 33, 27, 45, 32, 41, 64, 57, 4]",13,12,free_flow_time,2.382228091316318
2340,11,4,8,"[11, 40, 30, 50, 51, 60, 52, 32, 41, 64, 57, 4]",12,11,free_flow_time,2.3916692262214974
2341,11,4,9,"[11, 40, 30, 51, 44, 54, 52, 32, 41, 64, 57, 4]",12,11,free_flow_time,2.3937037229628233
2342,11,5,0,"[11, 40, 30, 42, 60, 52, 5]",7,6,free_flow_time,1.3023432875227379
2343,11,5,1,"[11, 40, 30, 51, 60, 52, 5]",7,6,free_flow_time,1.3069893186061678
2344,11,5,2,"[11, 40, 50, 51, 60, 52, 5]",7,6,free_flow_time,1.403966705244604
2345,11,5,3,"[11, 40, 30, 42, 39, 31, 60, 52, 5]",9,8,free_flow_time,1.4066487780289918
2346,11,5,4,"[11, 40, 30, 42, 31, 60, 52, 5]",8,7,free_flow_time,1.4498133918742162
2347,11,5,5,"[11, 40, 30, 50, 51, 60, 52, 5]",8,7,free_flow_time,1.4946374129592797
2348,11,5,6,"[11, 40, 30, 51, 44, 54, 52, 5]",8,7,free_flow_time,1.4966719097006058
2349,11,5,7,"[11, 40, 30, 42, 51, 60, 52, 5]",8,7,free_flow_time,1.5670448150196878
2350,11,5,8,"[11, 40, 30, 42, 39, 33, 60, 52, 5]",9,8,free_flow_time,1.5889658289287525
2351,11,5,9,"[11, 40, 50, 51, 44, 54, 52, 5]",8,7,free_flow_time,1.5936492963390423
2352,11,6,0,"[11, 40, 30, 51, 44, 49, 43, 36, 46, 65, 6]",11,10,free_flow_time,1.8834036940718653
2353,11,6,1,"[11, 40, 30, 51, 44, 54, 43, 36, 46, 65, 6]",11,10,free_flow_time,1.8900521618507151
2354,11,6,2,"[11, 40, 30, 51, 44, 49, 43, 36, 61, 46, 65, 6]",12,11,free_flow_time,1.8914650455631017
2355,11,6,3,"[11, 40, 30, 51, 44, 54, 43, 36, 61, 46, 65, 6]",12,11,free_flow_time,1.8981135133419516
2356,11,6,4,"[11, 40, 30, 51, 44, 49, 43, 61, 46, 65, 6]",11,10,free_flow_time,1.9077725587246115
2357,11,6,5,"[11, 40, 30, 51, 44, 54, 43, 61, 46, 65, 6]",11,10,free_flow_time,1.9144210265034611
2358,11,6,6,"[11, 40, 50, 51, 44, 49, 43, 36, 46, 65, 6]",11,10,free_flow_time,1.9803810807103017
2359,11,6,7,"[11, 40, 30, 51, 44, 49, 43, 36, 46, 59, 65, 6]",12,11,free_flow_time,1.981158450564912
2360,11,6,8,"[11, 40, 50, 51, 44, 54, 43, 36, 46, 65, 6]",11,10,free_flow_time,1.9870295484891516
2361,11,6,9,"[11, 40, 30, 51, 44, 54, 43, 36, 46, 59, 65, 6]",12,11,free_flow_time,1.987806918343762
2362,11,7,0,"[11, 40, 30, 51, 7]",5,4,free_flow_time,0.72208498368096
2363,11,7,1,"[11, 40, 50, 51, 7]",5,4,free_flow_time,0.8190623703193964
2364,11,7,2,"[11, 40, 30, 50, 51, 7]",6,5,free_flow_time,0.909733078034072
2365,11,7,3,"[11, 40, 30, 42, 51, 7]",6,5,free_flow_time,0.9821404800944802
2366,11,7,4,"[11, 40, 30, 42, 60, 51, 7]",7,6,free_flow_time,1.2105432581102593
2367,11,7,5,"[11, 40, 30, 42, 39, 31, 60, 51, 7]",9,8,free_flow_time,1.3148487486165132
2368,11,7,6,"[11, 40, 30, 42, 31, 60, 51, 7]",8,7,free_flow_time,1.3580133624617376
2369,11,7,7,"[11, 40, 28, 42, 51, 7]",6,5,free_flow_time,1.4543440626182529
2370,11,7,8,"[11, 40, 30, 42, 39, 33, 60, 51, 7]",9,8,free_flow_time,1.497165799516274
2371,11,7,9,"[11, 40, 34, 50, 51, 7]",6,5,free_flow_time,1.5434038969651784
2372,11,8,0,"[11, 40, 30, 42, 39, 33, 29, 8]",8,7,free_flow_time,1.3235585671053935
2373,11,8,1,"[11, 40, 30, 42, 39, 29, 8]",7,6,free_flow_time,1.3441677349357652
2374,11,8,2,"[11, 40, 30, 42, 39, 31, 33, 29, 8]",9,8,free_flow_time,1.3718075218618464
2375,11,8,3,"[11, 40, 30, 42, 31, 33, 29, 8]",8,7,free_flow_time,1.4149721357070708
2376,11,8,4,"[11, 40, 30, 42, 29, 8]",6,5,free_flow_time,1.447874706776036
2377,11,8,5,"[11, 40, 30, 42, 31, 39, 33, 29, 8]",9,8,free_flow_time,1.4571202595720962
2378,11,8,6,"[11, 40, 30, 42, 31, 39, 29, 8]",8,7,free_flow_time,1.477729427402468
2379,11,8,7,"[11, 40, 30, 42, 60, 33, 29, 8]",8,7,free_flow_time,1.6712544308445803
2380,11,8,8,"[11, 40, 30, 51, 60, 33, 29, 8]",8,7,free_flow_time,1.67590046192801
2381,11,8,9,"[11, 40, 30, 42, 39, 33, 27, 29, 8]",9,8,free_flow_time,1.748524320871751
2382,11,9,0,"[11, 40, 30, 51, 44, 49, 9]",7,6,free_flow_time,1.1024419490082744
2383,11,9,1,"[11, 40, 50, 51, 44, 49, 9]",7,6,free_flow_time,1.1994193356467109
2384,11,9,2,"[11, 40, 30, 51, 44, 54, 49, 9]",8,7,free_flow_time,1.262979957878104
2385,11,9,3,"[11, 40, 30, 50, 51, 44, 49, 9]",8,7,free_flow_time,1.2900900433613864
2386,11,9,4,"[11, 40, 50, 51, 44, 54, 49, 9]",8,7,free_flow_time,1.3599573445165405
2387,11,9,5,"[11, 40, 30, 42, 51, 44, 49, 9]",8,7,free_flow_time,1.3624974454217946
2388,11,9,6,"[11, 40, 50, 44, 49, 9]",6,5,free_flow_time,1.3806608138922518
2389,11,9,7,"[11, 40, 30, 50, 51, 44, 54, 49, 9]",9,8,free_flow_time,1.450628052231216
2390,11,9,8,"[11, 40, 30, 50, 44, 49, 9]",7,6,free_flow_time,1.4713315216069274
2391,11,9,9,"[11, 40, 30, 51, 50, 44, 49, 9]",8,7,free_flow_time,1.51674295111394
2392,11,10,0,"[11, 40, 30, 42, 39, 33, 29, 10]",8,7,free_flow_time,1.3247459422846848
2393,11,10,1,"[11, 40, 30, 42, 39, 29, 10]",7,6,free_flow_time,1.3453551101150565
2394,11,10,2,"[11, 40, 30, 42, 39, 31, 33, 29, 10]",9,8,free_flow_time,1.3729948970411376
2395,11,10,3,"[11, 40, 30, 42, 31, 33, 29, 10]",8,7,free_flow_time,1.416159510886362
2396,11,10,4,"[11, 40, 30, 42, 29, 10]",6,5,free_flow_time,1.4490620819553273
2397,11,10,5,"[11, 40, 30, 42, 31, 39, 33, 29, 10]",9,8,free_flow_time,1.4583076347513875
2398,11,10,6,"[11, 40, 30, 42, 31, 39, 29, 10]",8,7,free_flow_time,1.4789168025817592
2399,11,10,7,"[11, 40, 30, 42, 60, 33, 29, 10]",8,7,free_flow_time,1.6724418060238715
2400,11,10,8,"[11, 40, 30, 51, 60, 33, 29, 10]",8,7,free_flow_time,1.6770878371073012
2401,11,10,9,"[11, 40, 30, 42, 39, 33, 27, 29, 10]",9,8,free_flow_time,1.7497116960510422
2402,11,11,0,"[11, 40, 11]",3,2,free_flow_time,0.0011489667935811884
2403,11,12,0,"[11, 40, 30, 51, 44, 49, 43, 12]",8,7,free_flow_time,1.3623404640443364
2404,11,12,1,"[11, 40, 30, 51, 44, 54, 43, 12]",8,7,free_flow_time,1.3689889318231863
2405,11,12,2,"[11, 40, 50, 51, 44, 49, 43, 12]",8,7,free_flow_time,1.4593178506827729
2406,11,12,3,"[11, 40, 50, 51, 44, 54, 43, 12]",8,7,free_flow_time,1.4659663184616227
2407,11,12,4,"[11, 40, 30, 51, 44, 54, 49, 43, 12]",9,8,free_flow_time,1.522878472914166
2408,11,12,5,"[11, 40, 30, 50, 51, 44, 49, 43, 12]",9,8,free_flow_time,1.5499885583974484
2409,11,12,6,"[11, 40, 30, 50, 51, 44, 54, 43, 12]",9,8,free_flow_time,1.5566370261762983
2410,11,12,7,"[11, 40, 30, 51, 44, 49, 54, 43, 12]",9,8,free_flow_time,1.605828262381993
2411,11,12,8,"[11, 40, 50, 51, 44, 54, 49, 43, 12]",9,8,free_flow_time,1.6198558595526025
2412,11,12,9,"[11, 40, 30, 42, 51, 44, 49, 43, 12]",9,8,free_flow_time,1.6223959604578566
2413,11,13,0,"[11, 40, 30, 42, 39, 33, 27, 45, 13]",9,8,free_flow_time,1.7401691267012853
2414,11,13,1,"[11, 40, 30, 42, 39, 31, 33, 27, 45, 13]",10,9,free_flow_time,1.788418081457738
2415,11,13,2,"[11, 40, 30, 42, 31, 33, 27, 45, 13]",9,8,free_flow_time,1.8315826953029628
2416,11,13,3,"[11, 40, 30, 42, 31, 39, 33, 27, 45, 13]",10,9,free_flow_time,1.8737308191679882
2417,11,13,4,"[11, 40, 30, 42, 60, 52, 32, 45, 13]",9,8,free_flow_time,1.9003238054913594
2418,11,13,5,"[11, 40, 30, 51, 60, 52, 32, 45, 13]",9,8,free_flow_time,1.9049698365747896
2419,11,13,6,"[11, 40, 50, 51, 60, 52, 32, 45, 13]",9,8,free_flow_time,2.001947223213226
2420,11,13,7,"[11, 40, 30, 42, 39, 31, 60, 52, 32, 45, 13]",11,10,free_flow_time,2.0046292959976135
2421,11,13,8,"[11, 40, 30, 42, 31, 60, 52, 32, 45, 13]",10,9,free_flow_time,2.047793909842838
2422,11,13,9,"[11, 40, 30, 42, 39, 33, 29, 27, 45, 13]",10,9,free_flow_time,2.0735923143391135
2423,11,14,0,"[11, 40, 30, 42, 39, 33, 29, 14]",8,7,free_flow_time,1.3237697566476574
2424,11,14,1,"[11, 40, 30, 42, 39, 29, 14]",7,6,free_flow_time,1.344378924478029
2425,11,14,2,"[11, 40, 30, 42, 39, 31, 33, 29, 14]",9,8,free_flow_time,1.3720187114041102
2426,11,14,3,"[11, 40, 30, 42, 31, 33, 29, 14]",8,7,free_flow_time,1.4151833252493347
2427,11,14,4,"[11, 40, 30, 42, 29, 14]",6,5,free_flow_time,1.4480858963182999
2428,11,14,5,"[11, 40, 30, 42, 31, 39, 33, 29, 14]",9,8,free_flow_time,1.45733144911436
2429,11,14,6,"[11, 40, 30, 42, 31, 39, 29, 14]",8,7,free_flow_time,1.4779406169447318
2430,11,14,7,"[11, 40, 30, 42, 60, 33, 29, 14]",8,7,free_flow_time,1.671465620386844
2431,11,14,8,"[11, 40, 30, 51, 60, 33, 29, 14]",8,7,free_flow_time,1.6761116514702739
2432,11,14,9,"[11, 40, 30, 42, 39, 33, 27, 29, 14]",9,8,free_flow_time,1.7487355104140148
2433,11,15,0,"[11, 40, 30, 15]",4,3,free_flow_time,0.18861420040378177
2434,11,15,1,"[11, 40, 50, 30, 15]",5,4,free_flow_time,1.3065405110920907
2435,11,15,2,"[11, 40, 28, 30, 15]",5,4,free_flow_time,1.3211371007359627
2436,11,15,3,"[11, 40, 50, 51, 30, 15]",6,5,free_flow_time,1.3519519405991034
2437,11,15,4,"[11, 40, 28, 42, 30, 15]",6,5,free_flow_time,1.5452001633859838
2438,11,15,5,"[11, 40, 50, 51, 42, 30, 15]",7,6,free_flow_time,1.6120074370126236
2439,11,15,6,"[11, 40, 50, 51, 60, 42, 30, 15]",8,7,free_flow_time,1.8404102150284027
2440,11,15,7,"[11, 40, 50, 51, 60, 31, 39, 42, 30, 15]",10,9,free_flow_time,1.9447157055346567
2441,11,15,8,"[11, 40, 28, 42, 51, 30, 15]",7,6,free_flow_time,1.9872336328979598
2442,11,15,9,"[11, 40, 50, 51, 60, 31, 42, 30, 15]",9,8,free_flow_time,1.987880319379881
2443,11,16,0,"[11, 40, 16]",3,2,free_flow_time,0.001093327548041645
2444,11,17,0,"[11, 40, 30, 51, 44, 49, 62, 17]",8,7,free_flow_time,1.6133659387606483
2445,11,17,1,"[11, 40, 50, 51, 44, 49, 62, 17]",8,7,free_flow_time,1.7103433253990845
2446,11,17,2,"[11, 40, 30, 51, 44, 49, 47, 62, 17]",9,8,free_flow_time,1.765620089437395
2447,11,17,3,"[11, 40, 30, 51, 44, 54, 49, 62, 17]",9,8,free_flow_time,1.7739039476304779
2448,11,17,4,"[11, 40, 30, 50, 51, 44, 49, 62, 17]",9,8,free_flow_time,1.80101403311376
2449,11,17,5,"[11, 40, 50, 51, 44, 49, 47, 62, 17]",9,8,free_flow_time,1.8625974760758315
2450,11,17,6,"[11, 40, 50, 51, 44, 54, 49, 62, 17]",9,8,free_flow_time,1.8708813342689141
2451,11,17,7,"[11, 40, 30, 42, 51, 44, 49, 62, 17]",9,8,free_flow_time,1.8734214351741683
2452,11,17,8,"[11, 40, 50, 44, 49, 62, 17]",7,6,free_flow_time,1.8915848036446254
2453,11,17,9,"[11, 40, 30, 51, 44, 54, 49, 47, 62, 17]",10,9,free_flow_time,1.9261580983072246
2454,11,18,0,"[11, 40, 30, 51, 18]",5,4,free_flow_time,0.7222307906624246
2455,11,18,1,"[11, 40, 50, 51, 18]",5,4,free_flow_time,0.819208177300861
2456,11,18,2,"[11, 40, 30, 50, 51, 18]",6,5,free_flow_time,0.9098788850155366
2457,11,18,3,"[11, 40, 30, 42, 51, 18]",6,5,free_flow_time,0.9822862870759448
2458,11,18,4,"[11, 40, 30, 42, 60, 51, 18]",7,6,free_flow_time,1.210689065091724
2459,11,18,5,"[11, 40, 30, 42, 39, 31, 60, 51, 18]",9,8,free_flow_time,1.3149945555979778
2460,11,18,6,"[11, 40, 30, 42, 31, 60, 51, 18]",8,7,free_flow_time,1.3581591694432023
2461,11,18,7,"[11, 40, 28, 42, 51, 18]",6,5,free_flow_time,1.4544898695997175
2462,11,18,8,"[11, 40, 30, 42, 39, 33, 60, 51, 18]",9,8,free_flow_time,1.4973116064977385
2463,11,18,9,"[11, 40, 34, 50, 51, 18]",6,5,free_flow_time,1.543549703946643
2464,11,19,0,"[11, 40, 30, 51, 44, 49, 43, 36, 46, 65, 19]",11,10,free_flow_time,1.8831780385286605
2465,11,19,1,"[11, 40, 30, 51, 44, 54, 43, 36, 46, 65, 19]",11,10,free_flow_time,1.8898265063075104
2466,11,19,2,"[11, 40, 30, 51, 44, 49, 43, 36, 61, 46, 65, 19]",12,11,free_flow_time,1.891239390019897
2467,11,19,3,"[11, 40, 30, 51, 44, 54, 43, 36, 61, 46, 65, 19]",12,11,free_flow_time,1.8978878577987468
2468,11,19,4,"[11, 40, 30, 51, 44, 49, 43, 61, 46, 65, 19]",11,10,free_flow_time,1.9075469031814067
2469,11,19,5,"[11, 40, 30, 51, 44, 54, 43, 61, 46, 65, 19]",11,10,free_flow_time,1.9141953709602564
2470,11,19,6,"[11, 40, 50, 51, 44, 49, 43, 36, 46, 65, 19]",11,10,free_flow_time,1.980155425167097
2471,11,19,7,"[11, 40, 30, 51, 44, 49, 43, 36, 46, 59, 65, 19]",12,11,free_flow_time,1.9809327950217073
2472,11,19,8,"[11, 40, 50, 51, 44, 54, 43, 36, 46, 65, 19]",11,10,free_flow_time,1.9868038929459468
2473,11,19,9,"[11, 40, 30, 51, 44, 54, 43, 36, 46, 59, 65, 19]",12,11,free_flow_time,1.9875812628005574
2474,11,20,0,"[11, 40, 30, 42, 39, 33, 29, 20]",8,7,free_flow_time,1.3241781767005614
2475,11,20,1,"[11, 40, 30, 42, 39, 29, 20]",7,6,free_flow_time,1.344787344530933
2476,11,20,2,"[11, 40, 30, 42, 39, 31, 33, 29, 20]",9,8,free_flow_time,1.3724271314570142
2477,11,20,3,"[11, 40, 30, 42, 31, 33, 29, 20]",8,7,free_flow_time,1.4155917453022386
2478,11,20,4,"[11, 40, 30, 42, 29, 20]",6,5,free_flow_time,1.4484943163712038
2479,11,20,5,"[11, 40, 30, 42, 31, 39, 33, 29, 20]",9,8,free_flow_time,1.457739869167264
2480,11,20,6,"[11, 40, 30, 42, 31, 39, 29, 20]",8,7,free_flow_time,1.4783490369976358
2481,11,20,7,"[11, 40, 30, 42, 60, 33, 29, 20]",8,7,free_flow_time,1.671874040439748
2482,11,20,8,"[11, 40, 30, 51, 60, 33, 29, 20]",8,7,free_flow_time,1.6765200715231778
2483,11,20,9,"[11, 40, 30, 42, 39, 33, 27, 29, 20]",9,8,free_flow_time,1.7491439304669187
2484,11,21,0,"[11, 40, 30, 42, 39, 21]",6,5,free_flow_time,0.7380581985111389
2485,11,21,1,"[11, 40, 30, 42, 31, 39, 21]",7,6,free_flow_time,0.8716198909778416
2486,11,21,2,"[11, 40, 30, 51, 42, 39, 21]",7,6,free_flow_time,1.180091668023115
2487,11,21,3,"[11, 40, 28, 42, 39, 21]",6,5,free_flow_time,1.2102617810349117
2488,11,21,4,"[11, 40, 30, 42, 31, 33, 39, 21]",8,7,free_flow_time,1.2197201226152743
2489,11,21,5,"[11, 40, 50, 51, 42, 39, 21]",7,6,free_flow_time,1.2770690546615515
2490,11,21,6,"[11, 40, 30, 42, 60, 31, 39, 21]",8,7,free_flow_time,1.2936853668530233
2491,11,21,7,"[11, 40, 30, 51, 60, 31, 39, 21]",8,7,free_flow_time,1.2983313979364532
2492,11,21,8,"[11, 40, 30, 51, 42, 31, 39, 21]",8,7,free_flow_time,1.313653360489818
2493,11,21,9,"[11, 40, 28, 42, 31, 39, 21]",7,6,free_flow_time,1.3438234735016146
2494,11,22,0,"[11, 40, 30, 42, 39, 33, 22]",7,6,free_flow_time,0.9335309914202006
2495,11,22,1,"[11, 40, 30, 42, 39, 31, 33, 22]",8,7,free_flow_time,0.9817799461766534
2496,11,22,2,"[11, 40, 30, 42, 31, 33, 22]",7,6,free_flow_time,1.024944560021878
2497,11,22,3,"[11, 40, 30, 42, 31, 39, 33, 22]",8,7,free_flow_time,1.0670926838869035
2498,11,22,4,"[11, 40, 30, 42, 60, 33, 22]",7,6,free_flow_time,1.2812268551593875
2499,11,22,5,"[11, 40, 30, 51, 60, 33, 22]",7,6,free_flow_time,1.2858728862428173
2500,11,22,6,"[11, 40, 30, 51, 42, 39, 33, 22]",8,7,free_flow_time,1.3755644609321767
2501,11,22,7,"[11, 40, 50, 51, 60, 33, 22]",7,6,free_flow_time,1.3828502728812537
2502,11,22,8,"[11, 40, 30, 42, 39, 31, 60, 33, 22]",9,8,free_flow_time,1.3855323456656414
2503,11,22,9,"[11, 40, 28, 42, 39, 33, 22]",7,6,free_flow_time,1.4057345739439735
2504,11,23,0,"[11, 40, 30, 51, 44, 49, 43, 23]",8,7,free_flow_time,1.3614326310234022
2505,11,23,1,"[11, 40, 30, 51, 44, 54, 43, 23]",8,7,free_flow_time,1.368081098802252
2506,11,23,2,"[11, 40, 50, 51, 44, 49, 43, 23]",8,7,free_flow_time,1.4584100176618386
2507,11,23,3,"[11, 40, 50, 51, 44, 54, 43, 23]",8,7,free_flow_time,1.4650584854406885
2508,11,23,4,"[11, 40, 30, 51, 44, 54, 49, 43, 23]",9,8,free_flow_time,1.5219706398932318
2509,11,23,5,"[11, 40, 30, 50, 51, 44, 49, 43, 23]",9,8,free_flow_time,1.5490807253765142
2510,11,23,6,"[11, 40, 30, 50, 51, 44, 54, 43, 23]",9,8,free_flow_time,1.555729193155364
2511,11,23,7,"[11, 40, 30, 51, 44, 49, 54, 43, 23]",9,8,free_flow_time,1.6049204293610588
2512,11,23,8,"[11, 40, 50, 51, 44, 54, 49, 43, 23]",9,8,free_flow_time,1.6189480265316682
2513,11,23,9,"[11, 40, 30, 42, 51, 44, 49, 43, 23]",9,8,free_flow_time,1.6214881274369224
2514,11,24,0,"[11, 40, 30, 51, 44, 49, 43, 36, 46, 56, 24]",11,10,free_flow_time,1.9885130743945003
2515,11,24,1,"[11, 40, 30, 51, 44, 54, 43, 36, 46, 56, 24]",11,10,free_flow_time,1.9951615421733502
2516,11,24,2,"[11, 40, 30, 51, 44, 49, 43, 36, 61, 46, 56, 24]",12,11,free_flow_time,1.9965744258857367
2517,11,24,3,"[11, 40, 30, 51, 44, 54, 43, 36, 61, 46, 56, 24]",12,11,free_flow_time,2.0032228936645864
2518,11,24,4,"[11, 40, 30, 51, 44, 49, 43, 61, 46, 56, 24]",11,10,free_flow_time,2.0128819390472463
2519,11,24,5,"[11, 40, 30, 51, 44, 54, 43, 61, 46, 56, 24]",11,10,free_flow_time,2.019530406826096
2520,11,24,6,"[11, 40, 30, 51, 44, 49, 43, 36, 61, 56, 24]",11,10,free_flow_time,2.028821076610696
2521,11,24,7,"[11, 40, 30, 51, 44, 54, 43, 36, 61, 56, 24]",11,10,free_flow_time,2.035469544389546
2522,11,24,8,"[11, 40, 30, 51, 44, 49, 43, 61, 56, 24]",10,9,free_flow_time,2.045128589772206
2523,11,24,9,"[11, 40, 30, 51, 44, 54, 43, 61, 56, 24]",10,9,free_flow_time,2.0517770575510554
2524,11,25,0,"[11, 40, 30, 51, 44, 35, 25]",7,6,free_flow_time,1.4100484793961896
2525,11,25,1,"[11, 40, 50, 34, 35, 25]",6,5,free_flow_time,1.4535794259853836
2526,11,25,2,"[11, 40, 50, 51, 44, 35, 25]",7,6,free_flow_time,1.507025866034626
2527,11,25,3,"[11, 40, 34, 35, 25]",5,4,free_flow_time,1.529428718430074
2528,11,25,4,"[11, 40, 30, 50, 34, 35, 25]",7,6,free_flow_time,1.5442501337000591
2529,11,25,5,"[11, 40, 30, 51, 50, 34, 35, 25]",8,7,free_flow_time,1.5896615632070716
2530,11,25,6,"[11, 40, 30, 50, 51, 44, 35, 25]",8,7,free_flow_time,1.5976965737493016
2531,11,25,7,"[11, 40, 30, 42, 51, 44, 35, 25]",8,7,free_flow_time,1.6701039758097098
2532,11,25,8,"[11, 40, 50, 44, 35, 25]",6,5,free_flow_time,1.688267344280167
2533,11,25,9,"[11, 40, 30, 51, 44, 49, 47, 35, 25]",9,8,free_flow_time,1.7698201127450013
2534,12,1,0,"[12, 43, 49, 44, 51, 30, 40, 1]",8,7,free_flow_time,1.3628720522349953
2535,12,1,1,"[12, 43, 54, 44, 51, 30, 40, 1]",8,7,free_flow_time,1.3695205200138452
2536,12,1,2,"[12, 43, 49, 44, 51, 50, 40, 1]",8,7,free_flow_time,1.459849438873432
2537,12,1,3,"[12, 43, 54, 44, 51, 50, 40, 1]",8,7,free_flow_time,1.4664979066522816
2538,12,1,4,"[12, 43, 49, 54, 44, 51, 30, 40, 1]",9,8,free_flow_time,1.523410061104825
2539,12,1,5,"[12, 43, 49, 44, 51, 50, 30, 40, 1]",9,8,free_flow_time,1.5505201465881076
2540,12,1,6,"[12, 43, 54, 44, 51, 50, 30, 40, 1]",9,8,free_flow_time,1.5571686143669572
2541,12,1,7,"[12, 43, 54, 49, 44, 51, 30, 40, 1]",9,8,free_flow_time,1.606359850572652
2542,12,1,8,"[12, 43, 49, 54, 44, 51, 50, 40, 1]",9,8,free_flow_time,1.6203874477432614
2543,12,1,9,"[12, 43, 49, 44, 51, 42, 30, 40, 1]",9,8,free_flow_time,1.6229275486485157
2544,12,2,0,"[12, 43, 55, 26, 48, 2]",6,5,free_flow_time,1.0556102487692536
2545,12,2,1,"[12, 43, 36, 61, 55, 26, 48, 2]",8,7,free_flow_time,1.1152105683934332
2546,12,2,2,"[12, 43, 61, 55, 26, 48, 2]",7,6,free_flow_time,1.1315180815549428
2547,12,2,3,"[12, 43, 36, 46, 56, 26, 48, 2]",8,7,free_flow_time,1.2402261323243315
2548,12,2,4,"[12, 43, 36, 61, 46, 56, 26, 48, 2]",9,8,free_flow_time,1.2482874838155678
2549,12,2,5,"[12, 43, 61, 46, 56, 26, 48, 2]",8,7,free_flow_time,1.2645949969770773
2550,12,2,6,"[12, 43, 36, 61, 56, 26, 48, 2]",8,7,free_flow_time,1.2805341345405274
2551,12,2,7,"[12, 43, 61, 56, 26, 48, 2]",7,6,free_flow_time,1.296841647702037
2552,12,2,8,"[12, 43, 55, 56, 26, 48, 2]",7,6,free_flow_time,1.3222441261537068
2553,12,2,9,"[12, 43, 55, 61, 46, 56, 26, 48, 2]",9,8,free_flow_time,1.3660538453595243
2554,12,3,0,"[12, 43, 49, 44, 51, 30, 3]",7,6,free_flow_time,1.1745088990124526
2555,12,3,1,"[12, 43, 54, 44, 51, 30, 3]",7,6,free_flow_time,1.1811573667913025
2556,12,3,2,"[12, 43, 49, 54, 44, 51, 30, 3]",8,7,free_flow_time,1.3350469078822822
2557,12,3,3,"[12, 43, 49, 44, 51, 50, 30, 3]",8,7,free_flow_time,1.3621569933655648
2558,12,3,4,"[12, 43, 54, 44, 51, 50, 30, 3]",8,7,free_flow_time,1.3688054611444145
2559,12,3,5,"[12, 43, 54, 49, 44, 51, 30, 3]",8,7,free_flow_time,1.4179966973501092
2560,12,3,6,"[12, 43, 49, 44, 51, 42, 30, 3]",8,7,free_flow_time,1.434564395425973
2561,12,3,7,"[12, 43, 54, 44, 51, 42, 30, 3]",8,7,free_flow_time,1.4412128632048227
2562,12,3,8,"[12, 43, 49, 54, 44, 51, 50, 30, 3]",9,8,free_flow_time,1.522695002235394
2563,12,3,9,"[12, 43, 49, 44, 50, 30, 3]",7,6,free_flow_time,1.5433984716111058
2564,12,4,0,"[12, 43, 36, 46, 56, 57, 4]",7,6,free_flow_time,1.2700955488438936
2565,12,4,1,"[12, 43, 36, 61, 46, 56, 57, 4]",8,7,free_flow_time,1.27815690033513
2566,12,4,2,"[12, 43, 61, 46, 56, 57, 4]",7,6,free_flow_time,1.2944644134966397
2567,12,4,3,"[12, 43, 36, 61, 56, 57, 4]",7,6,free_flow_time,1.3104035510600895
2568,12,4,4,"[12, 43, 61, 56, 57, 4]",6,5,free_flow_time,1.3267110642215991
2569,12,4,5,"[12, 43, 55, 26, 48, 57, 4]",7,6,free_flow_time,1.3453277462121562
2570,12,4,6,"[12, 43, 55, 56, 57, 4]",6,5,free_flow_time,1.352113542673269
2571,12,4,7,"[12, 43, 55, 61, 46, 56, 57, 4]",8,7,free_flow_time,1.3959232618790864
2572,12,4,8,"[12, 43, 36, 61, 55, 26, 48, 57, 4]",9,8,free_flow_time,1.404928065836336
2573,12,4,9,"[12, 43, 36, 61, 55, 56, 57, 4]",8,7,free_flow_time,1.411713862297449
2574,12,5,0,"[12, 43, 55, 52, 5]",5,4,free_flow_time,0.5875032813022472
2575,12,5,1,"[12, 43, 36, 61, 55, 52, 5]",7,6,free_flow_time,0.6471036009264269
2576,12,5,2,"[12, 43, 61, 55, 52, 5]",6,5,free_flow_time,0.6634111140879365
2577,12,5,3,"[12, 43, 54, 52, 5]",5,4,free_flow_time,0.7388069033015658
2578,12,5,4,"[12, 43, 49, 44, 54, 52, 5]",7,6,free_flow_time,0.8635993740270298
2579,12,5,5,"[12, 43, 52, 5]",4,3,free_flow_time,0.8717544093609552
2580,12,5,6,"[12, 43, 49, 54, 52, 5]",6,5,free_flow_time,0.8926964443925456
2581,12,5,7,"[12, 43, 36, 46, 61, 55, 52, 5]",8,7,free_flow_time,0.9272304360277727
2582,12,5,8,"[12, 43, 54, 60, 52, 5]",6,5,free_flow_time,1.1553966453607298
2583,12,5,9,"[12, 43, 49, 44, 51, 60, 52, 5]",8,7,free_flow_time,1.2261403207749577
2584,12,6,0,"[12, 43, 36, 46, 65, 6]",6,5,free_flow_time,0.5232071777843988
2585,12,6,1,"[12, 43, 36, 61, 46, 65, 6]",7,6,free_flow_time,0.5312685292756353
2586,12,6,2,"[12, 43, 61, 46, 65, 6]",6,5,free_flow_time,0.5475760424371449
2587,12,6,3,"[12, 43, 36, 46, 59, 65, 6]",7,6,free_flow_time,0.6209619342774456
2588,12,6,4,"[12, 43, 36, 61, 46, 59, 65, 6]",8,7,free_flow_time,0.629023285768682
2589,12,6,5,"[12, 43, 61, 46, 59, 65, 6]",7,6,free_flow_time,0.6453307989301916
2590,12,6,6,"[12, 43, 55, 61, 46, 65, 6]",7,6,free_flow_time,0.6490348908195916
2591,12,6,7,"[12, 43, 61, 36, 46, 65, 6]",7,6,free_flow_time,0.6707702388365696
2592,12,6,8,"[12, 43, 36, 65, 6]",5,4,free_flow_time,0.7158928243763301
2593,12,6,9,"[12, 43, 55, 61, 46, 59, 65, 6]",8,7,free_flow_time,0.7467896473126384
2594,12,7,0,"[12, 43, 49, 44, 51, 7]",6,5,free_flow_time,0.64123598584975
2595,12,7,1,"[12, 43, 54, 44, 51, 7]",6,5,free_flow_time,0.6478844536285997
2596,12,7,2,"[12, 43, 49, 54, 44, 51, 7]",7,6,free_flow_time,0.8017739947195794
2597,12,7,3,"[12, 43, 54, 49, 44, 51, 7]",7,6,free_flow_time,0.8847237841874065
2598,12,7,4,"[12, 43, 49, 44, 50, 51, 7]",7,6,free_flow_time,1.0555369879554155
2599,12,7,5,"[12, 43, 54, 44, 50, 51, 7]",7,6,free_flow_time,1.0621854557342654
2600,12,7,6,"[12, 43, 54, 60, 51, 7]",6,5,free_flow_time,1.0635966159482513
2601,12,7,7,"[12, 43, 49, 44, 60, 51, 7]",7,6,free_flow_time,1.1536598006801433
2602,12,7,8,"[12, 43, 54, 44, 60, 51, 7]",7,6,free_flow_time,1.160308268458993
2603,12,7,9,"[12, 43, 55, 52, 60, 51, 7]",7,6,free_flow_time,1.172829475403411
2604,12,8,0,"[12, 43, 54, 60, 33, 29, 8]",7,6,free_flow_time,1.5243077886825722
2605,12,8,1,"[12, 43, 55, 52, 27, 29, 8]",7,6,free_flow_time,1.5462622810066795
2606,12,8,2,"[12, 43, 49, 44, 51, 60, 33, 29, 8]",9,8,free_flow_time,1.5950514640968
2607,12,8,3,"[12, 43, 54, 44, 51, 60, 33, 29, 8]",9,8,free_flow_time,1.60169993187565
2608,12,8,4,"[12, 43, 36, 61, 55, 52, 27, 29, 8]",9,8,free_flow_time,1.6058626006308594
2609,12,8,5,"[12, 43, 49, 44, 60, 33, 29, 8]",8,7,free_flow_time,1.6143709734144642
2610,12,8,6,"[12, 43, 54, 44, 60, 33, 29, 8]",8,7,free_flow_time,1.6210194411933139
2611,12,8,7,"[12, 43, 61, 55, 52, 27, 29, 8]",8,7,free_flow_time,1.622170113792369
2612,12,8,8,"[12, 43, 55, 52, 60, 33, 29, 8]",8,7,free_flow_time,1.633540648137732
2613,12,8,9,"[12, 43, 49, 44, 54, 60, 33, 29, 8]",9,8,free_flow_time,1.6491002594080362
2614,12,9,0,"[12, 43, 49, 9]",4,3,free_flow_time,0.2616271531414076
2615,12,9,1,"[12, 43, 54, 44, 49, 9]",6,5,free_flow_time,0.47601788111354837
2616,12,9,2,"[12, 43, 54, 49, 9]",5,4,free_flow_time,0.5051149514790642
2617,12,9,3,"[12, 43, 36, 62, 49, 9]",6,5,free_flow_time,1.1295945614546143
2618,12,9,4,"[12, 43, 55, 52, 54, 44, 49, 9]",8,7,free_flow_time,1.1906454939827977
2619,12,9,5,"[12, 43, 55, 52, 54, 49, 9]",7,6,free_flow_time,1.2197425643483135
2620,12,9,6,"[12, 43, 36, 61, 55, 52, 54, 44, 49, 9]",10,9,free_flow_time,1.2502458136069774
2621,12,9,7,"[12, 43, 61, 55, 52, 54, 44, 49, 9]",9,8,free_flow_time,1.266553326768487
2622,12,9,8,"[12, 43, 61, 36, 62, 49, 9]",7,6,free_flow_time,1.277157622506785
2623,12,9,9,"[12, 43, 36, 61, 55, 52, 54, 49, 9]",9,8,free_flow_time,1.2793428839724932
2624,12,10,0,"[12, 43, 54, 60, 33, 29, 10]",7,6,free_flow_time,1.5254951638618635
2625,12,10,1,"[12, 43, 55, 52, 27, 29, 10]",7,6,free_flow_time,1.5474496561859707
2626,12,10,2,"[12, 43, 49, 44, 51, 60, 33, 29, 10]",9,8,free_flow_time,1.5962388392760913
2627,12,10,3,"[12, 43, 54, 44, 51, 60, 33, 29, 10]",9,8,free_flow_time,1.6028873070549412
2628,12,10,4,"[12, 43, 36, 61, 55, 52, 27, 29, 10]",9,8,free_flow_time,1.6070499758101506
2629,12,10,5,"[12, 43, 49, 44, 60, 33, 29, 10]",8,7,free_flow_time,1.6155583485937555
2630,12,10,6,"[12, 43, 54, 44, 60, 33, 29, 10]",8,7,free_flow_time,1.622206816372605
2631,12,10,7,"[12, 43, 61, 55, 52, 27, 29, 10]",8,7,free_flow_time,1.6233574889716602
2632,12,10,8,"[12, 43, 55, 52, 60, 33, 29, 10]",8,7,free_flow_time,1.6347280233170232
2633,12,10,9,"[12, 43, 49, 44, 54, 60, 33, 29, 10]",9,8,free_flow_time,1.6502876345873274
2634,12,11,0,"[12, 43, 49, 44, 51, 30, 40, 11]",8,7,free_flow_time,1.3623404640443364
2635,12,11,1,"[12, 43, 54, 44, 51, 30, 40, 11]",8,7,free_flow_time,1.3689889318231863
2636,12,11,2,"[12, 43, 49, 44, 51, 50, 40, 11]",8,7,free_flow_time,1.459317850682773
2637,12,11,3,"[12, 43, 54, 44, 51, 50, 40, 11]",8,7,free_flow_time,1.4659663184616227
2638,12,11,4,"[12, 43, 49, 54, 44, 51, 30, 40, 11]",9,8,free_flow_time,1.522878472914166
2639,12,11,5,"[12, 43, 49, 44, 51, 50, 30, 40, 11]",9,8,free_flow_time,1.5499885583974486
2640,12,11,6,"[12, 43, 54, 44, 51, 50, 30, 40, 11]",9,8,free_flow_time,1.5566370261762983
2641,12,11,7,"[12, 43, 54, 49, 44, 51, 30, 40, 11]",9,8,free_flow_time,1.605828262381993
2642,12,11,8,"[12, 43, 49, 54, 44, 51, 50, 40, 11]",9,8,free_flow_time,1.6198558595526025
2643,12,11,9,"[12, 43, 49, 44, 51, 42, 30, 40, 11]",9,8,free_flow_time,1.6223959604578568
2644,12,12,0,"[12, 43, 12]",3,2,free_flow_time,0.0021439477568698526
2645,12,13,0,"[12, 43, 55, 52, 32, 45, 13]",7,6,free_flow_time,1.1854837992708689
2646,12,13,1,"[12, 43, 36, 61, 55, 52, 32, 45, 13]",9,8,free_flow_time,1.2450841188950486
2647,12,13,2,"[12, 43, 61, 55, 52, 32, 45, 13]",8,7,free_flow_time,1.2613916320565581
2648,12,13,3,"[12, 43, 54, 52, 32, 45, 13]",7,6,free_flow_time,1.3367874212701876
2649,12,13,4,"[12, 43, 55, 52, 32, 63, 45, 13]",8,7,free_flow_time,1.3856684336911702
2650,12,13,5,"[12, 43, 55, 52, 32, 41, 63, 45, 13]",9,8,free_flow_time,1.3939131547570356
2651,12,13,6,"[12, 43, 36, 61, 55, 52, 32, 63, 45, 13]",10,9,free_flow_time,1.4452687533153499
2652,12,13,7,"[12, 43, 36, 61, 55, 52, 32, 41, 63, 45, 13]",11,10,free_flow_time,1.4535134743812153
2653,12,13,8,"[12, 43, 61, 55, 52, 32, 63, 45, 13]",9,8,free_flow_time,1.4615762664768595
2654,12,13,9,"[12, 43, 49, 44, 54, 52, 32, 45, 13]",9,8,free_flow_time,1.4615798919956515
2655,12,14,0,"[12, 43, 54, 60, 33, 29, 14]",7,6,free_flow_time,1.524518978224836
2656,12,14,1,"[12, 43, 55, 52, 27, 29, 14]",7,6,free_flow_time,1.5464734705489434
2657,12,14,2,"[12, 43, 49, 44, 51, 60, 33, 29, 14]",9,8,free_flow_time,1.595262653639064
2658,12,14,3,"[12, 43, 54, 44, 51, 60, 33, 29, 14]",9,8,free_flow_time,1.6019111214179138
2659,12,14,4,"[12, 43, 36, 61, 55, 52, 27, 29, 14]",9,8,free_flow_time,1.6060737901731232
2660,12,14,5,"[12, 43, 49, 44, 60, 33, 29, 14]",8,7,free_flow_time,1.614582162956728
2661,12,14,6,"[12, 43, 54, 44, 60, 33, 29, 14]",8,7,free_flow_time,1.6212306307355777
2662,12,14,7,"[12, 43, 61, 55, 52, 27, 29, 14]",8,7,free_flow_time,1.6223813033346328
2663,12,14,8,"[12, 43, 55, 52, 60, 33, 29, 14]",8,7,free_flow_time,1.6337518376799958
2664,12,14,9,"[12, 43, 49, 44, 54, 60, 33, 29, 14]",9,8,free_flow_time,1.6493114489503
2665,12,15,0,"[12, 43, 49, 44, 51, 30, 15]",7,6,free_flow_time,1.1741255561294568
2666,12,15,1,"[12, 43, 54, 44, 51, 30, 15]",7,6,free_flow_time,1.1807740239083067
2667,12,15,2,"[12, 43, 49, 54, 44, 51, 30, 15]",8,7,free_flow_time,1.3346635649992864
2668,12,15,3,"[12, 43, 49, 44, 51, 50, 30, 15]",8,7,free_flow_time,1.361773650482569
2669,12,15,4,"[12, 43, 54, 44, 51, 50, 30, 15]",8,7,free_flow_time,1.3684221182614187
2670,12,15,5,"[12, 43, 54, 49, 44, 51, 30, 15]",8,7,free_flow_time,1.4176133544671135
2671,12,15,6,"[12, 43, 49, 44, 51, 42, 30, 15]",8,7,free_flow_time,1.4341810525429772
2672,12,15,7,"[12, 43, 54, 44, 51, 42, 30, 15]",8,7,free_flow_time,1.4408295203218269
2673,12,15,8,"[12, 43, 49, 54, 44, 51, 50, 30, 15]",9,8,free_flow_time,1.5223116593523982
2674,12,15,9,"[12, 43, 49, 44, 50, 30, 15]",7,6,free_flow_time,1.54301512872811
2675,12,16,0,"[12, 43, 49, 44, 51, 30, 40, 16]",8,7,free_flow_time,1.3622848247987969
2676,12,16,1,"[12, 43, 54, 44, 51, 30, 40, 16]",8,7,free_flow_time,1.3689332925776467
2677,12,16,2,"[12, 43, 49, 44, 51, 50, 40, 16]",8,7,free_flow_time,1.4592622114372336
2678,12,16,3,"[12, 43, 54, 44, 51, 50, 40, 16]",8,7,free_flow_time,1.4659106792160832
2679,12,16,4,"[12, 43, 49, 54, 44, 51, 30, 40, 16]",9,8,free_flow_time,1.5228228336686265
2680,12,16,5,"[12, 43, 49, 44, 51, 50, 30, 40, 16]",9,8,free_flow_time,1.5499329191519091
2681,12,16,6,"[12, 43, 54, 44, 51, 50, 30, 40, 16]",9,8,free_flow_time,1.5565813869307588
2682,12,16,7,"[12, 43, 54, 49, 44, 51, 30, 40, 16]",9,8,free_flow_time,1.6057726231364535
2683,12,16,8,"[12, 43, 49, 54, 44, 51, 50, 40, 16]",9,8,free_flow_time,1.619800220307063
2684,12,16,9,"[12, 43, 49, 44, 51, 42, 30, 40, 16]",9,8,free_flow_time,1.6223403212123173
2685,12,17,0,"[12, 43, 36, 62, 17]",5,4,free_flow_time,0.6179117372696301
2686,12,17,1,"[12, 43, 61, 36, 62, 17]",6,5,free_flow_time,0.7654747983218009
2687,12,17,2,"[12, 43, 49, 62, 17]",5,4,free_flow_time,0.7725511428937811
2688,12,17,3,"[12, 43, 55, 61, 36, 62, 17]",7,6,free_flow_time,0.8669336467042477
2689,12,17,4,"[12, 43, 49, 47, 62, 17]",6,5,free_flow_time,0.9248052935705279
2690,12,17,5,"[12, 43, 62, 17]",4,3,free_flow_time,0.9710599599493485
2691,12,17,6,"[12, 43, 54, 44, 49, 62, 17]",7,6,free_flow_time,0.9869418708659219
2692,12,17,7,"[12, 43, 54, 49, 62, 17]",6,5,free_flow_time,1.0160389412314377
2693,12,17,8,"[12, 43, 61, 46, 36, 62, 17]",7,6,free_flow_time,1.0456016334231468
2694,12,17,9,"[12, 43, 36, 38, 62, 17]",6,5,free_flow_time,1.1207118859575405
2695,12,18,0,"[12, 43, 49, 44, 51, 18]",6,5,free_flow_time,0.6413817928312145
2696,12,18,1,"[12, 43, 54, 44, 51, 18]",6,5,free_flow_time,0.6480302606100643
2697,12,18,2,"[12, 43, 49, 54, 44, 51, 18]",7,6,free_flow_time,0.801919801701044
2698,12,18,3,"[12, 43, 54, 49, 44, 51, 18]",7,6,free_flow_time,0.8848695911688711
2699,12,18,4,"[12, 43, 49, 44, 50, 51, 18]",7,6,free_flow_time,1.05568279493688
2700,12,18,5,"[12, 43, 54, 44, 50, 51, 18]",7,6,free_flow_time,1.06233126271573
2701,12,18,6,"[12, 43, 54, 60, 51, 18]",6,5,free_flow_time,1.0637424229297159
2702,12,18,7,"[12, 43, 49, 44, 60, 51, 18]",7,6,free_flow_time,1.153805607661608
2703,12,18,8,"[12, 43, 54, 44, 60, 51, 18]",7,6,free_flow_time,1.1604540754404575
2704,12,18,9,"[12, 43, 55, 52, 60, 51, 18]",7,6,free_flow_time,1.1729752823848756
2705,12,19,0,"[12, 43, 36, 46, 65, 19]",6,5,free_flow_time,0.5229815222411941
2706,12,19,1,"[12, 43, 36, 61, 46, 65, 19]",7,6,free_flow_time,0.5310428737324305
2707,12,19,2,"[12, 43, 61, 46, 65, 19]",6,5,free_flow_time,0.5473503868939401
2708,12,19,3,"[12, 43, 36, 46, 59, 65, 19]",7,6,free_flow_time,0.6207362787342409
2709,12,19,4,"[12, 43, 36, 61, 46, 59, 65, 19]",8,7,free_flow_time,0.6287976302254773
2710,12,19,5,"[12, 43, 61, 46, 59, 65, 19]",7,6,free_flow_time,0.6451051433869869
2711,12,19,6,"[12, 43, 55, 61, 46, 65, 19]",7,6,free_flow_time,0.6488092352763869
2712,12,19,7,"[12, 43, 61, 36, 46, 65, 19]",7,6,free_flow_time,0.6705445832933649
2713,12,19,8,"[12, 43, 36, 65, 19]",5,4,free_flow_time,0.7156671688331253
2714,12,19,9,"[12, 43, 55, 61, 46, 59, 65, 19]",8,7,free_flow_time,0.7465639917694337
2715,12,20,0,"[12, 43, 54, 60, 33, 29, 20]",7,6,free_flow_time,1.52492739827774
2716,12,20,1,"[12, 43, 55, 52, 27, 29, 20]",7,6,free_flow_time,1.5468818906018473
2717,12,20,2,"[12, 43, 49, 44, 51, 60, 33, 29, 20]",9,8,free_flow_time,1.595671073691968
2718,12,20,3,"[12, 43, 54, 44, 51, 60, 33, 29, 20]",9,8,free_flow_time,1.6023195414708178
2719,12,20,4,"[12, 43, 36, 61, 55, 52, 27, 29, 20]",9,8,free_flow_time,1.6064822102260272
2720,12,20,5,"[12, 43, 49, 44, 60, 33, 29, 20]",8,7,free_flow_time,1.614990583009632
2721,12,20,6,"[12, 43, 54, 44, 60, 33, 29, 20]",8,7,free_flow_time,1.6216390507884817
2722,12,20,7,"[12, 43, 61, 55, 52, 27, 29, 20]",8,7,free_flow_time,1.6227897233875368
2723,12,20,8,"[12, 43, 55, 52, 60, 33, 29, 20]",8,7,free_flow_time,1.6341602577328997
2724,12,20,9,"[12, 43, 49, 44, 54, 60, 33, 29, 20]",9,8,free_flow_time,1.649719869003204
2725,12,21,0,"[12, 43, 49, 44, 51, 42, 39, 21]",8,7,free_flow_time,1.099242670191905
2726,12,21,1,"[12, 43, 54, 44, 51, 42, 39, 21]",8,7,free_flow_time,1.1058911379707548
2727,12,21,2,"[12, 43, 54, 60, 31, 39, 21]",7,6,free_flow_time,1.1467387246910152
2728,12,21,3,"[12, 43, 49, 44, 51, 60, 31, 39, 21]",9,8,free_flow_time,1.2174824001052431
2729,12,21,4,"[12, 43, 54, 44, 51, 60, 31, 39, 21]",9,8,free_flow_time,1.224130867884093
2730,12,21,5,"[12, 43, 49, 44, 51, 42, 31, 39, 21]",9,8,free_flow_time,1.2328043626586078
2731,12,21,6,"[12, 43, 49, 44, 60, 31, 39, 21]",8,7,free_flow_time,1.2368019094229072
2732,12,21,7,"[12, 43, 54, 44, 51, 42, 31, 39, 21]",9,8,free_flow_time,1.2394528304374577
2733,12,21,8,"[12, 43, 54, 44, 60, 31, 39, 21]",8,7,free_flow_time,1.2434503772017569
2734,12,21,9,"[12, 43, 55, 52, 60, 31, 39, 21]",8,7,free_flow_time,1.255971584146175
2735,12,22,0,"[12, 43, 54, 60, 33, 22]",6,5,free_flow_time,1.1342802129973795
2736,12,22,1,"[12, 43, 49, 44, 51, 60, 33, 22]",8,7,free_flow_time,1.2050238884116073
2737,12,22,2,"[12, 43, 54, 44, 51, 60, 33, 22]",8,7,free_flow_time,1.2116723561904572
2738,12,22,3,"[12, 43, 49, 44, 60, 33, 22]",7,6,free_flow_time,1.2243433977292715
2739,12,22,4,"[12, 43, 54, 44, 60, 33, 22]",7,6,free_flow_time,1.2309918655081211
2740,12,22,5,"[12, 43, 55, 52, 60, 33, 22]",7,6,free_flow_time,1.2435130724525392
2741,12,22,6,"[12, 43, 49, 44, 54, 60, 33, 22]",8,7,free_flow_time,1.2590726837228434
2742,12,22,7,"[12, 43, 49, 54, 60, 33, 22]",7,6,free_flow_time,1.2881697540883592
2743,12,22,8,"[12, 43, 49, 44, 51, 42, 39, 33, 22]",9,8,free_flow_time,1.2947154631009665
2744,12,22,9,"[12, 43, 54, 60, 31, 33, 22]",7,6,free_flow_time,1.3000633937350514
2745,12,23,0,"[12, 43, 23]",3,2,free_flow_time,0.0012361147359355056
2746,12,24,0,"[12, 43, 36, 46, 56, 24]",6,5,free_flow_time,0.6283165581070337
2747,12,24,1,"[12, 43, 36, 61, 46, 56, 24]",7,6,free_flow_time,0.6363779095982701
2748,12,24,2,"[12, 43, 61, 46, 56, 24]",6,5,free_flow_time,0.6526854227597797
2749,12,24,3,"[12, 43, 36, 61, 56, 24]",6,5,free_flow_time,0.6686245603232297
2750,12,24,4,"[12, 43, 61, 56, 24]",5,4,free_flow_time,0.6849320734847393
2751,12,24,5,"[12, 43, 55, 56, 24]",5,4,free_flow_time,0.7103345519364092
2752,12,24,6,"[12, 43, 55, 61, 46, 56, 24]",7,6,free_flow_time,0.7541442711422265
2753,12,24,7,"[12, 43, 36, 61, 55, 56, 24]",7,6,free_flow_time,0.769934871560589
2754,12,24,8,"[12, 43, 61, 36, 46, 56, 24]",7,6,free_flow_time,0.7758796191592044
2755,12,24,9,"[12, 43, 61, 55, 56, 24]",6,5,free_flow_time,0.7862423847220986
2756,12,25,0,"[12, 43, 49, 44, 35, 25]",6,5,free_flow_time,0.7769759437226138
2757,12,25,1,"[12, 43, 54, 44, 35, 25]",6,5,free_flow_time,0.7836244115014634
2758,12,25,2,"[12, 43, 49, 47, 35, 25]",6,5,free_flow_time,0.9290053168781343
2759,12,25,3,"[12, 43, 49, 54, 44, 35, 25]",7,6,free_flow_time,0.9375139525924432
2760,12,25,4,"[12, 43, 54, 49, 44, 35, 25]",7,6,free_flow_time,1.0204637420602702
2761,12,25,5,"[12, 43, 49, 35, 25]",5,4,free_flow_time,1.0408070746487534
2762,12,25,6,"[12, 43, 54, 44, 49, 47, 35, 25]",8,7,free_flow_time,1.1433960448502751
2763,12,25,7,"[12, 43, 36, 62, 47, 35, 25]",7,6,free_flow_time,1.1535542957197698
2764,12,25,8,"[12, 43, 54, 49, 47, 35, 25]",7,6,free_flow_time,1.172493115215791
2765,12,25,9,"[12, 43, 49, 44, 34, 35, 25]",7,6,free_flow_time,1.20988233620122
2766,13,1,0,"[13, 45, 27, 33, 39, 42, 30, 40, 1]",9,8,free_flow_time,1.7407007148919442
2767,13,1,1,"[13, 45, 27, 33, 31, 39, 42, 30, 40, 1]",10,9,free_flow_time,1.788949669648397
2768,13,1,2,"[13, 45, 27, 33, 31, 42, 30, 40, 1]",9,8,free_flow_time,1.8321142834936215
2769,13,1,3,"[13, 45, 27, 33, 39, 31, 42, 30, 40, 1]",10,9,free_flow_time,1.8742624073586471
2770,13,1,4,"[13, 45, 32, 52, 60, 42, 30, 40, 1]",9,8,free_flow_time,1.9008553936820185
2771,13,1,5,"[13, 45, 32, 52, 60, 51, 30, 40, 1]",9,8,free_flow_time,1.9055014247654483
2772,13,1,6,"[13, 45, 32, 52, 60, 51, 50, 40, 1]",9,8,free_flow_time,2.002478811403885
2773,13,1,7,"[13, 45, 32, 52, 60, 31, 39, 42, 30, 40, 1]",11,10,free_flow_time,2.005160884188273
2774,13,1,8,"[13, 45, 32, 52, 60, 31, 42, 30, 40, 1]",10,9,free_flow_time,2.0483254980334973
2775,13,1,9,"[13, 45, 27, 29, 33, 39, 42, 30, 40, 1]",10,9,free_flow_time,2.074123902529773
2776,13,2,0,"[13, 45, 32, 41, 48, 2]",6,5,free_flow_time,0.5615633315936185
2777,13,2,1,"[13, 45, 63, 41, 48, 2]",6,5,free_flow_time,0.6418377256573081
2778,13,2,2,"[13, 45, 32, 41, 64, 48, 2]",7,6,free_flow_time,0.6606498514102869
2779,13,2,3,"[13, 45, 63, 41, 64, 48, 2]",7,6,free_flow_time,0.7409242454739766
2780,13,2,4,"[13, 45, 63, 32, 41, 48, 2]",7,6,free_flow_time,0.7617479660139198
2781,13,2,5,"[13, 45, 32, 63, 41, 48, 2]",7,6,free_flow_time,0.782167610746928
2782,13,2,6,"[13, 45, 63, 32, 41, 64, 48, 2]",8,7,free_flow_time,0.8608344858305882
2783,13,2,7,"[13, 45, 32, 63, 41, 64, 48, 2]",8,7,free_flow_time,0.8812541305635964
2784,13,2,8,"[13, 45, 32, 41, 64, 57, 48, 2]",8,7,free_flow_time,0.9313481237392519
2785,13,2,9,"[13, 45, 32, 41, 53, 64, 48, 2]",8,7,free_flow_time,0.987347673196504
2786,13,3,0,"[13, 45, 27, 33, 39, 42, 30, 3]",8,7,free_flow_time,1.5523375616694015
2787,13,3,1,"[13, 45, 27, 33, 31, 39, 42, 30, 3]",9,8,free_flow_time,1.6005865164258544
2788,13,3,2,"[13, 45, 27, 33, 31, 42, 30, 3]",8,7,free_flow_time,1.6437511302710788
2789,13,3,3,"[13, 45, 27, 33, 39, 31, 42, 30, 3]",9,8,free_flow_time,1.6858992541361044
2790,13,3,4,"[13, 45, 32, 52, 60, 42, 30, 3]",8,7,free_flow_time,1.7124922404594758
2791,13,3,5,"[13, 45, 32, 52, 60, 51, 30, 3]",8,7,free_flow_time,1.7171382715429055
2792,13,3,6,"[13, 45, 32, 52, 60, 31, 39, 42, 30, 3]",10,9,free_flow_time,1.8167977309657297
2793,13,3,7,"[13, 45, 32, 52, 60, 31, 42, 30, 3]",9,8,free_flow_time,1.8599623448109541
2794,13,3,8,"[13, 45, 27, 29, 33, 39, 42, 30, 3]",9,8,free_flow_time,1.8857607493072297
2795,13,3,9,"[13, 45, 27, 33, 60, 42, 30, 3]",8,7,free_flow_time,1.9000334254085882
2796,13,4,0,"[13, 45, 32, 41, 64, 57, 4]",7,6,free_flow_time,0.6429221860980701
2797,13,4,1,"[13, 45, 63, 41, 64, 57, 4]",7,6,free_flow_time,0.7231965801617598
2798,13,4,2,"[13, 45, 32, 41, 53, 57, 4]",7,6,free_flow_time,0.7776596784047369
2799,13,4,3,"[13, 45, 53, 57, 4]",5,4,free_flow_time,0.7869313184215
2800,13,4,4,"[13, 45, 63, 32, 41, 64, 57, 4]",8,7,free_flow_time,0.8431068205183714
2801,13,4,5,"[13, 45, 32, 41, 48, 57, 4]",7,6,free_flow_time,0.8512808290365215
2802,13,4,6,"[13, 45, 63, 41, 53, 57, 4]",7,6,free_flow_time,0.8579340724684267
2803,13,4,7,"[13, 45, 32, 63, 41, 64, 57, 4]",8,7,free_flow_time,0.8635264652513795
2804,13,4,8,"[13, 45, 32, 41, 48, 64, 57, 4]",8,7,free_flow_time,0.9235392556286337
2805,13,4,9,"[13, 45, 58, 53, 57, 4]",6,5,free_flow_time,0.9272814879187876
2806,13,5,0,"[13, 45, 32, 52, 5]",5,4,free_flow_time,0.5985391642790391
2807,13,5,1,"[13, 45, 63, 32, 52, 5]",6,5,free_flow_time,0.7987237986993404
2808,13,5,2,"[13, 45, 63, 41, 32, 52, 5]",7,6,free_flow_time,0.8069685197652056
2809,13,5,3,"[13, 45, 27, 52, 5]",5,4,free_flow_time,0.9509624518443839
2810,13,5,4,"[13, 45, 52, 5]",4,3,free_flow_time,0.978726570580762
2811,13,5,5,"[13, 45, 53, 41, 32, 52, 5]",7,6,free_flow_time,1.2644356025803294
2812,13,5,6,"[13, 45, 58, 53, 41, 32, 52, 5]",8,7,free_flow_time,1.404785772077617
2813,13,5,7,"[13, 45, 63, 53, 41, 32, 52, 5]",8,7,free_flow_time,1.4067445474434859
2814,13,5,8,"[13, 45, 27, 33, 60, 52, 5]",7,6,free_flow_time,1.4632065727417938
2815,13,5,9,"[13, 45, 53, 41, 63, 32, 52, 5]",8,7,free_flow_time,1.485039881733639
2816,13,6,0,"[13, 45, 32, 52, 55, 61, 46, 65, 6]",9,8,free_flow_time,1.3843099804073984
2817,13,6,1,"[13, 45, 32, 52, 55, 61, 46, 59, 65, 6]",10,9,free_flow_time,1.4820647369004452
2818,13,6,2,"[13, 45, 32, 52, 55, 61, 36, 46, 65, 6]",10,9,free_flow_time,1.5075041768068231
2819,13,6,3,"[13, 45, 63, 32, 52, 55, 61, 46, 65, 6]",10,9,free_flow_time,1.5844946148276997
2820,13,6,4,"[13, 45, 63, 41, 32, 52, 55, 61, 46, 65, 6]",11,10,free_flow_time,1.5927393358935649
2821,13,6,5,"[13, 45, 32, 52, 55, 61, 36, 46, 59, 65, 6]",11,10,free_flow_time,1.6052589332998701
2822,13,6,6,"[13, 45, 32, 41, 48, 26, 56, 59, 65, 6]",10,9,free_flow_time,1.6372621690087217
2823,13,6,7,"[13, 45, 32, 41, 48, 26, 56, 46, 65, 6]",10,9,free_flow_time,1.6591763358859235
2824,13,6,8,"[13, 45, 63, 32, 52, 55, 61, 46, 59, 65, 6]",11,10,free_flow_time,1.6822493713207465
2825,13,6,9,"[13, 45, 63, 41, 32, 52, 55, 61, 46, 59, 65, 6]",12,11,free_flow_time,1.6904940923866116
2826,13,7,0,"[13, 45, 32, 52, 60, 51, 7]",7,6,free_flow_time,1.1838653583802028
2827,13,7,1,"[13, 45, 27, 33, 60, 51, 7]",7,6,free_flow_time,1.3714065433293152
2828,13,7,2,"[13, 45, 32, 52, 54, 44, 51, 7]",8,7,free_flow_time,1.373547949474641
2829,13,7,3,"[13, 45, 63, 32, 52, 60, 51, 7]",8,7,free_flow_time,1.3840499928005041
2830,13,7,4,"[13, 45, 63, 41, 32, 52, 60, 51, 7]",9,8,free_flow_time,1.3922947138663693
2831,13,7,5,"[13, 45, 27, 33, 39, 42, 51, 7]",8,7,free_flow_time,1.4610981180186748
2832,13,7,6,"[13, 45, 27, 33, 31, 39, 42, 51, 7]",9,8,free_flow_time,1.5093470727751277
2833,13,7,7,"[13, 45, 27, 52, 60, 51, 7]",7,6,free_flow_time,1.5362886459455476
2834,13,7,8,"[13, 45, 27, 33, 31, 60, 51, 7]",8,7,free_flow_time,1.5371897240669872
2835,13,7,9,"[13, 45, 27, 33, 31, 42, 51, 7]",8,7,free_flow_time,1.552511686620352
2836,13,8,0,"[13, 45, 27, 29, 8]",5,4,free_flow_time,0.7508189753018122
2837,13,8,1,"[13, 45, 27, 33, 29, 8]",6,5,free_flow_time,1.197799310918435
2838,13,8,2,"[13, 45, 58, 37, 27, 29, 8]",7,6,free_flow_time,1.3319754891597588
2839,13,8,3,"[13, 45, 58, 27, 29, 8]",6,5,free_flow_time,1.390930732155982
2840,13,8,4,"[13, 45, 27, 37, 29, 8]",6,5,free_flow_time,1.526212544790103
2841,13,8,5,"[13, 45, 32, 52, 27, 29, 8]",7,6,free_flow_time,1.5572981639834715
2842,13,8,6,"[13, 45, 27, 33, 39, 29, 8]",7,6,free_flow_time,1.6086568342512648
2843,13,8,7,"[13, 45, 58, 37, 29, 8]",6,5,free_flow_time,1.6332708165131917
2844,13,8,8,"[13, 45, 32, 52, 60, 33, 29, 8]",8,7,free_flow_time,1.6445765311145237
2845,13,8,9,"[13, 45, 27, 33, 31, 39, 29, 8]",8,7,free_flow_time,1.6569057890077175
2846,13,9,0,"[13, 45, 32, 52, 54, 44, 49, 9]",8,7,free_flow_time,1.2016813769595895
2847,13,9,1,"[13, 45, 32, 52, 54, 49, 9]",7,6,free_flow_time,1.2307784473251053
2848,13,9,2,"[13, 45, 63, 32, 52, 54, 44, 49, 9]",9,8,free_flow_time,1.4018660113798909
2849,13,9,3,"[13, 45, 63, 41, 32, 52, 54, 44, 49, 9]",10,9,free_flow_time,1.410110732445756
2850,13,9,4,"[13, 45, 63, 32, 52, 54, 49, 9]",8,7,free_flow_time,1.4309630817454067
2851,13,9,5,"[13, 45, 63, 41, 32, 52, 54, 49, 9]",9,8,free_flow_time,1.4392078028112718
2852,13,9,6,"[13, 45, 32, 52, 55, 43, 49, 9]",8,7,free_flow_time,1.4449670046554066
2853,13,9,7,"[13, 45, 32, 52, 55, 61, 36, 43, 49, 9]",10,9,free_flow_time,1.5045673242795863
2854,13,9,8,"[13, 45, 32, 52, 55, 61, 43, 49, 9]",9,8,free_flow_time,1.520874837441096
2855,13,9,9,"[13, 45, 27, 52, 54, 44, 49, 9]",8,7,free_flow_time,1.5541046645249343
2856,13,10,0,"[13, 45, 27, 29, 10]",5,4,free_flow_time,0.7520063504811033
2857,13,10,1,"[13, 45, 27, 33, 29, 10]",6,5,free_flow_time,1.1989866860977263
2858,13,10,2,"[13, 45, 58, 37, 27, 29, 10]",7,6,free_flow_time,1.33316286433905
2859,13,10,3,"[13, 45, 58, 27, 29, 10]",6,5,free_flow_time,1.3921181073352733
2860,13,10,4,"[13, 45, 27, 37, 29, 10]",6,5,free_flow_time,1.5273999199693942
2861,13,10,5,"[13, 45, 32, 52, 27, 29, 10]",7,6,free_flow_time,1.5584855391627628
2862,13,10,6,"[13, 45, 27, 33, 39, 29, 10]",7,6,free_flow_time,1.609844209430556
2863,13,10,7,"[13, 45, 58, 37, 29, 10]",6,5,free_flow_time,1.634458191692483
2864,13,10,8,"[13, 45, 32, 52, 60, 33, 29, 10]",8,7,free_flow_time,1.645763906293815
2865,13,10,9,"[13, 45, 27, 33, 31, 39, 29, 10]",8,7,free_flow_time,1.6580931641870087
2866,13,11,0,"[13, 45, 27, 33, 39, 42, 30, 40, 11]",9,8,free_flow_time,1.7401691267012853
2867,13,11,1,"[13, 45, 27, 33, 31, 39, 42, 30, 40, 11]",10,9,free_flow_time,1.7884180814577382
2868,13,11,2,"[13, 45, 27, 33, 31, 42, 30, 40, 11]",9,8,free_flow_time,1.8315826953029626
2869,13,11,3,"[13, 45, 27, 33, 39, 31, 42, 30, 40, 11]",10,9,free_flow_time,1.8737308191679882
2870,13,11,4,"[13, 45, 32, 52, 60, 42, 30, 40, 11]",9,8,free_flow_time,1.9003238054913596
2871,13,11,5,"[13, 45, 32, 52, 60, 51, 30, 40, 11]",9,8,free_flow_time,1.9049698365747894
2872,13,11,6,"[13, 45, 32, 52, 60, 51, 50, 40, 11]",9,8,free_flow_time,2.0019472232132256
2873,13,11,7,"[13, 45, 32, 52, 60, 31, 39, 42, 30, 40, 11]",11,10,free_flow_time,2.0046292959976135
2874,13,11,8,"[13, 45, 32, 52, 60, 31, 42, 30, 40, 11]",10,9,free_flow_time,2.047793909842838
2875,13,11,9,"[13, 45, 27, 29, 33, 39, 42, 30, 40, 11]",10,9,free_flow_time,2.0735923143391135
2876,13,12,0,"[13, 45, 32, 52, 55, 43, 12]",7,6,free_flow_time,1.1854837992708689
2877,13,12,1,"[13, 45, 32, 52, 55, 61, 36, 43, 12]",9,8,free_flow_time,1.2450841188950486
2878,13,12,2,"[13, 45, 32, 52, 55, 61, 43, 12]",8,7,free_flow_time,1.2613916320565584
2879,13,12,3,"[13, 45, 32, 52, 54, 43, 12]",7,6,free_flow_time,1.3367874212701876
2880,13,12,4,"[13, 45, 63, 32, 52, 55, 43, 12]",8,7,free_flow_time,1.3856684336911702
2881,13,12,5,"[13, 45, 63, 41, 32, 52, 55, 43, 12]",9,8,free_flow_time,1.3939131547570354
2882,13,12,6,"[13, 45, 63, 32, 52, 55, 61, 36, 43, 12]",10,9,free_flow_time,1.4452687533153499
2883,13,12,7,"[13, 45, 63, 41, 32, 52, 55, 61, 36, 43, 12]",11,10,free_flow_time,1.453513474381215
2884,13,12,8,"[13, 45, 63, 32, 52, 55, 61, 43, 12]",9,8,free_flow_time,1.4615762664768597
2885,13,12,9,"[13, 45, 32, 52, 54, 44, 49, 43, 12]",9,8,free_flow_time,1.4615798919956515
2886,13,13,0,"[13, 45, 13]",3,2,free_flow_time,0.0008632214830371377
2887,13,14,0,"[13, 45, 27, 29, 14]",5,4,free_flow_time,0.7510301648440761
2888,13,14,1,"[13, 45, 27, 33, 29, 14]",6,5,free_flow_time,1.198010500460699
2889,13,14,2,"[13, 45, 58, 37, 27, 29, 14]",7,6,free_flow_time,1.3321866787020227
2890,13,14,3,"[13, 45, 58, 27, 29, 14]",6,5,free_flow_time,1.391141921698246
2891,13,14,4,"[13, 45, 27, 37, 29, 14]",6,5,free_flow_time,1.5264237343323668
2892,13,14,5,"[13, 45, 32, 52, 27, 29, 14]",7,6,free_flow_time,1.5575093535257354
2893,13,14,6,"[13, 45, 27, 33, 39, 29, 14]",7,6,free_flow_time,1.6088680237935287
2894,13,14,7,"[13, 45, 58, 37, 29, 14]",6,5,free_flow_time,1.6334820060554556
2895,13,14,8,"[13, 45, 32, 52, 60, 33, 29, 14]",8,7,free_flow_time,1.6447877206567876
2896,13,14,9,"[13, 45, 27, 33, 31, 39, 29, 14]",8,7,free_flow_time,1.6571169785499813
2897,13,15,0,"[13, 45, 27, 33, 39, 42, 30, 15]",8,7,free_flow_time,1.5519542187864057
2898,13,15,1,"[13, 45, 27, 33, 31, 39, 42, 30, 15]",9,8,free_flow_time,1.6002031735428586
2899,13,15,2,"[13, 45, 27, 33, 31, 42, 30, 15]",8,7,free_flow_time,1.643367787388083
2900,13,15,3,"[13, 45, 27, 33, 39, 31, 42, 30, 15]",9,8,free_flow_time,1.6855159112531086
2901,13,15,4,"[13, 45, 32, 52, 60, 42, 30, 15]",8,7,free_flow_time,1.71210889757648
2902,13,15,5,"[13, 45, 32, 52, 60, 51, 30, 15]",8,7,free_flow_time,1.7167549286599098
2903,13,15,6,"[13, 45, 32, 52, 60, 31, 39, 42, 30, 15]",10,9,free_flow_time,1.816414388082734
2904,13,15,7,"[13, 45, 32, 52, 60, 31, 42, 30, 15]",9,8,free_flow_time,1.8595790019279583
2905,13,15,8,"[13, 45, 27, 29, 33, 39, 42, 30, 15]",9,8,free_flow_time,1.885377406424234
2906,13,15,9,"[13, 45, 27, 33, 60, 42, 30, 15]",8,7,free_flow_time,1.8996500825255924
2907,13,16,0,"[13, 45, 27, 33, 39, 42, 30, 40, 16]",9,8,free_flow_time,1.7401134874557458
2908,13,16,1,"[13, 45, 27, 33, 31, 39, 42, 30, 40, 16]",10,9,free_flow_time,1.7883624422121986
2909,13,16,2,"[13, 45, 27, 33, 31, 42, 30, 40, 16]",9,8,free_flow_time,1.831527056057423
2910,13,16,3,"[13, 45, 27, 33, 39, 31, 42, 30, 40, 16]",10,9,free_flow_time,1.8736751799224487
2911,13,16,4,"[13, 45, 32, 52, 60, 42, 30, 40, 16]",9,8,free_flow_time,1.90026816624582
2912,13,16,5,"[13, 45, 32, 52, 60, 51, 30, 40, 16]",9,8,free_flow_time,1.9049141973292498
2913,13,16,6,"[13, 45, 32, 52, 60, 51, 50, 40, 16]",9,8,free_flow_time,2.0018915839676863
2914,13,16,7,"[13, 45, 32, 52, 60, 31, 39, 42, 30, 40, 16]",11,10,free_flow_time,2.004573656752074
2915,13,16,8,"[13, 45, 32, 52, 60, 31, 42, 30, 40, 16]",10,9,free_flow_time,2.0477382705972986
2916,13,16,9,"[13, 45, 27, 29, 33, 39, 42, 30, 40, 16]",10,9,free_flow_time,2.073536675093574
2917,13,17,0,"[13, 45, 32, 52, 55, 61, 36, 62, 17]",9,8,free_flow_time,1.6022087362920545
2918,13,17,1,"[13, 45, 32, 52, 54, 44, 49, 62, 17]",9,8,free_flow_time,1.7126053667119634
2919,13,17,2,"[13, 45, 32, 52, 54, 49, 62, 17]",8,7,free_flow_time,1.7417024370774792
2920,13,17,3,"[13, 45, 32, 52, 55, 43, 36, 62, 17]",9,8,free_flow_time,1.8012515887836291
2921,13,17,4,"[13, 45, 63, 32, 52, 55, 61, 36, 62, 17]",10,9,free_flow_time,1.8023933707123558
2922,13,17,5,"[13, 45, 63, 41, 32, 52, 55, 61, 36, 62, 17]",11,10,free_flow_time,1.810638091778221
2923,13,17,6,"[13, 45, 32, 52, 54, 44, 49, 47, 62, 17]",10,9,free_flow_time,1.8648595173887101
2924,13,17,7,"[13, 45, 32, 52, 55, 61, 43, 36, 62, 17]",10,9,free_flow_time,1.8771594215693188
2925,13,17,8,"[13, 45, 32, 52, 55, 61, 46, 36, 62, 17]",10,9,free_flow_time,1.8823355713934005
2926,13,17,9,"[13, 45, 32, 52, 54, 49, 47, 62, 17]",9,8,free_flow_time,1.893956587754226
2927,13,18,0,"[13, 45, 32, 52, 60, 51, 18]",7,6,free_flow_time,1.1840111653616674
2928,13,18,1,"[13, 45, 27, 33, 60, 51, 18]",7,6,free_flow_time,1.3715523503107798
2929,13,18,2,"[13, 45, 32, 52, 54, 44, 51, 18]",8,7,free_flow_time,1.3736937564561056
2930,13,18,3,"[13, 45, 63, 32, 52, 60, 51, 18]",8,7,free_flow_time,1.3841957997819687
2931,13,18,4,"[13, 45, 63, 41, 32, 52, 60, 51, 18]",9,8,free_flow_time,1.3924405208478339
2932,13,18,5,"[13, 45, 27, 33, 39, 42, 51, 18]",8,7,free_flow_time,1.4612439250001394
2933,13,18,6,"[13, 45, 27, 33, 31, 39, 42, 51, 18]",9,8,free_flow_time,1.5094928797565923
2934,13,18,7,"[13, 45, 27, 52, 60, 51, 18]",7,6,free_flow_time,1.5364344529270122
2935,13,18,8,"[13, 45, 27, 33, 31, 60, 51, 18]",8,7,free_flow_time,1.5373355310484518
2936,13,18,9,"[13, 45, 27, 33, 31, 42, 51, 18]",8,7,free_flow_time,1.5526574936018167
2937,13,19,0,"[13, 45, 32, 52, 55, 61, 46, 65, 19]",9,8,free_flow_time,1.3840843248641936
2938,13,19,1,"[13, 45, 32, 52, 55, 61, 46, 59, 65, 19]",10,9,free_flow_time,1.4818390813572404
2939,13,19,2,"[13, 45, 32, 52, 55, 61, 36, 46, 65, 19]",10,9,free_flow_time,1.5072785212636184
2940,13,19,3,"[13, 45, 63, 32, 52, 55, 61, 46, 65, 19]",10,9,free_flow_time,1.584268959284495
2941,13,19,4,"[13, 45, 63, 41, 32, 52, 55, 61, 46, 65, 19]",11,10,free_flow_time,1.5925136803503601
2942,13,19,5,"[13, 45, 32, 52, 55, 61, 36, 46, 59, 65, 19]",11,10,free_flow_time,1.6050332777566654
2943,13,19,6,"[13, 45, 32, 41, 48, 26, 56, 59, 65, 19]",10,9,free_flow_time,1.637036513465517
2944,13,19,7,"[13, 45, 32, 41, 48, 26, 56, 46, 65, 19]",10,9,free_flow_time,1.6589506803427188
2945,13,19,8,"[13, 45, 63, 32, 52, 55, 61, 46, 59, 65, 19]",11,10,free_flow_time,1.6820237157775417
2946,13,19,9,"[13, 45, 63, 41, 32, 52, 55, 61, 46, 59, 65, 19]",12,11,free_flow_time,1.6902684368434069
2947,13,20,0,"[13, 45, 27, 29, 20]",5,4,free_flow_time,0.75143858489698
2948,13,20,1,"[13, 45, 27, 33, 29, 20]",6,5,free_flow_time,1.1984189205136029
2949,13,20,2,"[13, 45, 58, 37, 27, 29, 20]",7,6,free_flow_time,1.3325950987549267
2950,13,20,3,"[13, 45, 58, 27, 29, 20]",6,5,free_flow_time,1.3915503417511499
2951,13,20,4,"[13, 45, 27, 37, 29, 20]",6,5,free_flow_time,1.5268321543852708
2952,13,20,5,"[13, 45, 32, 52, 27, 29, 20]",7,6,free_flow_time,1.5579177735786394
2953,13,20,6,"[13, 45, 27, 33, 39, 29, 20]",7,6,free_flow_time,1.6092764438464326
2954,13,20,7,"[13, 45, 58, 37, 29, 20]",6,5,free_flow_time,1.6338904261083596
2955,13,20,8,"[13, 45, 32, 52, 60, 33, 29, 20]",8,7,free_flow_time,1.6451961407096916
2956,13,20,9,"[13, 45, 27, 33, 31, 39, 29, 20]",8,7,free_flow_time,1.6575253986028853
2957,13,21,0,"[13, 45, 27, 33, 39, 21]",6,5,free_flow_time,1.0025472978266385
2958,13,21,1,"[13, 45, 27, 33, 31, 39, 21]",7,6,free_flow_time,1.0507962525830914
2959,13,21,2,"[13, 45, 32, 52, 60, 31, 39, 21]",8,7,free_flow_time,1.2670074671229667
2960,13,21,3,"[13, 45, 27, 33, 31, 42, 39, 21]",8,7,free_flow_time,1.3084294050370109
2961,13,21,4,"[13, 45, 27, 29, 33, 39, 21]",7,6,free_flow_time,1.3359704854644667
2962,13,21,5,"[13, 45, 27, 29, 39, 21]",6,5,free_flow_time,1.3565796532948384
2963,13,21,6,"[13, 45, 32, 52, 60, 42, 39, 21]",8,7,free_flow_time,1.377170515225408
2964,13,21,7,"[13, 45, 27, 29, 33, 31, 39, 21]",8,7,free_flow_time,1.3842194402209198
2965,13,21,8,"[13, 45, 32, 52, 60, 33, 39, 21]",8,7,free_flow_time,1.4493245180227274
2966,13,21,9,"[13, 45, 27, 33, 60, 31, 39, 21]",8,7,free_flow_time,1.4545486520720792
2967,13,22,0,"[13, 45, 27, 33, 22]",5,4,free_flow_time,0.8077717352332421
2968,13,22,1,"[13, 45, 27, 29, 33, 22]",6,5,free_flow_time,1.1411949228710705
2969,13,22,2,"[13, 45, 32, 52, 60, 33, 22]",7,6,free_flow_time,1.254548955429331
2970,13,22,3,"[13, 45, 32, 52, 33, 22]",6,5,free_flow_time,1.316797654159136
2971,13,22,4,"[13, 45, 58, 37, 27, 33, 22]",7,6,free_flow_time,1.3889282490911887
2972,13,22,5,"[13, 45, 32, 52, 60, 31, 33, 22]",8,7,free_flow_time,1.420332136167003
2973,13,22,6,"[13, 45, 58, 27, 33, 22]",6,5,free_flow_time,1.4478834920874122
2974,13,22,7,"[13, 45, 63, 32, 52, 60, 33, 22]",8,7,free_flow_time,1.4547335898496323
2975,13,22,8,"[13, 45, 32, 52, 60, 31, 39, 33, 22]",9,8,free_flow_time,1.4624802600320286
2976,13,22,9,"[13, 45, 63, 41, 32, 52, 60, 33, 22]",9,8,free_flow_time,1.4629783109154975
2977,13,23,0,"[13, 45, 32, 52, 55, 43, 23]",7,6,free_flow_time,1.1845759662499347
2978,13,23,1,"[13, 45, 32, 52, 55, 61, 36, 43, 23]",9,8,free_flow_time,1.2441762858741143
2979,13,23,2,"[13, 45, 32, 52, 55, 61, 43, 23]",8,7,free_flow_time,1.2604837990356241
2980,13,23,3,"[13, 45, 32, 52, 54, 43, 23]",7,6,free_flow_time,1.3358795882492533
2981,13,23,4,"[13, 45, 63, 32, 52, 55, 43, 23]",8,7,free_flow_time,1.384760600670236
2982,13,23,5,"[13, 45, 63, 41, 32, 52, 55, 43, 23]",9,8,free_flow_time,1.3930053217361011
2983,13,23,6,"[13, 45, 63, 32, 52, 55, 61, 36, 43, 23]",10,9,free_flow_time,1.4443609202944157
2984,13,23,7,"[13, 45, 63, 41, 32, 52, 55, 61, 36, 43, 23]",11,10,free_flow_time,1.4526056413602808
2985,13,23,8,"[13, 45, 63, 32, 52, 55, 61, 43, 23]",9,8,free_flow_time,1.4606684334559255
2986,13,23,9,"[13, 45, 32, 52, 54, 44, 49, 43, 23]",9,8,free_flow_time,1.4606720589747173
2987,13,24,0,"[13, 45, 32, 41, 48, 26, 56, 24]",8,7,free_flow_time,1.1723974106520034
2988,13,24,1,"[13, 45, 63, 41, 48, 26, 56, 24]",8,7,free_flow_time,1.2526718047156933
2989,13,24,2,"[13, 45, 32, 41, 64, 48, 26, 56, 24]",9,8,free_flow_time,1.271483930468672
2990,13,24,3,"[13, 45, 32, 41, 64, 57, 56, 24]",8,7,free_flow_time,1.2823341218742963
2991,13,24,4,"[13, 45, 32, 41, 26, 56, 24]",7,6,free_flow_time,1.33341896713061
2992,13,24,5,"[13, 45, 32, 26, 56, 24]",6,5,free_flow_time,1.3453435283536417
2993,13,24,6,"[13, 45, 63, 41, 64, 48, 26, 56, 24]",9,8,free_flow_time,1.3517583245323614
2994,13,24,7,"[13, 45, 63, 41, 64, 57, 56, 24]",8,7,free_flow_time,1.3626085159379862
2995,13,24,8,"[13, 45, 63, 32, 41, 48, 26, 56, 24]",9,8,free_flow_time,1.3725820450723047
2996,13,24,9,"[13, 45, 32, 63, 41, 48, 26, 56, 24]",9,8,free_flow_time,1.393001689805313
2997,13,25,0,"[13, 45, 32, 52, 54, 44, 35, 25]",8,7,free_flow_time,1.5092879073475047
2998,13,25,1,"[13, 45, 63, 32, 52, 54, 44, 35, 25]",9,8,free_flow_time,1.709472541767806
2999,13,25,2,"[13, 45, 63, 41, 32, 52, 54, 44, 35, 25]",10,9,free_flow_time,1.7177172628336712
3000,13,25,3,"[13, 45, 32, 52, 54, 49, 44, 35, 25]",9,8,free_flow_time,1.7461272379063115
3001,13,25,4,"[13, 45, 27, 52, 54, 44, 35, 25]",8,7,free_flow_time,1.8617111949128495
3002,13,25,5,"[13, 45, 32, 52, 54, 44, 49, 47, 35, 25]",10,9,free_flow_time,1.8690595406963164
3003,13,25,6,"[13, 45, 32, 52, 60, 51, 44, 35, 25]",9,8,free_flow_time,1.8718288540954324
3004,13,25,7,"[13, 45, 52, 54, 44, 35, 25]",7,6,free_flow_time,1.8894753136492277
3005,13,25,8,"[13, 45, 32, 52, 60, 44, 35, 25]",8,7,free_flow_time,1.8911483634130966
3006,13,25,9,"[13, 45, 32, 52, 54, 49, 47, 35, 25]",9,8,free_flow_time,1.8981566110618322
3007,14,1,0,"[14, 29, 33, 39, 42, 30, 40, 1]",8,7,free_flow_time,1.3243013448383163
3008,14,1,1,"[14, 29, 39, 42, 30, 40, 1]",7,6,free_flow_time,1.344910512668688
3009,14,1,2,"[14, 29, 33, 31, 39, 42, 30, 40, 1]",9,8,free_flow_time,1.3725502995947692
3010,14,1,3,"[14, 29, 33, 31, 42, 30, 40, 1]",8,7,free_flow_time,1.4157149134399936
3011,14,1,4,"[14, 29, 42, 30, 40, 1]",6,5,free_flow_time,1.4486174845089588
3012,14,1,5,"[14, 29, 33, 39, 31, 42, 30, 40, 1]",9,8,free_flow_time,1.457863037305019
3013,14,1,6,"[14, 29, 39, 31, 42, 30, 40, 1]",8,7,free_flow_time,1.4784722051353907
3014,14,1,7,"[14, 29, 33, 60, 42, 30, 40, 1]",8,7,free_flow_time,1.671997208577503
3015,14,1,8,"[14, 29, 33, 60, 51, 30, 40, 1]",8,7,free_flow_time,1.676643239660933
3016,14,1,9,"[14, 29, 27, 33, 39, 42, 30, 40, 1]",9,8,free_flow_time,1.7492670986046739
3017,14,2,0,"[14, 29, 27, 45, 32, 41, 48, 2]",8,7,free_flow_time,1.3117302749546575
3018,14,2,1,"[14, 29, 27, 45, 63, 41, 48, 2]",8,7,free_flow_time,1.3920046690183472
3019,14,2,2,"[14, 29, 27, 45, 32, 41, 64, 48, 2]",9,8,free_flow_time,1.410816794771326
3020,14,2,3,"[14, 29, 27, 45, 63, 41, 64, 48, 2]",9,8,free_flow_time,1.4910911888350156
3021,14,2,4,"[14, 29, 27, 45, 63, 32, 41, 48, 2]",9,8,free_flow_time,1.5119149093749589
3022,14,2,5,"[14, 29, 27, 45, 32, 63, 41, 48, 2]",9,8,free_flow_time,1.532334554107967
3023,14,2,6,"[14, 29, 27, 45, 63, 32, 41, 64, 48, 2]",10,9,free_flow_time,1.6110014291916273
3024,14,2,7,"[14, 29, 27, 45, 32, 63, 41, 64, 48, 2]",10,9,free_flow_time,1.6314210739246353
3025,14,2,8,"[14, 29, 27, 45, 32, 41, 64, 57, 48, 2]",10,9,free_flow_time,1.6815150671002908
3026,14,2,9,"[14, 29, 27, 45, 32, 41, 53, 64, 48, 2]",10,9,free_flow_time,1.737514616557543
3027,14,3,0,"[14, 29, 33, 39, 42, 30, 3]",7,6,free_flow_time,1.1359381916157736
3028,14,3,1,"[14, 29, 39, 42, 30, 3]",6,5,free_flow_time,1.1565473594461453
3029,14,3,2,"[14, 29, 33, 31, 39, 42, 30, 3]",8,7,free_flow_time,1.1841871463722264
3030,14,3,3,"[14, 29, 33, 31, 42, 30, 3]",7,6,free_flow_time,1.2273517602174508
3031,14,3,4,"[14, 29, 42, 30, 3]",5,4,free_flow_time,1.260254331286416
3032,14,3,5,"[14, 29, 33, 39, 31, 42, 30, 3]",8,7,free_flow_time,1.2694998840824763
3033,14,3,6,"[14, 29, 39, 31, 42, 30, 3]",7,6,free_flow_time,1.290109051912848
3034,14,3,7,"[14, 29, 33, 60, 42, 30, 3]",7,6,free_flow_time,1.4836340553549603
3035,14,3,8,"[14, 29, 33, 60, 51, 30, 3]",7,6,free_flow_time,1.4882800864383903
3036,14,3,9,"[14, 29, 27, 33, 39, 42, 30, 3]",8,7,free_flow_time,1.5609039453821312
3037,14,4,0,"[14, 29, 27, 45, 32, 41, 64, 57, 4]",9,8,free_flow_time,1.3930891294591088
3038,14,4,1,"[14, 29, 27, 45, 63, 41, 64, 57, 4]",9,8,free_flow_time,1.4733635235227984
3039,14,4,2,"[14, 29, 27, 45, 32, 41, 53, 57, 4]",9,8,free_flow_time,1.5278266217657759
3040,14,4,3,"[14, 29, 27, 45, 53, 57, 4]",7,6,free_flow_time,1.537098261782539
3041,14,4,4,"[14, 29, 27, 37, 58, 53, 57, 4]",8,7,free_flow_time,1.5745179582757571
3042,14,4,5,"[14, 29, 27, 45, 63, 32, 41, 64, 57, 4]",10,9,free_flow_time,1.59327376387941
3043,14,4,6,"[14, 29, 27, 45, 32, 41, 48, 57, 4]",9,8,free_flow_time,1.6014477723975604
3044,14,4,7,"[14, 29, 27, 45, 63, 41, 53, 57, 4]",9,8,free_flow_time,1.6081010158294653
3045,14,4,8,"[14, 29, 27, 45, 32, 63, 41, 64, 57, 4]",10,9,free_flow_time,1.6136934086124182
3046,14,4,9,"[14, 29, 27, 58, 53, 57, 4]",7,6,free_flow_time,1.6334732012719804
3047,14,5,0,"[14, 29, 27, 52, 5]",5,4,free_flow_time,0.9595288355571135
3048,14,5,1,"[14, 29, 33, 60, 52, 5]",6,5,free_flow_time,1.046807202688166
3049,14,5,2,"[14, 29, 33, 52, 5]",5,4,free_flow_time,1.109055901417971
3050,14,5,3,"[14, 29, 33, 31, 60, 52, 5]",7,6,free_flow_time,1.212590383425838
3051,14,5,4,"[14, 29, 33, 39, 31, 60, 52, 5]",8,7,free_flow_time,1.2547385072908634
3052,14,5,5,"[14, 29, 39, 31, 60, 52, 5]",7,6,free_flow_time,1.2753476751212351
3053,14,5,6,"[14, 29, 27, 45, 32, 52, 5]",7,6,free_flow_time,1.3487061076400781
3054,14,5,7,"[14, 29, 33, 39, 42, 60, 52, 5]",8,7,free_flow_time,1.3649015553933046
3055,14,5,8,"[14, 29, 39, 42, 60, 52, 5]",7,6,free_flow_time,1.3855107232236763
3056,14,5,9,"[14, 29, 33, 27, 52, 5]",6,5,free_flow_time,1.4065091711737363
3057,14,6,0,"[14, 29, 27, 52, 55, 61, 46, 65, 6]",9,8,free_flow_time,1.7452996516854729
3058,14,6,1,"[14, 29, 33, 60, 52, 55, 61, 46, 65, 6]",10,9,free_flow_time,1.8325780188165253
3059,14,6,2,"[14, 29, 27, 52, 55, 61, 46, 59, 65, 6]",10,9,free_flow_time,1.8430544081785196
3060,14,6,3,"[14, 29, 27, 52, 55, 61, 36, 46, 65, 6]",10,9,free_flow_time,1.8684938480848976
3061,14,6,4,"[14, 29, 33, 52, 55, 61, 46, 65, 6]",9,8,free_flow_time,1.8948267175463303
3062,14,6,5,"[14, 29, 33, 60, 52, 55, 61, 46, 59, 65, 6]",11,10,free_flow_time,1.9303327753095723
3063,14,6,6,"[14, 29, 33, 60, 52, 55, 61, 36, 46, 65, 6]",11,10,free_flow_time,1.95577221521595
3064,14,6,7,"[14, 29, 27, 52, 55, 61, 36, 46, 59, 65, 6]",11,10,free_flow_time,1.9662486045779446
3065,14,6,8,"[14, 29, 33, 52, 55, 61, 46, 59, 65, 6]",10,9,free_flow_time,1.9925814740393772
3066,14,6,9,"[14, 29, 33, 31, 60, 52, 55, 61, 46, 65, 6]",11,10,free_flow_time,1.9983611995541972
3067,14,7,0,"[14, 29, 33, 60, 51, 7]",6,5,free_flow_time,0.9550071732756875
3068,14,7,1,"[14, 29, 33, 39, 42, 51, 7]",7,6,free_flow_time,1.044698747965047
3069,14,7,2,"[14, 29, 39, 42, 51, 7]",6,5,free_flow_time,1.0653079157954186
3070,14,7,3,"[14, 29, 33, 31, 39, 42, 51, 7]",8,7,free_flow_time,1.0929477027214998
3071,14,7,4,"[14, 29, 33, 31, 60, 51, 7]",7,6,free_flow_time,1.1207903540133595
3072,14,7,5,"[14, 29, 33, 31, 42, 51, 7]",7,6,free_flow_time,1.1361123165667242
3073,14,7,6,"[14, 29, 33, 39, 31, 60, 51, 7]",8,7,free_flow_time,1.162938477878385
3074,14,7,7,"[14, 29, 42, 51, 7]",5,4,free_flow_time,1.1690148876356894
3075,14,7,8,"[14, 29, 33, 39, 31, 42, 51, 7]",8,7,free_flow_time,1.1782604404317496
3076,14,7,9,"[14, 29, 39, 31, 60, 51, 7]",7,6,free_flow_time,1.1835476457087566
3077,14,8,0,"[14, 29, 8]",3,2,free_flow_time,0.0009964176103559558
3078,14,9,0,"[14, 29, 33, 60, 51, 44, 49, 9]",8,7,free_flow_time,1.335364138603002
3079,14,9,1,"[14, 29, 33, 60, 44, 49, 9]",7,6,free_flow_time,1.3546836479206659
3080,14,9,2,"[14, 29, 33, 60, 54, 44, 49, 9]",8,7,free_flow_time,1.3894129339142383
3081,14,9,3,"[14, 29, 33, 60, 54, 49, 9]",7,6,free_flow_time,1.418510004279754
3082,14,9,4,"[14, 29, 33, 39, 42, 51, 44, 49, 9]",9,8,free_flow_time,1.4250557132923614
3083,14,9,5,"[14, 29, 39, 42, 51, 44, 49, 9]",8,7,free_flow_time,1.445664881122733
3084,14,9,6,"[14, 29, 33, 31, 39, 42, 51, 44, 49, 9]",10,9,free_flow_time,1.4733046680488142
3085,14,9,7,"[14, 29, 33, 60, 51, 44, 54, 49, 9]",9,8,free_flow_time,1.4959021474728316
3086,14,9,8,"[14, 29, 33, 31, 60, 51, 44, 49, 9]",9,8,free_flow_time,1.501147319340674
3087,14,9,9,"[14, 29, 33, 60, 44, 54, 49, 9]",8,7,free_flow_time,1.5152216567904955
3088,14,10,0,"[14, 29, 10]",3,2,free_flow_time,0.0021837927896471
3089,14,11,0,"[14, 29, 33, 39, 42, 30, 40, 11]",8,7,free_flow_time,1.3237697566476574
3090,14,11,1,"[14, 29, 39, 42, 30, 40, 11]",7,6,free_flow_time,1.344378924478029
3091,14,11,2,"[14, 29, 33, 31, 39, 42, 30, 40, 11]",9,8,free_flow_time,1.3720187114041102
3092,14,11,3,"[14, 29, 33, 31, 42, 30, 40, 11]",8,7,free_flow_time,1.4151833252493347
3093,14,11,4,"[14, 29, 42, 30, 40, 11]",6,5,free_flow_time,1.4480858963182999
3094,14,11,5,"[14, 29, 33, 39, 31, 42, 30, 40, 11]",9,8,free_flow_time,1.45733144911436
3095,14,11,6,"[14, 29, 39, 31, 42, 30, 40, 11]",8,7,free_flow_time,1.4779406169447318
3096,14,11,7,"[14, 29, 33, 60, 42, 30, 40, 11]",8,7,free_flow_time,1.671465620386844
3097,14,11,8,"[14, 29, 33, 60, 51, 30, 40, 11]",8,7,free_flow_time,1.676111651470274
3098,14,11,9,"[14, 29, 27, 33, 39, 42, 30, 40, 11]",9,8,free_flow_time,1.748735510414015
3099,14,12,0,"[14, 29, 33, 60, 54, 43, 12]",7,6,free_flow_time,1.5245189782248363
3100,14,12,1,"[14, 29, 27, 52, 55, 43, 12]",7,6,free_flow_time,1.5464734705489434
3101,14,12,2,"[14, 29, 33, 60, 51, 44, 49, 43, 12]",9,8,free_flow_time,1.595262653639064
3102,14,12,3,"[14, 29, 33, 60, 51, 44, 54, 43, 12]",9,8,free_flow_time,1.6019111214179138
3103,14,12,4,"[14, 29, 27, 52, 55, 61, 36, 43, 12]",9,8,free_flow_time,1.606073790173123
3104,14,12,5,"[14, 29, 33, 60, 44, 49, 43, 12]",8,7,free_flow_time,1.6145821629567279
3105,14,12,6,"[14, 29, 33, 60, 44, 54, 43, 12]",8,7,free_flow_time,1.6212306307355777
3106,14,12,7,"[14, 29, 27, 52, 55, 61, 43, 12]",8,7,free_flow_time,1.6223813033346328
3107,14,12,8,"[14, 29, 33, 60, 52, 55, 43, 12]",8,7,free_flow_time,1.6337518376799958
3108,14,12,9,"[14, 29, 33, 60, 54, 44, 49, 43, 12]",9,8,free_flow_time,1.6493114489503002
3109,14,13,0,"[14, 29, 27, 45, 13]",5,4,free_flow_time,0.751030164844076
3110,14,13,1,"[14, 29, 33, 27, 45, 13]",6,5,free_flow_time,1.1980105004606987
3111,14,13,2,"[14, 29, 27, 37, 58, 45, 13]",7,6,free_flow_time,1.3321866787020227
3112,14,13,3,"[14, 29, 27, 58, 45, 13]",6,5,free_flow_time,1.391141921698246
3113,14,13,4,"[14, 29, 37, 27, 45, 13]",6,5,free_flow_time,1.5264237343323668
3114,14,13,5,"[14, 29, 27, 52, 32, 45, 13]",7,6,free_flow_time,1.5575093535257352
3115,14,13,6,"[14, 29, 39, 33, 27, 45, 13]",7,6,free_flow_time,1.6088680237935287
3116,14,13,7,"[14, 29, 37, 58, 45, 13]",6,5,free_flow_time,1.6334820060554556
3117,14,13,8,"[14, 29, 33, 60, 52, 32, 45, 13]",8,7,free_flow_time,1.6447877206567878
3118,14,13,9,"[14, 29, 39, 31, 33, 27, 45, 13]",8,7,free_flow_time,1.6571169785499813
3119,14,14,0,"[14, 29, 14]",3,2,free_flow_time,0.0012076071526198452
3120,14,15,0,"[14, 29, 33, 39, 42, 30, 15]",7,6,free_flow_time,1.1355548487327778
3121,14,15,1,"[14, 29, 39, 42, 30, 15]",6,5,free_flow_time,1.1561640165631495
3122,14,15,2,"[14, 29, 33, 31, 39, 42, 30, 15]",8,7,free_flow_time,1.1838038034892306
3123,14,15,3,"[14, 29, 33, 31, 42, 30, 15]",7,6,free_flow_time,1.226968417334455
3124,14,15,4,"[14, 29, 42, 30, 15]",5,4,free_flow_time,1.2598709884034203
3125,14,15,5,"[14, 29, 33, 39, 31, 42, 30, 15]",8,7,free_flow_time,1.2691165411994805
3126,14,15,6,"[14, 29, 39, 31, 42, 30, 15]",7,6,free_flow_time,1.2897257090298522
3127,14,15,7,"[14, 29, 33, 60, 42, 30, 15]",7,6,free_flow_time,1.4832507124719645
3128,14,15,8,"[14, 29, 33, 60, 51, 30, 15]",7,6,free_flow_time,1.4878967435553945
3129,14,15,9,"[14, 29, 27, 33, 39, 42, 30, 15]",8,7,free_flow_time,1.5605206024991354
3130,14,16,0,"[14, 29, 33, 39, 42, 30, 40, 16]",8,7,free_flow_time,1.3237141174021179
3131,14,16,1,"[14, 29, 39, 42, 30, 40, 16]",7,6,free_flow_time,1.3443232852324896
3132,14,16,2,"[14, 29, 33, 31, 39, 42, 30, 40, 16]",9,8,free_flow_time,1.3719630721585707
3133,14,16,3,"[14, 29, 33, 31, 42, 30, 40, 16]",8,7,free_flow_time,1.4151276860037951
3134,14,16,4,"[14, 29, 42, 30, 40, 16]",6,5,free_flow_time,1.4480302570727603
3135,14,16,5,"[14, 29, 33, 39, 31, 42, 30, 40, 16]",9,8,free_flow_time,1.4572758098688205
3136,14,16,6,"[14, 29, 39, 31, 42, 30, 40, 16]",8,7,free_flow_time,1.4778849776991922
3137,14,16,7,"[14, 29, 33, 60, 42, 30, 40, 16]",8,7,free_flow_time,1.6714099811413046
3138,14,16,8,"[14, 29, 33, 60, 51, 30, 40, 16]",8,7,free_flow_time,1.6760560122247345
3139,14,16,9,"[14, 29, 27, 33, 39, 42, 30, 40, 16]",9,8,free_flow_time,1.7486798711684755
3140,14,17,0,"[14, 29, 33, 60, 51, 44, 49, 62, 17]",9,8,free_flow_time,1.8462881283553756
3141,14,17,1,"[14, 29, 33, 60, 44, 49, 62, 17]",8,7,free_flow_time,1.8656076376730395
3142,14,17,2,"[14, 29, 33, 60, 54, 44, 49, 62, 17]",9,8,free_flow_time,1.9003369236666119
3143,14,17,3,"[14, 29, 33, 60, 54, 49, 62, 17]",8,7,free_flow_time,1.9294339940321277
3144,14,17,4,"[14, 29, 33, 39, 42, 51, 44, 49, 62, 17]",10,9,free_flow_time,1.935979703044735
3145,14,17,5,"[14, 29, 39, 42, 51, 44, 49, 62, 17]",9,8,free_flow_time,1.9565888708751067
3146,14,17,6,"[14, 29, 27, 52, 55, 61, 36, 62, 17]",9,8,free_flow_time,1.963198407570129
3147,14,17,7,"[14, 29, 33, 31, 39, 42, 51, 44, 49, 62, 17]",11,10,free_flow_time,1.984228657801188
3148,14,17,8,"[14, 29, 33, 60, 51, 44, 49, 47, 62, 17]",10,9,free_flow_time,1.9985422790321226
3149,14,17,9,"[14, 29, 33, 60, 51, 44, 54, 49, 62, 17]",10,9,free_flow_time,2.006826137225205
3150,14,18,0,"[14, 29, 33, 60, 51, 18]",6,5,free_flow_time,0.9551529802571521
3151,14,18,1,"[14, 29, 33, 39, 42, 51, 18]",7,6,free_flow_time,1.0448445549465115
3152,14,18,2,"[14, 29, 39, 42, 51, 18]",6,5,free_flow_time,1.0654537227768832
3153,14,18,3,"[14, 29, 33, 31, 39, 42, 51, 18]",8,7,free_flow_time,1.0930935097029644
3154,14,18,4,"[14, 29, 33, 31, 60, 51, 18]",7,6,free_flow_time,1.120936160994824
3155,14,18,5,"[14, 29, 33, 31, 42, 51, 18]",7,6,free_flow_time,1.1362581235481888
3156,14,18,6,"[14, 29, 33, 39, 31, 60, 51, 18]",8,7,free_flow_time,1.1630842848598495
3157,14,18,7,"[14, 29, 42, 51, 18]",5,4,free_flow_time,1.169160694617154
3158,14,18,8,"[14, 29, 33, 39, 31, 42, 51, 18]",8,7,free_flow_time,1.1784062474132142
3159,14,18,9,"[14, 29, 39, 31, 60, 51, 18]",7,6,free_flow_time,1.1836934526902212
3160,14,19,0,"[14, 29, 27, 52, 55, 61, 46, 65, 19]",9,8,free_flow_time,1.745073996142268
3161,14,19,1,"[14, 29, 33, 60, 52, 55, 61, 46, 65, 19]",10,9,free_flow_time,1.8323523632733205
3162,14,19,2,"[14, 29, 27, 52, 55, 61, 46, 59, 65, 19]",10,9,free_flow_time,1.8428287526353149
3163,14,19,3,"[14, 29, 27, 52, 55, 61, 36, 46, 65, 19]",10,9,free_flow_time,1.8682681925416929
3164,14,19,4,"[14, 29, 33, 52, 55, 61, 46, 65, 19]",9,8,free_flow_time,1.8946010620031255
3165,14,19,5,"[14, 29, 33, 60, 52, 55, 61, 46, 59, 65, 19]",11,10,free_flow_time,1.9301071197663675
3166,14,19,6,"[14, 29, 33, 60, 52, 55, 61, 36, 46, 65, 19]",11,10,free_flow_time,1.9555465596727453
3167,14,19,7,"[14, 29, 27, 52, 55, 61, 36, 46, 59, 65, 19]",11,10,free_flow_time,1.9660229490347398
3168,14,19,8,"[14, 29, 33, 52, 55, 61, 46, 59, 65, 19]",10,9,free_flow_time,1.9923558184961725
3169,14,19,9,"[14, 29, 33, 31, 60, 52, 55, 61, 46, 65, 19]",11,10,free_flow_time,1.9981355440109925
3170,14,20,0,"[14, 29, 20]",3,2,free_flow_time,0.001616027205523707
3171,14,21,0,"[14, 29, 33, 39, 21]",5,4,free_flow_time,0.5861479277730105
3172,14,21,1,"[14, 29, 39, 21]",4,3,free_flow_time,0.6067570956033822
3173,14,21,2,"[14, 29, 33, 31, 39, 21]",6,5,free_flow_time,0.6343968825294634
3174,14,21,3,"[14, 29, 33, 31, 42, 39, 21]",7,6,free_flow_time,0.8920300349833828
3175,14,21,4,"[14, 29, 42, 39, 21]",5,4,free_flow_time,0.9249326060523481
3176,14,21,5,"[14, 29, 27, 33, 39, 21]",6,5,free_flow_time,1.0111136815393682
3177,14,21,6,"[14, 29, 33, 60, 31, 39, 21]",7,6,free_flow_time,1.0381492820184515
3178,14,21,7,"[14, 29, 42, 31, 39, 21]",6,5,free_flow_time,1.058494298519051
3179,14,21,8,"[14, 29, 27, 33, 31, 39, 21]",7,6,free_flow_time,1.059362636295821
3180,14,21,9,"[14, 29, 33, 60, 42, 39, 21]",7,6,free_flow_time,1.1483123301208924
3181,14,22,0,"[14, 29, 33, 22]",4,3,free_flow_time,0.3913723651796142
3182,14,22,1,"[14, 29, 39, 33, 22]",5,4,free_flow_time,0.8022298885124439
3183,14,22,2,"[14, 29, 27, 33, 22]",5,4,free_flow_time,0.8163381189459716
3184,14,22,3,"[14, 29, 39, 31, 33, 22]",6,5,free_flow_time,0.8504788432688968
3185,14,22,4,"[14, 29, 39, 42, 31, 33, 22]",7,6,free_flow_time,1.1081119957228165
3186,14,22,5,"[14, 29, 42, 39, 33, 22]",6,5,free_flow_time,1.12040539896141
3187,14,22,6,"[14, 29, 42, 39, 31, 33, 22]",7,6,free_flow_time,1.1686543537178626
3188,14,22,7,"[14, 29, 42, 31, 33, 22]",6,5,free_flow_time,1.2118189675630873
3189,14,22,8,"[14, 29, 42, 31, 39, 33, 22]",7,6,free_flow_time,1.253967091428113
3190,14,22,9,"[14, 29, 39, 31, 60, 33, 22]",7,6,free_flow_time,1.2542312427578848
3191,14,23,0,"[14, 29, 33, 60, 54, 43, 23]",7,6,free_flow_time,1.523611145203902
3192,14,23,1,"[14, 29, 27, 52, 55, 43, 23]",7,6,free_flow_time,1.5455656375280091
3193,14,23,2,"[14, 29, 33, 60, 51, 44, 49, 43, 23]",9,8,free_flow_time,1.5943548206181297
3194,14,23,3,"[14, 29, 33, 60, 51, 44, 54, 43, 23]",9,8,free_flow_time,1.6010032883969796
3195,14,23,4,"[14, 29, 27, 52, 55, 61, 36, 43, 23]",9,8,free_flow_time,1.6051659571521888
3196,14,23,5,"[14, 29, 33, 60, 44, 49, 43, 23]",8,7,free_flow_time,1.6136743299357936
3197,14,23,6,"[14, 29, 33, 60, 44, 54, 43, 23]",8,7,free_flow_time,1.6203227977146435
3198,14,23,7,"[14, 29, 27, 52, 55, 61, 43, 23]",8,7,free_flow_time,1.6214734703136986
3199,14,23,8,"[14, 29, 33, 60, 52, 55, 43, 23]",8,7,free_flow_time,1.6328440046590615
3200,14,23,9,"[14, 29, 33, 60, 54, 44, 49, 43, 23]",9,8,free_flow_time,1.648403615929366
3201,14,24,0,"[14, 29, 27, 52, 55, 56, 24]",7,6,free_flow_time,1.8065993128022906
3202,14,24,1,"[14, 29, 27, 52, 55, 61, 46, 56, 24]",9,8,free_flow_time,1.850409032008108
3203,14,24,2,"[14, 29, 27, 52, 55, 61, 56, 24]",8,7,free_flow_time,1.8826556827330674
3204,14,24,3,"[14, 29, 33, 60, 52, 55, 56, 24]",8,7,free_flow_time,1.893877679933343
3205,14,24,4,"[14, 29, 27, 45, 32, 41, 48, 26, 56, 24]",10,9,free_flow_time,1.9225643540130426
3206,14,24,5,"[14, 29, 33, 60, 52, 55, 61, 46, 56, 24]",10,9,free_flow_time,1.9376873991391603
3207,14,24,6,"[14, 29, 33, 52, 55, 56, 24]",7,6,free_flow_time,1.956126378663148
3208,14,24,7,"[14, 29, 33, 60, 52, 55, 61, 56, 24]",9,8,free_flow_time,1.96993404986412
3209,14,24,8,"[14, 29, 27, 52, 55, 61, 36, 46, 56, 24]",10,9,free_flow_time,1.9736032284075327
3210,14,24,9,"[14, 29, 33, 52, 55, 61, 46, 56, 24]",9,8,free_flow_time,1.9999360978689653
3211,14,25,0,"[14, 29, 33, 60, 51, 44, 35, 25]",8,7,free_flow_time,1.6429706689909171
3212,14,25,1,"[14, 29, 33, 60, 44, 35, 25]",7,6,free_flow_time,1.662290178308581
3213,14,25,2,"[14, 29, 33, 60, 54, 44, 35, 25]",8,7,free_flow_time,1.6970194643021534
3214,14,25,3,"[14, 29, 33, 39, 42, 51, 44, 35, 25]",9,8,free_flow_time,1.7326622436802765
3215,14,25,4,"[14, 29, 39, 42, 51, 44, 35, 25]",8,7,free_flow_time,1.7532714115106482
3216,14,25,5,"[14, 29, 33, 31, 39, 42, 51, 44, 35, 25]",10,9,free_flow_time,1.7809111984367294
3217,14,25,6,"[14, 29, 33, 31, 60, 51, 44, 35, 25]",9,8,free_flow_time,1.808753849728589
3218,14,25,7,"[14, 29, 33, 60, 51, 50, 34, 35, 25]",9,8,free_flow_time,1.8225837528017992
3219,14,25,8,"[14, 29, 33, 31, 42, 51, 44, 35, 25]",9,8,free_flow_time,1.8240758122819538
3220,14,25,9,"[14, 29, 33, 31, 60, 44, 35, 25]",8,7,free_flow_time,1.8280733590462532
3221,15,1,0,"[15, 30, 40, 1]",4,3,free_flow_time,0.18914578859444078
3222,15,1,1,"[15, 30, 50, 40, 1]",5,4,free_flow_time,1.3070720992827496
3223,15,1,2,"[15, 30, 28, 40, 1]",5,4,free_flow_time,1.3216686889266216
3224,15,1,3,"[15, 30, 51, 50, 40, 1]",6,5,free_flow_time,1.3524835287897623
3225,15,1,4,"[15, 30, 42, 28, 40, 1]",6,5,free_flow_time,1.5457317515766427
3226,15,1,5,"[15, 30, 42, 51, 50, 40, 1]",7,6,free_flow_time,1.6125390252032825
3227,15,1,6,"[15, 30, 42, 60, 51, 50, 40, 1]",8,7,free_flow_time,1.8409418032190616
3228,15,1,7,"[15, 30, 42, 39, 31, 60, 51, 50, 40, 1]",10,9,free_flow_time,1.9452472937253154
3229,15,1,8,"[15, 30, 51, 42, 28, 40, 1]",7,6,free_flow_time,1.9877652210886185
3230,15,1,9,"[15, 30, 42, 31, 60, 51, 50, 40, 1]",9,8,free_flow_time,1.98841190757054
3231,15,2,0,"[15, 30, 42, 60, 52, 32, 41, 48, 2]",9,8,free_flow_time,1.9298013383656243
3232,15,2,1,"[15, 30, 51, 60, 52, 32, 41, 48, 2]",9,8,free_flow_time,1.934447369449054
3233,15,2,2,"[15, 30, 42, 60, 52, 32, 41, 64, 48, 2]",10,9,free_flow_time,2.028887858182293
3234,15,2,3,"[15, 30, 51, 60, 52, 32, 41, 64, 48, 2]",10,9,free_flow_time,2.0335338892657226
3235,15,2,4,"[15, 30, 42, 39, 31, 60, 52, 32, 41, 48, 2]",11,10,free_flow_time,2.034106828871878
3236,15,2,5,"[15, 30, 42, 31, 60, 52, 32, 41, 48, 2]",10,9,free_flow_time,2.0772714427171026
3237,15,2,6,"[15, 30, 42, 39, 33, 27, 45, 32, 41, 48, 2]",11,10,free_flow_time,2.112654328896987
3238,15,2,7,"[15, 30, 50, 51, 60, 52, 32, 41, 48, 2]",10,9,free_flow_time,2.1220954638021663
3239,15,2,8,"[15, 30, 51, 44, 54, 52, 32, 41, 48, 2]",10,9,free_flow_time,2.1241299605434922
3240,15,2,9,"[15, 30, 42, 39, 31, 60, 52, 32, 41, 64, 48, 2]",12,11,free_flow_time,2.133193348688547
3241,15,3,0,"[15, 30, 3]",3,2,free_flow_time,0.0007826353718980149
3242,15,4,0,"[15, 30, 42, 60, 52, 32, 41, 64, 57, 4]",10,9,free_flow_time,2.0111601928700757
3243,15,4,1,"[15, 30, 51, 60, 52, 32, 41, 64, 57, 4]",10,9,free_flow_time,2.0158062239535055
3244,15,4,2,"[15, 30, 42, 39, 31, 60, 52, 32, 41, 64, 57, 4]",12,11,free_flow_time,2.1154656833763297
3245,15,4,3,"[15, 30, 42, 60, 52, 32, 41, 53, 57, 4]",10,9,free_flow_time,2.1458976851767426
3246,15,4,4,"[15, 30, 51, 60, 52, 32, 41, 53, 57, 4]",10,9,free_flow_time,2.1505437162601724
3247,15,4,5,"[15, 30, 42, 31, 60, 52, 32, 41, 64, 57, 4]",11,10,free_flow_time,2.158630297221554
3248,15,4,6,"[15, 30, 42, 39, 33, 27, 45, 32, 41, 64, 57, 4]",12,11,free_flow_time,2.1940131834014385
3249,15,4,7,"[15, 30, 50, 51, 60, 52, 32, 41, 64, 57, 4]",11,10,free_flow_time,2.2034543183066178
3250,15,4,8,"[15, 30, 51, 44, 54, 52, 32, 41, 64, 57, 4]",11,10,free_flow_time,2.2054888150479437
3251,15,4,9,"[15, 30, 42, 60, 52, 32, 41, 48, 57, 4]",10,9,free_flow_time,2.219518835808527
3252,15,5,0,"[15, 30, 42, 60, 52, 5]",6,5,free_flow_time,1.114128379607858
3253,15,5,1,"[15, 30, 51, 60, 52, 5]",6,5,free_flow_time,1.118774410691288
3254,15,5,2,"[15, 30, 42, 39, 31, 60, 52, 5]",8,7,free_flow_time,1.218433870114112
3255,15,5,3,"[15, 30, 42, 31, 60, 52, 5]",7,6,free_flow_time,1.2615984839593366
3256,15,5,4,"[15, 30, 50, 51, 60, 52, 5]",7,6,free_flow_time,1.3064225050444
3257,15,5,5,"[15, 30, 51, 44, 54, 52, 5]",7,6,free_flow_time,1.308457001785726
3258,15,5,6,"[15, 30, 42, 51, 60, 52, 5]",7,6,free_flow_time,1.3788299071048082
3259,15,5,7,"[15, 30, 42, 39, 33, 60, 52, 5]",8,7,free_flow_time,1.4007509210138727
3260,15,5,8,"[15, 30, 42, 39, 31, 33, 60, 52, 5]",9,8,free_flow_time,1.4489998757703255
3261,15,5,9,"[15, 30, 42, 39, 33, 52, 5]",7,6,free_flow_time,1.4629996197436776
3262,15,6,0,"[15, 30, 51, 44, 49, 43, 36, 46, 65, 6]",10,9,free_flow_time,1.6951887861569856
3263,15,6,1,"[15, 30, 51, 44, 54, 43, 36, 46, 65, 6]",10,9,free_flow_time,1.7018372539358353
3264,15,6,2,"[15, 30, 51, 44, 49, 43, 36, 61, 46, 65, 6]",11,10,free_flow_time,1.703250137648222
3265,15,6,3,"[15, 30, 51, 44, 54, 43, 36, 61, 46, 65, 6]",11,10,free_flow_time,1.7098986054270717
3266,15,6,4,"[15, 30, 51, 44, 49, 43, 61, 46, 65, 6]",10,9,free_flow_time,1.7195576508097319
3267,15,6,5,"[15, 30, 51, 44, 54, 43, 61, 46, 65, 6]",10,9,free_flow_time,1.7262061185885815
3268,15,6,6,"[15, 30, 51, 44, 49, 43, 36, 46, 59, 65, 6]",11,10,free_flow_time,1.7929435426500324
3269,15,6,7,"[15, 30, 51, 44, 54, 43, 36, 46, 59, 65, 6]",11,10,free_flow_time,1.799592010428882
3270,15,6,8,"[15, 30, 51, 44, 49, 43, 36, 61, 46, 59, 65, 6]",12,11,free_flow_time,1.801004894141269
3271,15,6,9,"[15, 30, 51, 44, 54, 43, 36, 61, 46, 59, 65, 6]",12,11,free_flow_time,1.8076533619201187
3272,15,7,0,"[15, 30, 51, 7]",4,3,free_flow_time,0.5338700757660803
3273,15,7,1,"[15, 30, 50, 51, 7]",5,4,free_flow_time,0.7215181701191922
3274,15,7,2,"[15, 30, 42, 51, 7]",5,4,free_flow_time,0.7939255721796006
3275,15,7,3,"[15, 30, 40, 50, 51, 7]",6,5,free_flow_time,1.006527603929597
3276,15,7,4,"[15, 30, 42, 60, 51, 7]",6,5,free_flow_time,1.0223283501953797
3277,15,7,5,"[15, 30, 42, 39, 31, 60, 51, 7]",8,7,free_flow_time,1.1266338407016334
3278,15,7,6,"[15, 30, 42, 31, 60, 51, 7]",7,6,free_flow_time,1.169798454546858
3279,15,7,7,"[15, 30, 42, 39, 33, 60, 51, 7]",8,7,free_flow_time,1.308950891601394
3280,15,7,8,"[15, 30, 42, 39, 31, 33, 60, 51, 7]",9,8,free_flow_time,1.357199846357847
3281,15,7,9,"[15, 30, 42, 31, 33, 60, 51, 7]",8,7,free_flow_time,1.4003644602030714
3282,15,8,0,"[15, 30, 42, 39, 33, 29, 8]",7,6,free_flow_time,1.1353436591905137
3283,15,8,1,"[15, 30, 42, 39, 29, 8]",6,5,free_flow_time,1.1559528270208854
3284,15,8,2,"[15, 30, 42, 39, 31, 33, 29, 8]",8,7,free_flow_time,1.1835926139469666
3285,15,8,3,"[15, 30, 42, 31, 33, 29, 8]",7,6,free_flow_time,1.2267572277921912
3286,15,8,4,"[15, 30, 42, 29, 8]",5,4,free_flow_time,1.2596597988611562
3287,15,8,5,"[15, 30, 42, 31, 39, 33, 29, 8]",8,7,free_flow_time,1.2689053516572166
3288,15,8,6,"[15, 30, 42, 31, 39, 29, 8]",7,6,free_flow_time,1.289514519487588
3289,15,8,7,"[15, 30, 42, 60, 33, 29, 8]",7,6,free_flow_time,1.4830395229297006
3290,15,8,8,"[15, 30, 51, 60, 33, 29, 8]",7,6,free_flow_time,1.4876855540131304
3291,15,8,9,"[15, 30, 42, 39, 33, 27, 29, 8]",8,7,free_flow_time,1.5603094129568713
3292,15,9,0,"[15, 30, 51, 44, 49, 9]",6,5,free_flow_time,0.9142270410933948
3293,15,9,1,"[15, 30, 51, 44, 54, 49, 9]",7,6,free_flow_time,1.0747650499632242
3294,15,9,2,"[15, 30, 50, 51, 44, 49, 9]",7,6,free_flow_time,1.1018751354465066
3295,15,9,3,"[15, 30, 42, 51, 44, 49, 9]",7,6,free_flow_time,1.174282537506915
3296,15,9,4,"[15, 30, 50, 51, 44, 54, 49, 9]",8,7,free_flow_time,1.2624131443163362
3297,15,9,5,"[15, 30, 50, 44, 49, 9]",6,5,free_flow_time,1.2831166136920478
3298,15,9,6,"[15, 30, 51, 50, 44, 49, 9]",7,6,free_flow_time,1.3285280431990605
3299,15,9,7,"[15, 30, 42, 51, 44, 54, 49, 9]",8,7,free_flow_time,1.3348205463767446
3300,15,9,8,"[15, 30, 40, 50, 51, 44, 49, 9]",8,7,free_flow_time,1.3868845692569114
3301,15,9,9,"[15, 30, 42, 60, 51, 44, 49, 9]",8,7,free_flow_time,1.4026853155226942
3302,15,10,0,"[15, 30, 42, 39, 33, 29, 10]",7,6,free_flow_time,1.136531034369805
3303,15,10,1,"[15, 30, 42, 39, 29, 10]",6,5,free_flow_time,1.1571402022001767
3304,15,10,2,"[15, 30, 42, 39, 31, 33, 29, 10]",8,7,free_flow_time,1.1847799891262578
3305,15,10,3,"[15, 30, 42, 31, 33, 29, 10]",7,6,free_flow_time,1.2279446029714824
3306,15,10,4,"[15, 30, 42, 29, 10]",5,4,free_flow_time,1.2608471740404474
3307,15,10,5,"[15, 30, 42, 31, 39, 33, 29, 10]",8,7,free_flow_time,1.2700927268365079
3308,15,10,6,"[15, 30, 42, 31, 39, 29, 10]",7,6,free_flow_time,1.2907018946668793
3309,15,10,7,"[15, 30, 42, 60, 33, 29, 10]",7,6,free_flow_time,1.4842268981089919
3310,15,10,8,"[15, 30, 51, 60, 33, 29, 10]",7,6,free_flow_time,1.4888729291924216
3311,15,10,9,"[15, 30, 42, 39, 33, 27, 29, 10]",8,7,free_flow_time,1.5614967881361626
3312,15,11,0,"[15, 30, 40, 11]",4,3,free_flow_time,0.18861420040378177
3313,15,11,1,"[15, 30, 50, 40, 11]",5,4,free_flow_time,1.3065405110920907
3314,15,11,2,"[15, 30, 28, 40, 11]",5,4,free_flow_time,1.3211371007359627
3315,15,11,3,"[15, 30, 51, 50, 40, 11]",6,5,free_flow_time,1.3519519405991034
3316,15,11,4,"[15, 30, 42, 28, 40, 11]",6,5,free_flow_time,1.5452001633859838
3317,15,11,5,"[15, 30, 42, 51, 50, 40, 11]",7,6,free_flow_time,1.6120074370126236
3318,15,11,6,"[15, 30, 42, 60, 51, 50, 40, 11]",8,7,free_flow_time,1.8404102150284027
3319,15,11,7,"[15, 30, 42, 39, 31, 60, 51, 50, 40, 11]",10,9,free_flow_time,1.9447157055346564
3320,15,11,8,"[15, 30, 51, 42, 28, 40, 11]",7,6,free_flow_time,1.9872336328979596
3321,15,11,9,"[15, 30, 42, 31, 60, 51, 50, 40, 11]",9,8,free_flow_time,1.987880319379881
3322,15,12,0,"[15, 30, 51, 44, 49, 43, 12]",7,6,free_flow_time,1.1741255561294568
3323,15,12,1,"[15, 30, 51, 44, 54, 43, 12]",7,6,free_flow_time,1.1807740239083064
3324,15,12,2,"[15, 30, 51, 44, 54, 49, 43, 12]",8,7,free_flow_time,1.3346635649992862
3325,15,12,3,"[15, 30, 50, 51, 44, 49, 43, 12]",8,7,free_flow_time,1.3617736504825686
3326,15,12,4,"[15, 30, 50, 51, 44, 54, 43, 12]",8,7,free_flow_time,1.3684221182614185
3327,15,12,5,"[15, 30, 51, 44, 49, 54, 43, 12]",8,7,free_flow_time,1.4176133544671132
3328,15,12,6,"[15, 30, 42, 51, 44, 49, 43, 12]",8,7,free_flow_time,1.434181052542977
3329,15,12,7,"[15, 30, 42, 51, 44, 54, 43, 12]",8,7,free_flow_time,1.4408295203218269
3330,15,12,8,"[15, 30, 50, 51, 44, 54, 49, 43, 12]",9,8,free_flow_time,1.5223116593523982
3331,15,12,9,"[15, 30, 50, 44, 49, 43, 12]",7,6,free_flow_time,1.5430151287281098
3332,15,13,0,"[15, 30, 42, 39, 33, 27, 45, 13]",8,7,free_flow_time,1.5519542187864057
3333,15,13,1,"[15, 30, 42, 39, 31, 33, 27, 45, 13]",9,8,free_flow_time,1.6002031735428583
3334,15,13,2,"[15, 30, 42, 31, 33, 27, 45, 13]",8,7,free_flow_time,1.6433677873880828
3335,15,13,3,"[15, 30, 42, 31, 39, 33, 27, 45, 13]",9,8,free_flow_time,1.6855159112531082
3336,15,13,4,"[15, 30, 42, 60, 52, 32, 45, 13]",8,7,free_flow_time,1.7121088975764798
3337,15,13,5,"[15, 30, 51, 60, 52, 32, 45, 13]",8,7,free_flow_time,1.7167549286599095
3338,15,13,6,"[15, 30, 42, 39, 31, 60, 52, 32, 45, 13]",10,9,free_flow_time,1.8164143880827337
3339,15,13,7,"[15, 30, 42, 31, 60, 52, 32, 45, 13]",9,8,free_flow_time,1.859579001927958
3340,15,13,8,"[15, 30, 42, 39, 33, 29, 27, 45, 13]",9,8,free_flow_time,1.885377406424234
3341,15,13,9,"[15, 30, 42, 60, 33, 27, 45, 13]",8,7,free_flow_time,1.8996500825255924
3342,15,14,0,"[15, 30, 42, 39, 33, 29, 14]",7,6,free_flow_time,1.1355548487327776
3343,15,14,1,"[15, 30, 42, 39, 29, 14]",6,5,free_flow_time,1.1561640165631493
3344,15,14,2,"[15, 30, 42, 39, 31, 33, 29, 14]",8,7,free_flow_time,1.1838038034892304
3345,15,14,3,"[15, 30, 42, 31, 33, 29, 14]",7,6,free_flow_time,1.226968417334455
3346,15,14,4,"[15, 30, 42, 29, 14]",5,4,free_flow_time,1.25987098840342
3347,15,14,5,"[15, 30, 42, 31, 39, 33, 29, 14]",8,7,free_flow_time,1.2691165411994805
3348,15,14,6,"[15, 30, 42, 31, 39, 29, 14]",7,6,free_flow_time,1.289725709029852
3349,15,14,7,"[15, 30, 42, 60, 33, 29, 14]",7,6,free_flow_time,1.4832507124719645
3350,15,14,8,"[15, 30, 51, 60, 33, 29, 14]",7,6,free_flow_time,1.4878967435553943
3351,15,14,9,"[15, 30, 42, 39, 33, 27, 29, 14]",8,7,free_flow_time,1.5605206024991352
3352,15,15,0,"[15, 30, 15]",3,2,free_flow_time,0.00039929248890210574
3353,15,16,0,"[15, 30, 40, 16]",4,3,free_flow_time,0.18855856115824224
3354,15,16,1,"[15, 30, 50, 40, 16]",5,4,free_flow_time,1.3064848718465512
3355,15,16,2,"[15, 30, 28, 40, 16]",5,4,free_flow_time,1.3210814614904232
3356,15,16,3,"[15, 30, 51, 50, 40, 16]",6,5,free_flow_time,1.3518963013535639
3357,15,16,4,"[15, 30, 42, 28, 40, 16]",6,5,free_flow_time,1.5451445241404442
3358,15,16,5,"[15, 30, 42, 51, 50, 40, 16]",7,6,free_flow_time,1.611951797767084
3359,15,16,6,"[15, 30, 42, 60, 51, 50, 40, 16]",8,7,free_flow_time,1.8403545757828632
3360,15,16,7,"[15, 30, 42, 39, 31, 60, 51, 50, 40, 16]",10,9,free_flow_time,1.944660066289117
3361,15,16,8,"[15, 30, 51, 42, 28, 40, 16]",7,6,free_flow_time,1.98717799365242
3362,15,16,9,"[15, 30, 42, 31, 60, 51, 50, 40, 16]",9,8,free_flow_time,1.9878246801343415
3363,15,17,0,"[15, 30, 51, 44, 49, 62, 17]",7,6,free_flow_time,1.4251510308457684
3364,15,17,1,"[15, 30, 51, 44, 49, 47, 62, 17]",8,7,free_flow_time,1.5774051815225152
3365,15,17,2,"[15, 30, 51, 44, 54, 49, 62, 17]",8,7,free_flow_time,1.5856890397155978
3366,15,17,3,"[15, 30, 50, 51, 44, 49, 62, 17]",8,7,free_flow_time,1.6127991251988805
3367,15,17,4,"[15, 30, 42, 51, 44, 49, 62, 17]",8,7,free_flow_time,1.6852065272592887
3368,15,17,5,"[15, 30, 51, 44, 54, 49, 47, 62, 17]",9,8,free_flow_time,1.7379431903923448
3369,15,17,6,"[15, 30, 51, 44, 35, 47, 62, 17]",8,7,free_flow_time,1.756546195513906
3370,15,17,7,"[15, 30, 50, 51, 44, 49, 47, 62, 17]",9,8,free_flow_time,1.7650532758756272
3371,15,17,8,"[15, 30, 50, 51, 44, 54, 49, 62, 17]",9,8,free_flow_time,1.77333713406871
3372,15,17,9,"[15, 30, 51, 44, 49, 43, 36, 62, 17]",9,8,free_flow_time,1.7898933456422172
3373,15,18,0,"[15, 30, 51, 18]",4,3,free_flow_time,0.5340158827475449
3374,15,18,1,"[15, 30, 50, 51, 18]",5,4,free_flow_time,0.7216639771006568
3375,15,18,2,"[15, 30, 42, 51, 18]",5,4,free_flow_time,0.7940713791610652
3376,15,18,3,"[15, 30, 40, 50, 51, 18]",6,5,free_flow_time,1.0066734109110616
3377,15,18,4,"[15, 30, 42, 60, 51, 18]",6,5,free_flow_time,1.0224741571768443
3378,15,18,5,"[15, 30, 42, 39, 31, 60, 51, 18]",8,7,free_flow_time,1.126779647683098
3379,15,18,6,"[15, 30, 42, 31, 60, 51, 18]",7,6,free_flow_time,1.1699442615283226
3380,15,18,7,"[15, 30, 42, 39, 33, 60, 51, 18]",8,7,free_flow_time,1.3090966985828587
3381,15,18,8,"[15, 30, 42, 39, 31, 33, 60, 51, 18]",9,8,free_flow_time,1.3573456533393116
3382,15,18,9,"[15, 30, 42, 31, 33, 60, 51, 18]",8,7,free_flow_time,1.400510267184536
3383,15,19,0,"[15, 30, 51, 44, 49, 43, 36, 46, 65, 19]",10,9,free_flow_time,1.694963130613781
3384,15,19,1,"[15, 30, 51, 44, 54, 43, 36, 46, 65, 19]",10,9,free_flow_time,1.7016115983926305
3385,15,19,2,"[15, 30, 51, 44, 49, 43, 36, 61, 46, 65, 19]",11,10,free_flow_time,1.7030244821050173
3386,15,19,3,"[15, 30, 51, 44, 54, 43, 36, 61, 46, 65, 19]",11,10,free_flow_time,1.709672949883867
3387,15,19,4,"[15, 30, 51, 44, 49, 43, 61, 46, 65, 19]",10,9,free_flow_time,1.7193319952665271
3388,15,19,5,"[15, 30, 51, 44, 54, 43, 61, 46, 65, 19]",10,9,free_flow_time,1.7259804630453768
3389,15,19,6,"[15, 30, 51, 44, 49, 43, 36, 46, 59, 65, 19]",11,10,free_flow_time,1.7927178871068277
3390,15,19,7,"[15, 30, 51, 44, 54, 43, 36, 46, 59, 65, 19]",11,10,free_flow_time,1.7993663548856773
3391,15,19,8,"[15, 30, 51, 44, 49, 43, 36, 61, 46, 59, 65, 19]",12,11,free_flow_time,1.8007792385980643
3392,15,19,9,"[15, 30, 51, 44, 54, 43, 36, 61, 46, 59, 65, 19]",12,11,free_flow_time,1.807427706376914
3393,15,20,0,"[15, 30, 42, 39, 33, 29, 20]",7,6,free_flow_time,1.1359632687856815
3394,15,20,1,"[15, 30, 42, 39, 29, 20]",6,5,free_flow_time,1.1565724366160532
3395,15,20,2,"[15, 30, 42, 39, 31, 33, 29, 20]",8,7,free_flow_time,1.1842122235421344
3396,15,20,3,"[15, 30, 42, 31, 33, 29, 20]",7,6,free_flow_time,1.227376837387359
3397,15,20,4,"[15, 30, 42, 29, 20]",5,4,free_flow_time,1.260279408456324
3398,15,20,5,"[15, 30, 42, 31, 39, 33, 29, 20]",8,7,free_flow_time,1.2695249612523845
3399,15,20,6,"[15, 30, 42, 31, 39, 29, 20]",7,6,free_flow_time,1.290134129082756
3400,15,20,7,"[15, 30, 42, 60, 33, 29, 20]",7,6,free_flow_time,1.4836591325248685
3401,15,20,8,"[15, 30, 51, 60, 33, 29, 20]",7,6,free_flow_time,1.4883051636082982
3402,15,20,9,"[15, 30, 42, 39, 33, 27, 29, 20]",8,7,free_flow_time,1.5609290225520391
3403,15,21,0,"[15, 30, 42, 39, 21]",5,4,free_flow_time,0.5498432905962591
3404,15,21,1,"[15, 30, 42, 31, 39, 21]",6,5,free_flow_time,0.6834049830629619
3405,15,21,2,"[15, 30, 51, 42, 39, 21]",6,5,free_flow_time,0.9918767601082352
3406,15,21,3,"[15, 30, 42, 31, 33, 39, 21]",7,6,free_flow_time,1.0315052147003947
3407,15,21,4,"[15, 30, 42, 60, 31, 39, 21]",7,6,free_flow_time,1.1054704589381437
3408,15,21,5,"[15, 30, 51, 60, 31, 39, 21]",7,6,free_flow_time,1.1101164900215734
3409,15,21,6,"[15, 30, 51, 42, 31, 39, 21]",7,6,free_flow_time,1.1254384525749381
3410,15,21,7,"[15, 30, 50, 51, 42, 39, 21]",7,6,free_flow_time,1.1795248544613472
3411,15,21,8,"[15, 30, 51, 60, 42, 39, 21]",7,6,free_flow_time,1.2202795381240146
3412,15,21,9,"[15, 30, 42, 60, 33, 39, 21]",7,6,free_flow_time,1.2877875098379044
3413,15,22,0,"[15, 30, 42, 39, 33, 22]",6,5,free_flow_time,0.7453160835053209
3414,15,22,1,"[15, 30, 42, 39, 31, 33, 22]",7,6,free_flow_time,0.7935650382617737
3415,15,22,2,"[15, 30, 42, 31, 33, 22]",6,5,free_flow_time,0.8367296521069982
3416,15,22,3,"[15, 30, 42, 31, 39, 33, 22]",7,6,free_flow_time,0.8788777759720237
3417,15,22,4,"[15, 30, 42, 60, 33, 22]",6,5,free_flow_time,1.093011947244508
3418,15,22,5,"[15, 30, 51, 60, 33, 22]",6,5,free_flow_time,1.0976579783279377
3419,15,22,6,"[15, 30, 51, 42, 39, 33, 22]",7,6,free_flow_time,1.187349553017297
3420,15,22,7,"[15, 30, 42, 39, 31, 60, 33, 22]",8,7,free_flow_time,1.1973174377507616
3421,15,22,8,"[15, 30, 51, 42, 39, 31, 33, 22]",8,7,free_flow_time,1.23559850777375
3422,15,22,9,"[15, 30, 42, 31, 60, 33, 22]",7,6,free_flow_time,1.2404820515959862
3423,15,23,0,"[15, 30, 51, 44, 49, 43, 23]",7,6,free_flow_time,1.1732177231085226
3424,15,23,1,"[15, 30, 51, 44, 54, 43, 23]",7,6,free_flow_time,1.1798661908873722
3425,15,23,2,"[15, 30, 51, 44, 54, 49, 43, 23]",8,7,free_flow_time,1.333755731978352
3426,15,23,3,"[15, 30, 50, 51, 44, 49, 43, 23]",8,7,free_flow_time,1.3608658174616344
3427,15,23,4,"[15, 30, 50, 51, 44, 54, 43, 23]",8,7,free_flow_time,1.3675142852404842
3428,15,23,5,"[15, 30, 51, 44, 49, 54, 43, 23]",8,7,free_flow_time,1.416705521446179
3429,15,23,6,"[15, 30, 42, 51, 44, 49, 43, 23]",8,7,free_flow_time,1.4332732195220428
3430,15,23,7,"[15, 30, 42, 51, 44, 54, 43, 23]",8,7,free_flow_time,1.4399216873008926
3431,15,23,8,"[15, 30, 50, 51, 44, 54, 49, 43, 23]",9,8,free_flow_time,1.521403826331464
3432,15,23,9,"[15, 30, 50, 44, 49, 43, 23]",7,6,free_flow_time,1.5421072957071755
3433,15,24,0,"[15, 30, 51, 44, 49, 43, 36, 46, 56, 24]",10,9,free_flow_time,1.8002981664796207
3434,15,24,1,"[15, 30, 51, 44, 54, 43, 36, 46, 56, 24]",10,9,free_flow_time,1.8069466342584704
3435,15,24,2,"[15, 30, 51, 44, 49, 43, 36, 61, 46, 56, 24]",11,10,free_flow_time,1.8083595179708571
3436,15,24,3,"[15, 30, 51, 44, 54, 43, 36, 61, 46, 56, 24]",11,10,free_flow_time,1.8150079857497068
3437,15,24,4,"[15, 30, 51, 44, 49, 43, 61, 46, 56, 24]",10,9,free_flow_time,1.824667031132367
3438,15,24,5,"[15, 30, 51, 44, 54, 43, 61, 46, 56, 24]",10,9,free_flow_time,1.8313154989112166
3439,15,24,6,"[15, 30, 51, 44, 49, 43, 36, 61, 56, 24]",10,9,free_flow_time,1.8406061686958168
3440,15,24,7,"[15, 30, 51, 44, 54, 43, 36, 61, 56, 24]",10,9,free_flow_time,1.8472546364746665
3441,15,24,8,"[15, 30, 51, 44, 49, 43, 61, 56, 24]",9,8,free_flow_time,1.8569136818573264
3442,15,24,9,"[15, 30, 51, 44, 54, 43, 61, 56, 24]",9,8,free_flow_time,1.863562149636176
3443,15,25,0,"[15, 30, 51, 44, 35, 25]",6,5,free_flow_time,1.22183357148131
3444,15,25,1,"[15, 30, 50, 34, 35, 25]",6,5,free_flow_time,1.3560352257851793
3445,15,25,2,"[15, 30, 51, 50, 34, 35, 25]",7,6,free_flow_time,1.401446655292192
3446,15,25,3,"[15, 30, 50, 51, 44, 35, 25]",7,6,free_flow_time,1.4094816658344218
3447,15,25,4,"[15, 30, 42, 51, 44, 35, 25]",7,6,free_flow_time,1.4818890678948302
3448,15,25,5,"[15, 30, 51, 44, 49, 47, 35, 25]",8,7,free_flow_time,1.5816052048301215
3449,15,25,6,"[15, 30, 50, 44, 35, 25]",6,5,free_flow_time,1.590723144079963
3450,15,25,7,"[15, 30, 51, 50, 44, 35, 25]",7,6,free_flow_time,1.6361345735869757
3451,15,25,8,"[15, 30, 40, 50, 34, 35, 25]",7,6,free_flow_time,1.641044659595584
3452,15,25,9,"[15, 30, 51, 44, 34, 35, 25]",7,6,free_flow_time,1.6547399639599163
3453,16,1,0,"[16, 40, 1]",3,2,free_flow_time,0.0016249157387006402
3454,16,2,0,"[16, 40, 30, 42, 60, 52, 32, 41, 48, 2]",10,9,free_flow_time,2.1179606070349646
3455,16,2,1,"[16, 40, 30, 51, 60, 52, 32, 41, 48, 2]",10,9,free_flow_time,2.1226066381183943
3456,16,2,2,"[16, 40, 30, 42, 60, 52, 32, 41, 64, 48, 2]",11,10,free_flow_time,2.217047126851633
3457,16,2,3,"[16, 40, 50, 51, 60, 52, 32, 41, 48, 2]",10,9,free_flow_time,2.2195840247568306
3458,16,2,4,"[16, 40, 30, 51, 60, 52, 32, 41, 64, 48, 2]",11,10,free_flow_time,2.221693157935063
3459,16,2,5,"[16, 40, 30, 42, 39, 31, 60, 52, 32, 41, 48, 2]",12,11,free_flow_time,2.2222660975412185
3460,16,2,6,"[16, 40, 30, 42, 31, 60, 52, 32, 41, 48, 2]",11,10,free_flow_time,2.265430711386443
3461,16,2,7,"[16, 40, 30, 42, 39, 33, 27, 45, 32, 41, 48, 2]",12,11,free_flow_time,2.300813597566327
3462,16,2,8,"[16, 40, 30, 50, 51, 60, 52, 32, 41, 48, 2]",11,10,free_flow_time,2.310254732471506
3463,16,2,9,"[16, 40, 30, 51, 44, 54, 52, 32, 41, 48, 2]",11,10,free_flow_time,2.3122892292128325
3464,16,3,0,"[16, 40, 30, 3]",4,3,free_flow_time,0.18894190404123817
3465,16,3,1,"[16, 40, 50, 30, 3]",5,4,free_flow_time,1.306868214729547
3466,16,3,2,"[16, 40, 28, 30, 3]",5,4,free_flow_time,1.321464804373419
3467,16,3,3,"[16, 40, 50, 51, 30, 3]",6,5,free_flow_time,1.3522796442365597
3468,16,3,4,"[16, 40, 28, 42, 30, 3]",6,5,free_flow_time,1.54552786702344
3469,16,3,5,"[16, 40, 50, 51, 42, 30, 3]",7,6,free_flow_time,1.6123351406500799
3470,16,3,6,"[16, 40, 50, 51, 60, 42, 30, 3]",8,7,free_flow_time,1.840737918665859
3471,16,3,7,"[16, 40, 50, 51, 60, 31, 39, 42, 30, 3]",10,9,free_flow_time,1.945043409172113
3472,16,3,8,"[16, 40, 28, 42, 51, 30, 3]",7,6,free_flow_time,1.9875613365354161
3473,16,3,9,"[16, 40, 50, 51, 60, 31, 42, 30, 3]",9,8,free_flow_time,1.9882080230173373
3474,16,4,0,"[16, 40, 30, 42, 60, 52, 32, 41, 64, 57, 4]",11,10,free_flow_time,2.199319461539416
3475,16,4,1,"[16, 40, 30, 51, 60, 52, 32, 41, 64, 57, 4]",11,10,free_flow_time,2.203965492622846
3476,16,4,2,"[16, 40, 50, 51, 60, 52, 32, 41, 64, 57, 4]",11,10,free_flow_time,2.300942879261282
3477,16,4,3,"[16, 40, 30, 42, 39, 31, 60, 52, 32, 41, 64, 57, 4]",13,12,free_flow_time,2.30362495204567
3478,16,4,4,"[16, 40, 30, 42, 60, 52, 32, 41, 53, 57, 4]",11,10,free_flow_time,2.334056953846083
3479,16,4,5,"[16, 40, 30, 51, 60, 52, 32, 41, 53, 57, 4]",11,10,free_flow_time,2.3387029849295127
3480,16,4,6,"[16, 40, 30, 42, 31, 60, 52, 32, 41, 64, 57, 4]",12,11,free_flow_time,2.3467895658908944
3481,16,4,7,"[16, 40, 30, 42, 39, 33, 27, 45, 32, 41, 64, 57, 4]",13,12,free_flow_time,2.3821724520707783
3482,16,4,8,"[16, 40, 30, 50, 51, 60, 52, 32, 41, 64, 57, 4]",12,11,free_flow_time,2.3916135869759576
3483,16,4,9,"[16, 40, 30, 51, 44, 54, 52, 32, 41, 64, 57, 4]",12,11,free_flow_time,2.393648083717284
3484,16,5,0,"[16, 40, 30, 42, 60, 52, 5]",7,6,free_flow_time,1.3022876482771983
3485,16,5,1,"[16, 40, 30, 51, 60, 52, 5]",7,6,free_flow_time,1.306933679360628
3486,16,5,2,"[16, 40, 50, 51, 60, 52, 5]",7,6,free_flow_time,1.4039110659990646
3487,16,5,3,"[16, 40, 30, 42, 39, 31, 60, 52, 5]",9,8,free_flow_time,1.4065931387834523
3488,16,5,4,"[16, 40, 30, 42, 31, 60, 52, 5]",8,7,free_flow_time,1.4497577526286767
3489,16,5,5,"[16, 40, 30, 50, 51, 60, 52, 5]",8,7,free_flow_time,1.4945817737137401
3490,16,5,6,"[16, 40, 30, 51, 44, 54, 52, 5]",8,7,free_flow_time,1.4966162704550663
3491,16,5,7,"[16, 40, 30, 42, 51, 60, 52, 5]",8,7,free_flow_time,1.5669891757741483
3492,16,5,8,"[16, 40, 30, 42, 39, 33, 60, 52, 5]",9,8,free_flow_time,1.5889101896832127
3493,16,5,9,"[16, 40, 50, 51, 44, 54, 52, 5]",8,7,free_flow_time,1.5935936570935028
3494,16,6,0,"[16, 40, 30, 51, 44, 49, 43, 36, 46, 65, 6]",11,10,free_flow_time,1.8833480548263257
3495,16,6,1,"[16, 40, 30, 51, 44, 54, 43, 36, 46, 65, 6]",11,10,free_flow_time,1.8899965226051756
3496,16,6,2,"[16, 40, 30, 51, 44, 49, 43, 36, 61, 46, 65, 6]",12,11,free_flow_time,1.8914094063175622
3497,16,6,3,"[16, 40, 30, 51, 44, 54, 43, 36, 61, 46, 65, 6]",12,11,free_flow_time,1.898057874096412
3498,16,6,4,"[16, 40, 30, 51, 44, 49, 43, 61, 46, 65, 6]",11,10,free_flow_time,1.9077169194790717
3499,16,6,5,"[16, 40, 30, 51, 44, 54, 43, 61, 46, 65, 6]",11,10,free_flow_time,1.9143653872579218
3500,16,6,6,"[16, 40, 50, 51, 44, 49, 43, 36, 46, 65, 6]",11,10,free_flow_time,1.9803254414647622
3501,16,6,7,"[16, 40, 30, 51, 44, 49, 43, 36, 46, 59, 65, 6]",12,11,free_flow_time,1.9811028113193727
3502,16,6,8,"[16, 40, 50, 51, 44, 54, 43, 36, 46, 65, 6]",11,10,free_flow_time,1.986973909243612
3503,16,6,9,"[16, 40, 30, 51, 44, 54, 43, 36, 46, 59, 65, 6]",12,11,free_flow_time,1.9877512790982224
3504,16,7,0,"[16, 40, 30, 51, 7]",5,4,free_flow_time,0.7220293444354204
3505,16,7,1,"[16, 40, 50, 51, 7]",5,4,free_flow_time,0.8190067310738569
3506,16,7,2,"[16, 40, 30, 50, 51, 7]",6,5,free_flow_time,0.9096774387885325
3507,16,7,3,"[16, 40, 30, 42, 51, 7]",6,5,free_flow_time,0.9820848408489407
3508,16,7,4,"[16, 40, 30, 42, 60, 51, 7]",7,6,free_flow_time,1.2104876188647198
3509,16,7,5,"[16, 40, 30, 42, 39, 31, 60, 51, 7]",9,8,free_flow_time,1.3147931093709737
3510,16,7,6,"[16, 40, 30, 42, 31, 60, 51, 7]",8,7,free_flow_time,1.3579577232161981
3511,16,7,7,"[16, 40, 28, 42, 51, 7]",6,5,free_flow_time,1.4542884233727134
3512,16,7,8,"[16, 40, 30, 42, 39, 33, 60, 51, 7]",9,8,free_flow_time,1.4971101602707342
3513,16,7,9,"[16, 40, 34, 50, 51, 7]",6,5,free_flow_time,1.543348257719639
3514,16,8,0,"[16, 40, 30, 42, 39, 33, 29, 8]",8,7,free_flow_time,1.323502927859854
3515,16,8,1,"[16, 40, 30, 42, 39, 29, 8]",7,6,free_flow_time,1.3441120956902255
3516,16,8,2,"[16, 40, 30, 42, 39, 31, 33, 29, 8]",9,8,free_flow_time,1.3717518826163069
3517,16,8,3,"[16, 40, 30, 42, 31, 33, 29, 8]",8,7,free_flow_time,1.4149164964615313
3518,16,8,4,"[16, 40, 30, 42, 29, 8]",6,5,free_flow_time,1.4478190675304963
3519,16,8,5,"[16, 40, 30, 42, 31, 39, 33, 29, 8]",9,8,free_flow_time,1.4570646203265567
3520,16,8,6,"[16, 40, 30, 42, 31, 39, 29, 8]",8,7,free_flow_time,1.4776737881569284
3521,16,8,7,"[16, 40, 30, 42, 60, 33, 29, 8]",8,7,free_flow_time,1.6711987915990407
3522,16,8,8,"[16, 40, 30, 51, 60, 33, 29, 8]",8,7,free_flow_time,1.6758448226824707
3523,16,8,9,"[16, 40, 30, 42, 39, 33, 27, 29, 8]",9,8,free_flow_time,1.7484686816262114
3524,16,9,0,"[16, 40, 30, 51, 44, 49, 9]",7,6,free_flow_time,1.1023863097627349
3525,16,9,1,"[16, 40, 50, 51, 44, 49, 9]",7,6,free_flow_time,1.1993636964011714
3526,16,9,2,"[16, 40, 30, 51, 44, 54, 49, 9]",8,7,free_flow_time,1.2629243186325645
3527,16,9,3,"[16, 40, 30, 50, 51, 44, 49, 9]",8,7,free_flow_time,1.290034404115847
3528,16,9,4,"[16, 40, 50, 51, 44, 54, 49, 9]",8,7,free_flow_time,1.359901705271001
3529,16,9,5,"[16, 40, 30, 42, 51, 44, 49, 9]",8,7,free_flow_time,1.362441806176255
3530,16,9,6,"[16, 40, 50, 44, 49, 9]",6,5,free_flow_time,1.3806051746467123
3531,16,9,7,"[16, 40, 30, 50, 51, 44, 54, 49, 9]",9,8,free_flow_time,1.4505724129856765
3532,16,9,8,"[16, 40, 30, 50, 44, 49, 9]",7,6,free_flow_time,1.4712758823613878
3533,16,9,9,"[16, 40, 30, 51, 50, 44, 49, 9]",8,7,free_flow_time,1.5166873118684003
3534,16,10,0,"[16, 40, 30, 42, 39, 33, 29, 10]",8,7,free_flow_time,1.3246903030391453
3535,16,10,1,"[16, 40, 30, 42, 39, 29, 10]",7,6,free_flow_time,1.3452994708695167
3536,16,10,2,"[16, 40, 30, 42, 39, 31, 33, 29, 10]",9,8,free_flow_time,1.3729392577955981
3537,16,10,3,"[16, 40, 30, 42, 31, 33, 29, 10]",8,7,free_flow_time,1.4161038716408225
3538,16,10,4,"[16, 40, 30, 42, 29, 10]",6,5,free_flow_time,1.4490064427097875
3539,16,10,5,"[16, 40, 30, 42, 31, 39, 33, 29, 10]",9,8,free_flow_time,1.458251995505848
3540,16,10,6,"[16, 40, 30, 42, 31, 39, 29, 10]",8,7,free_flow_time,1.4788611633362196
3541,16,10,7,"[16, 40, 30, 42, 60, 33, 29, 10]",8,7,free_flow_time,1.672386166778332
3542,16,10,8,"[16, 40, 30, 51, 60, 33, 29, 10]",8,7,free_flow_time,1.677032197861762
3543,16,10,9,"[16, 40, 30, 42, 39, 33, 27, 29, 10]",9,8,free_flow_time,1.7496560568055026
3544,16,11,0,"[16, 40, 11]",3,2,free_flow_time,0.001093327548041645
3545,16,12,0,"[16, 40, 30, 51, 44, 49, 43, 12]",8,7,free_flow_time,1.3622848247987969
3546,16,12,1,"[16, 40, 30, 51, 44, 54, 43, 12]",8,7,free_flow_time,1.3689332925776467
3547,16,12,2,"[16, 40, 50, 51, 44, 49, 43, 12]",8,7,free_flow_time,1.4592622114372333
3548,16,12,3,"[16, 40, 50, 51, 44, 54, 43, 12]",8,7,free_flow_time,1.4659106792160832
3549,16,12,4,"[16, 40, 30, 51, 44, 54, 49, 43, 12]",9,8,free_flow_time,1.5228228336686265
3550,16,12,5,"[16, 40, 30, 50, 51, 44, 49, 43, 12]",9,8,free_flow_time,1.549932919151909
3551,16,12,6,"[16, 40, 30, 50, 51, 44, 54, 43, 12]",9,8,free_flow_time,1.5565813869307588
3552,16,12,7,"[16, 40, 30, 51, 44, 49, 54, 43, 12]",9,8,free_flow_time,1.6057726231364535
3553,16,12,8,"[16, 40, 50, 51, 44, 54, 49, 43, 12]",9,8,free_flow_time,1.619800220307063
3554,16,12,9,"[16, 40, 30, 42, 51, 44, 49, 43, 12]",9,8,free_flow_time,1.622340321212317
3555,16,13,0,"[16, 40, 30, 42, 39, 33, 27, 45, 13]",9,8,free_flow_time,1.7401134874557456
3556,16,13,1,"[16, 40, 30, 42, 39, 31, 33, 27, 45, 13]",10,9,free_flow_time,1.7883624422121986
3557,16,13,2,"[16, 40, 30, 42, 31, 33, 27, 45, 13]",9,8,free_flow_time,1.831527056057423
3558,16,13,3,"[16, 40, 30, 42, 31, 39, 33, 27, 45, 13]",10,9,free_flow_time,1.8736751799224485
3559,16,13,4,"[16, 40, 30, 42, 60, 52, 32, 45, 13]",9,8,free_flow_time,1.90026816624582
3560,16,13,5,"[16, 40, 30, 51, 60, 52, 32, 45, 13]",9,8,free_flow_time,1.9049141973292498
3561,16,13,6,"[16, 40, 50, 51, 60, 52, 32, 45, 13]",9,8,free_flow_time,2.0018915839676863
3562,16,13,7,"[16, 40, 30, 42, 39, 31, 60, 52, 32, 45, 13]",11,10,free_flow_time,2.004573656752074
3563,16,13,8,"[16, 40, 30, 42, 31, 60, 52, 32, 45, 13]",10,9,free_flow_time,2.0477382705972986
3564,16,13,9,"[16, 40, 30, 42, 39, 33, 29, 27, 45, 13]",10,9,free_flow_time,2.073536675093574
3565,16,14,0,"[16, 40, 30, 42, 39, 33, 29, 14]",8,7,free_flow_time,1.3237141174021179
3566,16,14,1,"[16, 40, 30, 42, 39, 29, 14]",7,6,free_flow_time,1.3443232852324893
3567,16,14,2,"[16, 40, 30, 42, 39, 31, 33, 29, 14]",9,8,free_flow_time,1.3719630721585707
3568,16,14,3,"[16, 40, 30, 42, 31, 33, 29, 14]",8,7,free_flow_time,1.4151276860037951
3569,16,14,4,"[16, 40, 30, 42, 29, 14]",6,5,free_flow_time,1.4480302570727601
3570,16,14,5,"[16, 40, 30, 42, 31, 39, 33, 29, 14]",9,8,free_flow_time,1.4572758098688205
3571,16,14,6,"[16, 40, 30, 42, 31, 39, 29, 14]",8,7,free_flow_time,1.4778849776991922
3572,16,14,7,"[16, 40, 30, 42, 60, 33, 29, 14]",8,7,free_flow_time,1.6714099811413046
3573,16,14,8,"[16, 40, 30, 51, 60, 33, 29, 14]",8,7,free_flow_time,1.6760560122247345
3574,16,14,9,"[16, 40, 30, 42, 39, 33, 27, 29, 14]",9,8,free_flow_time,1.7486798711684752
3575,16,15,0,"[16, 40, 30, 15]",4,3,free_flow_time,0.18855856115824224
3576,16,15,1,"[16, 40, 50, 30, 15]",5,4,free_flow_time,1.3064848718465512
3577,16,15,2,"[16, 40, 28, 30, 15]",5,4,free_flow_time,1.3210814614904232
3578,16,15,3,"[16, 40, 50, 51, 30, 15]",6,5,free_flow_time,1.3518963013535639
3579,16,15,4,"[16, 40, 28, 42, 30, 15]",6,5,free_flow_time,1.5451445241404442
3580,16,15,5,"[16, 40, 50, 51, 42, 30, 15]",7,6,free_flow_time,1.611951797767084
3581,16,15,6,"[16, 40, 50, 51, 60, 42, 30, 15]",8,7,free_flow_time,1.8403545757828632
3582,16,15,7,"[16, 40, 50, 51, 60, 31, 39, 42, 30, 15]",10,9,free_flow_time,1.9446600662891171
3583,16,15,8,"[16, 40, 28, 42, 51, 30, 15]",7,6,free_flow_time,1.9871779936524203
3584,16,15,9,"[16, 40, 50, 51, 60, 31, 42, 30, 15]",9,8,free_flow_time,1.9878246801343415
3585,16,16,0,"[16, 40, 16]",3,2,free_flow_time,0.0010376883025021016
3586,16,17,0,"[16, 40, 30, 51, 44, 49, 62, 17]",8,7,free_flow_time,1.6133102995151085
3587,16,17,1,"[16, 40, 50, 51, 44, 49, 62, 17]",8,7,free_flow_time,1.7102876861535452
3588,16,17,2,"[16, 40, 30, 51, 44, 49, 47, 62, 17]",9,8,free_flow_time,1.7655644501918555
3589,16,17,3,"[16, 40, 30, 51, 44, 54, 49, 62, 17]",9,8,free_flow_time,1.7738483083849381
3590,16,17,4,"[16, 40, 30, 50, 51, 44, 49, 62, 17]",9,8,free_flow_time,1.8009583938682208
3591,16,17,5,"[16, 40, 50, 51, 44, 49, 47, 62, 17]",9,8,free_flow_time,1.862541836830292
3592,16,17,6,"[16, 40, 50, 51, 44, 54, 49, 62, 17]",9,8,free_flow_time,1.8708256950233748
3593,16,17,7,"[16, 40, 30, 42, 51, 44, 49, 62, 17]",9,8,free_flow_time,1.873365795928629
3594,16,17,8,"[16, 40, 50, 44, 49, 62, 17]",7,6,free_flow_time,1.8915291643990861
3595,16,17,9,"[16, 40, 30, 51, 44, 54, 49, 47, 62, 17]",10,9,free_flow_time,1.926102459061685
3596,16,18,0,"[16, 40, 30, 51, 18]",5,4,free_flow_time,0.722175151416885
3597,16,18,1,"[16, 40, 50, 51, 18]",5,4,free_flow_time,0.8191525380553215
3598,16,18,2,"[16, 40, 30, 50, 51, 18]",6,5,free_flow_time,0.9098232457699971
3599,16,18,3,"[16, 40, 30, 42, 51, 18]",6,5,free_flow_time,0.9822306478304053
3600,16,18,4,"[16, 40, 30, 42, 60, 51, 18]",7,6,free_flow_time,1.2106334258461844
3601,16,18,5,"[16, 40, 30, 42, 39, 31, 60, 51, 18]",9,8,free_flow_time,1.3149389163524383
3602,16,18,6,"[16, 40, 30, 42, 31, 60, 51, 18]",8,7,free_flow_time,1.3581035301976627
3603,16,18,7,"[16, 40, 28, 42, 51, 18]",6,5,free_flow_time,1.454434230354178
3604,16,18,8,"[16, 40, 30, 42, 39, 33, 60, 51, 18]",9,8,free_flow_time,1.4972559672521988
3605,16,18,9,"[16, 40, 34, 50, 51, 18]",6,5,free_flow_time,1.5434940647011035
3606,16,19,0,"[16, 40, 30, 51, 44, 49, 43, 36, 46, 65, 19]",11,10,free_flow_time,1.883122399283121
3607,16,19,1,"[16, 40, 30, 51, 44, 54, 43, 36, 46, 65, 19]",11,10,free_flow_time,1.8897708670619708
3608,16,19,2,"[16, 40, 30, 51, 44, 49, 43, 36, 61, 46, 65, 19]",12,11,free_flow_time,1.8911837507743574
3609,16,19,3,"[16, 40, 30, 51, 44, 54, 43, 36, 61, 46, 65, 19]",12,11,free_flow_time,1.8978322185532073
3610,16,19,4,"[16, 40, 30, 51, 44, 49, 43, 61, 46, 65, 19]",11,10,free_flow_time,1.907491263935867
3611,16,19,5,"[16, 40, 30, 51, 44, 54, 43, 61, 46, 65, 19]",11,10,free_flow_time,1.914139731714717
3612,16,19,6,"[16, 40, 50, 51, 44, 49, 43, 36, 46, 65, 19]",11,10,free_flow_time,1.9800997859215574
3613,16,19,7,"[16, 40, 30, 51, 44, 49, 43, 36, 46, 59, 65, 19]",12,11,free_flow_time,1.980877155776168
3614,16,19,8,"[16, 40, 50, 51, 44, 54, 43, 36, 46, 65, 19]",11,10,free_flow_time,1.9867482537004073
3615,16,19,9,"[16, 40, 30, 51, 44, 54, 43, 36, 46, 59, 65, 19]",12,11,free_flow_time,1.9875256235550176
3616,16,20,0,"[16, 40, 30, 42, 39, 33, 29, 20]",8,7,free_flow_time,1.3241225374550218
3617,16,20,1,"[16, 40, 30, 42, 39, 29, 20]",7,6,free_flow_time,1.3447317052853933
3618,16,20,2,"[16, 40, 30, 42, 39, 31, 33, 29, 20]",9,8,free_flow_time,1.3723714922114747
3619,16,20,3,"[16, 40, 30, 42, 31, 33, 29, 20]",8,7,free_flow_time,1.415536106056699
3620,16,20,4,"[16, 40, 30, 42, 29, 20]",6,5,free_flow_time,1.448438677125664
3621,16,20,5,"[16, 40, 30, 42, 31, 39, 33, 29, 20]",9,8,free_flow_time,1.4576842299217245
3622,16,20,6,"[16, 40, 30, 42, 31, 39, 29, 20]",8,7,free_flow_time,1.4782933977520962
3623,16,20,7,"[16, 40, 30, 42, 60, 33, 29, 20]",8,7,free_flow_time,1.6718184011942085
3624,16,20,8,"[16, 40, 30, 51, 60, 33, 29, 20]",8,7,free_flow_time,1.6764644322776385
3625,16,20,9,"[16, 40, 30, 42, 39, 33, 27, 29, 20]",9,8,free_flow_time,1.7490882912213792
3626,16,21,0,"[16, 40, 30, 42, 39, 21]",6,5,free_flow_time,0.7380025592655993
3627,16,21,1,"[16, 40, 30, 42, 31, 39, 21]",7,6,free_flow_time,0.8715642517323021
3628,16,21,2,"[16, 40, 30, 51, 42, 39, 21]",7,6,free_flow_time,1.1800360287775755
3629,16,21,3,"[16, 40, 28, 42, 39, 21]",6,5,free_flow_time,1.2102061417893721
3630,16,21,4,"[16, 40, 30, 42, 31, 33, 39, 21]",8,7,free_flow_time,1.219664483369735
3631,16,21,5,"[16, 40, 50, 51, 42, 39, 21]",7,6,free_flow_time,1.277013415416012
3632,16,21,6,"[16, 40, 30, 42, 60, 31, 39, 21]",8,7,free_flow_time,1.2936297276074837
3633,16,21,7,"[16, 40, 30, 51, 60, 31, 39, 21]",8,7,free_flow_time,1.2982757586909137
3634,16,21,8,"[16, 40, 30, 51, 42, 31, 39, 21]",8,7,free_flow_time,1.3135977212442784
3635,16,21,9,"[16, 40, 28, 42, 31, 39, 21]",7,6,free_flow_time,1.343767834256075
3636,16,22,0,"[16, 40, 30, 42, 39, 33, 22]",7,6,free_flow_time,0.933475352174661
3637,16,22,1,"[16, 40, 30, 42, 39, 31, 33, 22]",8,7,free_flow_time,0.9817243069311139
3638,16,22,2,"[16, 40, 30, 42, 31, 33, 22]",7,6,free_flow_time,1.0248889207763385
3639,16,22,3,"[16, 40, 30, 42, 31, 39, 33, 22]",8,7,free_flow_time,1.067037044641364
3640,16,22,4,"[16, 40, 30, 42, 60, 33, 22]",7,6,free_flow_time,1.281171215913848
3641,16,22,5,"[16, 40, 30, 51, 60, 33, 22]",7,6,free_flow_time,1.285817246997278
3642,16,22,6,"[16, 40, 30, 51, 42, 39, 33, 22]",8,7,free_flow_time,1.3755088216866374
3643,16,22,7,"[16, 40, 50, 51, 60, 33, 22]",7,6,free_flow_time,1.3827946336357142
3644,16,22,8,"[16, 40, 30, 42, 39, 31, 60, 33, 22]",9,8,free_flow_time,1.385476706420102
3645,16,22,9,"[16, 40, 28, 42, 39, 33, 22]",7,6,free_flow_time,1.4056789346984337
3646,16,23,0,"[16, 40, 30, 51, 44, 49, 43, 23]",8,7,free_flow_time,1.3613769917778626
3647,16,23,1,"[16, 40, 30, 51, 44, 54, 43, 23]",8,7,free_flow_time,1.3680254595567125
3648,16,23,2,"[16, 40, 50, 51, 44, 49, 43, 23]",8,7,free_flow_time,1.4583543784162991
3649,16,23,3,"[16, 40, 50, 51, 44, 54, 43, 23]",8,7,free_flow_time,1.465002846195149
3650,16,23,4,"[16, 40, 30, 51, 44, 54, 49, 43, 23]",9,8,free_flow_time,1.5219150006476923
3651,16,23,5,"[16, 40, 30, 50, 51, 44, 49, 43, 23]",9,8,free_flow_time,1.5490250861309747
3652,16,23,6,"[16, 40, 30, 50, 51, 44, 54, 43, 23]",9,8,free_flow_time,1.5556735539098245
3653,16,23,7,"[16, 40, 30, 51, 44, 49, 54, 43, 23]",9,8,free_flow_time,1.6048647901155193
3654,16,23,8,"[16, 40, 50, 51, 44, 54, 49, 43, 23]",9,8,free_flow_time,1.6188923872861287
3655,16,23,9,"[16, 40, 30, 42, 51, 44, 49, 43, 23]",9,8,free_flow_time,1.6214324881913829
3656,16,24,0,"[16, 40, 30, 51, 44, 49, 43, 36, 46, 56, 24]",11,10,free_flow_time,1.9884574351489608
3657,16,24,1,"[16, 40, 30, 51, 44, 54, 43, 36, 46, 56, 24]",11,10,free_flow_time,1.9951059029278106
3658,16,24,2,"[16, 40, 30, 51, 44, 49, 43, 36, 61, 46, 56, 24]",12,11,free_flow_time,1.9965187866401972
3659,16,24,3,"[16, 40, 30, 51, 44, 54, 43, 36, 61, 46, 56, 24]",12,11,free_flow_time,2.003167254419047
3660,16,24,4,"[16, 40, 30, 51, 44, 49, 43, 61, 46, 56, 24]",11,10,free_flow_time,2.0128262998017066
3661,16,24,5,"[16, 40, 30, 51, 44, 54, 43, 61, 46, 56, 24]",11,10,free_flow_time,2.0194747675805567
3662,16,24,6,"[16, 40, 30, 51, 44, 49, 43, 36, 61, 56, 24]",11,10,free_flow_time,2.0287654373651565
3663,16,24,7,"[16, 40, 30, 51, 44, 54, 43, 36, 61, 56, 24]",11,10,free_flow_time,2.0354139051440066
3664,16,24,8,"[16, 40, 30, 51, 44, 49, 43, 61, 56, 24]",10,9,free_flow_time,2.045072950526666
3665,16,24,9,"[16, 40, 30, 51, 44, 54, 43, 61, 56, 24]",10,9,free_flow_time,2.051721418305516
3666,16,25,0,"[16, 40, 30, 51, 44, 35, 25]",7,6,free_flow_time,1.40999284015065
3667,16,25,1,"[16, 40, 50, 34, 35, 25]",6,5,free_flow_time,1.453523786739844
3668,16,25,2,"[16, 40, 50, 51, 44, 35, 25]",7,6,free_flow_time,1.5069702267890865
3669,16,25,3,"[16, 40, 34, 35, 25]",5,4,free_flow_time,1.5293730791845346
3670,16,25,4,"[16, 40, 30, 50, 34, 35, 25]",7,6,free_flow_time,1.5441944944545196
3671,16,25,5,"[16, 40, 30, 51, 50, 34, 35, 25]",8,7,free_flow_time,1.589605923961532
3672,16,25,6,"[16, 40, 30, 50, 51, 44, 35, 25]",8,7,free_flow_time,1.597640934503762
3673,16,25,7,"[16, 40, 30, 42, 51, 44, 35, 25]",8,7,free_flow_time,1.6700483365641703
3674,16,25,8,"[16, 40, 50, 44, 35, 25]",6,5,free_flow_time,1.6882117050346275
3675,16,25,9,"[16, 40, 30, 51, 44, 49, 47, 35, 25]",9,8,free_flow_time,1.7697644734994618
3676,17,1,0,"[17, 62, 49, 44, 51, 30, 40, 1]",8,7,free_flow_time,1.613897526951307
3677,17,1,1,"[17, 62, 49, 44, 51, 50, 40, 1]",8,7,free_flow_time,1.7108749135897434
3678,17,1,2,"[17, 62, 47, 49, 44, 51, 30, 40, 1]",9,8,free_flow_time,1.7661516776280537
3679,17,1,3,"[17, 62, 49, 54, 44, 51, 30, 40, 1]",9,8,free_flow_time,1.7744355358211366
3680,17,1,4,"[17, 62, 49, 44, 51, 50, 30, 40, 1]",9,8,free_flow_time,1.801545621304419
3681,17,1,5,"[17, 62, 47, 49, 44, 51, 50, 40, 1]",9,8,free_flow_time,1.8631290642664902
3682,17,1,6,"[17, 62, 49, 54, 44, 51, 50, 40, 1]",9,8,free_flow_time,1.871412922459573
3683,17,1,7,"[17, 62, 49, 44, 51, 42, 30, 40, 1]",9,8,free_flow_time,1.8739530233648272
3684,17,1,8,"[17, 62, 49, 44, 50, 40, 1]",7,6,free_flow_time,1.8921163918352846
3685,17,1,9,"[17, 62, 47, 49, 54, 44, 51, 30, 40, 1]",10,9,free_flow_time,1.9266896864978833
3686,17,2,0,"[17, 62, 36, 61, 55, 26, 48, 2]",8,7,free_flow_time,1.472335185790439
3687,17,2,1,"[17, 62, 36, 46, 56, 26, 48, 2]",8,7,free_flow_time,1.5973507497213373
3688,17,2,2,"[17, 62, 36, 61, 46, 56, 26, 48, 2]",9,8,free_flow_time,1.6054121012125735
3689,17,2,3,"[17, 62, 36, 61, 56, 26, 48, 2]",8,7,free_flow_time,1.637658751937533
3690,17,2,4,"[17, 62, 36, 43, 55, 26, 48, 2]",8,7,free_flow_time,1.6713780382820136
3691,17,2,5,"[17, 62, 36, 61, 55, 56, 26, 48, 2]",9,8,free_flow_time,1.7389690631748926
3692,17,2,6,"[17, 62, 36, 43, 61, 55, 26, 48, 2]",9,8,free_flow_time,1.7472858710677033
3693,17,2,7,"[17, 62, 36, 46, 61, 55, 26, 48, 2]",9,8,free_flow_time,1.752462020891785
3694,17,2,8,"[17, 62, 36, 61, 43, 55, 26, 48, 2]",9,8,free_flow_time,1.8189410993341844
3695,17,2,9,"[17, 62, 36, 61, 55, 52, 32, 41, 48, 2]",10,9,free_flow_time,1.8199011770811988
3696,17,3,0,"[17, 62, 49, 44, 51, 30, 3]",7,6,free_flow_time,1.4255343737287642
3697,17,3,1,"[17, 62, 47, 49, 44, 51, 30, 3]",8,7,free_flow_time,1.577788524405511
3698,17,3,2,"[17, 62, 49, 54, 44, 51, 30, 3]",8,7,free_flow_time,1.5860723825985938
3699,17,3,3,"[17, 62, 49, 44, 51, 50, 30, 3]",8,7,free_flow_time,1.6131824680818763
3700,17,3,4,"[17, 62, 49, 44, 51, 42, 30, 3]",8,7,free_flow_time,1.6855898701422845
3701,17,3,5,"[17, 62, 47, 49, 54, 44, 51, 30, 3]",9,8,free_flow_time,1.7383265332753406
3702,17,3,6,"[17, 62, 47, 35, 44, 51, 30, 3]",8,7,free_flow_time,1.7569295383969017
3703,17,3,7,"[17, 62, 47, 49, 44, 51, 50, 30, 3]",9,8,free_flow_time,1.765436618758623
3704,17,3,8,"[17, 62, 49, 54, 44, 51, 50, 30, 3]",9,8,free_flow_time,1.7737204769517059
3705,17,3,9,"[17, 62, 36, 43, 49, 44, 51, 30, 3]",9,8,free_flow_time,1.7902766885252128
3706,17,4,0,"[17, 62, 36, 46, 56, 57, 4]",7,6,free_flow_time,1.6272201662408994
3707,17,4,1,"[17, 62, 36, 61, 46, 56, 57, 4]",8,7,free_flow_time,1.6352815177321358
3708,17,4,2,"[17, 62, 36, 61, 56, 57, 4]",7,6,free_flow_time,1.6675281684570953
3709,17,4,3,"[17, 62, 36, 61, 55, 26, 48, 57, 4]",9,8,free_flow_time,1.7620526832333416
3710,17,4,4,"[17, 62, 36, 61, 55, 56, 57, 4]",8,7,free_flow_time,1.7688384796944547
3711,17,4,5,"[17, 62, 36, 61, 55, 26, 48, 64, 57, 4]",10,9,free_flow_time,1.8343111098254539
3712,17,4,6,"[17, 62, 36, 61, 55, 26, 57, 4]",8,7,free_flow_time,1.8512660094855016
3713,17,4,7,"[17, 62, 36, 46, 56, 26, 48, 57, 4]",9,8,free_flow_time,1.88706824716424
3714,17,4,8,"[17, 62, 36, 61, 46, 56, 26, 48, 57, 4]",10,9,free_flow_time,1.8951295986554761
3715,17,4,9,"[17, 62, 36, 61, 55, 52, 32, 41, 64, 57, 4]",11,10,free_flow_time,1.90126003158565
3716,17,5,0,"[17, 62, 36, 61, 55, 52, 5]",7,6,free_flow_time,1.0042282183234328
3717,17,5,1,"[17, 62, 49, 44, 54, 52, 5]",7,6,free_flow_time,1.1146248487433414
3718,17,5,2,"[17, 62, 49, 54, 52, 5]",6,5,free_flow_time,1.1437219191088572
3719,17,5,3,"[17, 62, 36, 43, 55, 52, 5]",7,6,free_flow_time,1.2032710708150074
3720,17,5,4,"[17, 62, 47, 49, 44, 54, 52, 5]",8,7,free_flow_time,1.2668789994200882
3721,17,5,5,"[17, 62, 36, 43, 61, 55, 52, 5]",8,7,free_flow_time,1.2791789036006969
3722,17,5,6,"[17, 62, 36, 46, 61, 55, 52, 5]",8,7,free_flow_time,1.2843550534247785
3723,17,5,7,"[17, 62, 47, 49, 54, 52, 5]",7,6,free_flow_time,1.295976069785604
3724,17,5,8,"[17, 62, 36, 61, 43, 55, 52, 5]",8,7,free_flow_time,1.3508341318671782
3725,17,5,9,"[17, 62, 36, 43, 54, 52, 5]",7,6,free_flow_time,1.354574692814326
3726,17,6,0,"[17, 62, 38, 65, 6]",5,4,free_flow_time,0.8065856802501309
3727,17,6,1,"[17, 62, 36, 46, 65, 6]",6,5,free_flow_time,0.8803317951814046
3728,17,6,2,"[17, 62, 36, 61, 46, 65, 6]",7,6,free_flow_time,0.888393146672641
3729,17,6,3,"[17, 62, 36, 46, 59, 65, 6]",7,6,free_flow_time,0.9780865516744514
3730,17,6,4,"[17, 62, 36, 61, 46, 59, 65, 6]",8,7,free_flow_time,0.9861479031656878
3731,17,6,5,"[17, 62, 36, 65, 6]",5,4,free_flow_time,1.0730174417733356
3732,17,6,6,"[17, 62, 36, 38, 65, 6]",6,5,free_flow_time,1.161372444619636
3733,17,6,7,"[17, 62, 36, 43, 61, 46, 65, 6]",8,7,free_flow_time,1.163343831949905
3734,17,6,8,"[17, 62, 38, 59, 65, 6]",6,5,free_flow_time,1.1880273958680003
3735,17,6,9,"[17, 62, 36, 43, 61, 46, 59, 65, 6]",9,8,free_flow_time,1.261098588442952
3736,17,7,0,"[17, 62, 49, 44, 51, 7]",6,5,free_flow_time,0.8922614605660615
3737,17,7,1,"[17, 62, 47, 49, 44, 51, 7]",7,6,free_flow_time,1.0445156112428082
3738,17,7,2,"[17, 62, 49, 54, 44, 51, 7]",7,6,free_flow_time,1.052799469435891
3739,17,7,3,"[17, 62, 47, 49, 54, 44, 51, 7]",8,7,free_flow_time,1.2050536201126378
3740,17,7,4,"[17, 62, 47, 35, 44, 51, 7]",7,6,free_flow_time,1.223656625234199
3741,17,7,5,"[17, 62, 36, 43, 49, 44, 51, 7]",8,7,free_flow_time,1.25700377536251
3742,17,7,6,"[17, 62, 36, 43, 54, 44, 51, 7]",8,7,free_flow_time,1.26365224314136
3743,17,7,7,"[17, 62, 49, 44, 50, 51, 7]",7,6,free_flow_time,1.3065624626717272
3744,17,7,8,"[17, 62, 47, 35, 34, 50, 51, 7]",8,7,free_flow_time,1.403269709045081
3745,17,7,9,"[17, 62, 36, 61, 43, 49, 44, 51, 7]",9,8,free_flow_time,1.404566836414681
3746,17,8,0,"[17, 62, 49, 44, 51, 60, 33, 29, 8]",9,8,free_flow_time,1.8460769388131115
3747,17,8,1,"[17, 62, 49, 44, 60, 33, 29, 8]",8,7,free_flow_time,1.8653964481307757
3748,17,8,2,"[17, 62, 49, 44, 54, 60, 33, 29, 8]",9,8,free_flow_time,1.9001257341243478
3749,17,8,3,"[17, 62, 49, 54, 60, 33, 29, 8]",8,7,free_flow_time,1.9292228044898636
3750,17,8,4,"[17, 62, 49, 44, 51, 42, 39, 33, 29, 8]",10,9,free_flow_time,1.9357685135024711
3751,17,8,5,"[17, 62, 49, 44, 51, 42, 39, 29, 8]",9,8,free_flow_time,1.9563776813328428
3752,17,8,6,"[17, 62, 36, 61, 55, 52, 27, 29, 8]",9,8,free_flow_time,1.9629872180278651
3753,17,8,7,"[17, 62, 49, 44, 51, 42, 39, 31, 33, 29, 8]",11,10,free_flow_time,1.984017468258924
3754,17,8,8,"[17, 62, 47, 49, 44, 51, 60, 33, 29, 8]",10,9,free_flow_time,1.9983310894898583
3755,17,8,9,"[17, 62, 49, 54, 44, 51, 60, 33, 29, 8]",10,9,free_flow_time,2.0066149476829414
3756,17,9,0,"[17, 62, 49, 9]",4,3,free_flow_time,0.5126526278577191
3757,17,9,1,"[17, 62, 47, 49, 9]",5,4,free_flow_time,0.664906778534466
3758,17,9,2,"[17, 62, 36, 43, 49, 9]",6,5,free_flow_time,0.8773949426541678
3759,17,9,3,"[17, 62, 36, 61, 43, 49, 9]",7,6,free_flow_time,1.0249580037063386
3760,17,9,4,"[17, 62, 47, 35, 44, 49, 9]",7,6,free_flow_time,1.0517900527191475
3761,17,9,5,"[17, 62, 36, 43, 54, 44, 49, 9]",8,7,free_flow_time,1.0917856706263085
3762,17,9,6,"[17, 62, 36, 43, 54, 49, 9]",7,6,free_flow_time,1.1208827409918243
3763,17,9,7,"[17, 62, 36, 61, 55, 43, 49, 9]",8,7,free_flow_time,1.1264168520887854
3764,17,9,8,"[17, 62, 47, 35, 44, 54, 49, 9]",8,7,free_flow_time,1.212328061588977
3765,17,9,9,"[17, 62, 43, 49, 9]",5,4,free_flow_time,1.230543165333886
3766,17,10,0,"[17, 62, 49, 44, 51, 60, 33, 29, 10]",9,8,free_flow_time,1.8472643139924028
3767,17,10,1,"[17, 62, 49, 44, 60, 33, 29, 10]",8,7,free_flow_time,1.866583823310067
3768,17,10,2,"[17, 62, 49, 44, 54, 60, 33, 29, 10]",9,8,free_flow_time,1.901313109303639
3769,17,10,3,"[17, 62, 49, 54, 60, 33, 29, 10]",8,7,free_flow_time,1.9304101796691548
3770,17,10,4,"[17, 62, 49, 44, 51, 42, 39, 33, 29, 10]",10,9,free_flow_time,1.9369558886817624
3771,17,10,5,"[17, 62, 49, 44, 51, 42, 39, 29, 10]",9,8,free_flow_time,1.957565056512134
3772,17,10,6,"[17, 62, 36, 61, 55, 52, 27, 29, 10]",9,8,free_flow_time,1.9641745932071564
3773,17,10,7,"[17, 62, 49, 44, 51, 42, 39, 31, 33, 29, 10]",11,10,free_flow_time,1.9852048434382152
3774,17,10,8,"[17, 62, 47, 49, 44, 51, 60, 33, 29, 10]",10,9,free_flow_time,1.9995184646691495
3775,17,10,9,"[17, 62, 49, 54, 44, 51, 60, 33, 29, 10]",10,9,free_flow_time,2.0078023228622324
3776,17,11,0,"[17, 62, 49, 44, 51, 30, 40, 11]",8,7,free_flow_time,1.613365938760648
3777,17,11,1,"[17, 62, 49, 44, 51, 50, 40, 11]",8,7,free_flow_time,1.7103433253990845
3778,17,11,2,"[17, 62, 47, 49, 44, 51, 30, 40, 11]",9,8,free_flow_time,1.7656200894373948
3779,17,11,3,"[17, 62, 49, 54, 44, 51, 30, 40, 11]",9,8,free_flow_time,1.7739039476304777
3780,17,11,4,"[17, 62, 49, 44, 51, 50, 30, 40, 11]",9,8,free_flow_time,1.80101403311376
3781,17,11,5,"[17, 62, 47, 49, 44, 51, 50, 40, 11]",9,8,free_flow_time,1.8625974760758313
3782,17,11,6,"[17, 62, 49, 54, 44, 51, 50, 40, 11]",9,8,free_flow_time,1.8708813342689141
3783,17,11,7,"[17, 62, 49, 44, 51, 42, 30, 40, 11]",9,8,free_flow_time,1.8734214351741683
3784,17,11,8,"[17, 62, 49, 44, 50, 40, 11]",7,6,free_flow_time,1.8915848036446257
3785,17,11,9,"[17, 62, 47, 49, 54, 44, 51, 30, 40, 11]",10,9,free_flow_time,1.9261580983072244
3786,17,12,0,"[17, 62, 36, 43, 12]",5,4,free_flow_time,0.6179117372696301
3787,17,12,1,"[17, 62, 36, 61, 43, 12]",6,5,free_flow_time,0.7654747983218009
3788,17,12,2,"[17, 62, 49, 43, 12]",5,4,free_flow_time,0.7725511428937811
3789,17,12,3,"[17, 62, 36, 61, 55, 43, 12]",7,6,free_flow_time,0.8669336467042478
3790,17,12,4,"[17, 62, 47, 49, 43, 12]",6,5,free_flow_time,0.924805293570528
3791,17,12,5,"[17, 62, 43, 12]",4,3,free_flow_time,0.9710599599493485
3792,17,12,6,"[17, 62, 49, 44, 54, 43, 12]",7,6,free_flow_time,0.986941870865922
3793,17,12,7,"[17, 62, 49, 54, 43, 12]",6,5,free_flow_time,1.0160389412314377
3794,17,12,8,"[17, 62, 36, 46, 61, 43, 12]",7,6,free_flow_time,1.0456016334231464
3795,17,12,9,"[17, 62, 38, 36, 43, 12]",6,5,free_flow_time,1.1207118859575402
3796,17,13,0,"[17, 62, 36, 61, 55, 52, 32, 45, 13]",9,8,free_flow_time,1.6022087362920543
3797,17,13,1,"[17, 62, 49, 44, 54, 52, 32, 45, 13]",9,8,free_flow_time,1.7126053667119632
3798,17,13,2,"[17, 62, 49, 54, 52, 32, 45, 13]",8,7,free_flow_time,1.741702437077479
3799,17,13,3,"[17, 62, 36, 43, 55, 52, 32, 45, 13]",9,8,free_flow_time,1.801251588783629
3800,17,13,4,"[17, 62, 36, 61, 55, 52, 32, 63, 45, 13]",10,9,free_flow_time,1.8023933707123556
3801,17,13,5,"[17, 62, 36, 61, 55, 52, 32, 41, 63, 45, 13]",11,10,free_flow_time,1.810638091778221
3802,17,13,6,"[17, 62, 47, 49, 44, 54, 52, 32, 45, 13]",10,9,free_flow_time,1.86485951738871
3803,17,13,7,"[17, 62, 36, 43, 61, 55, 52, 32, 45, 13]",10,9,free_flow_time,1.8771594215693186
3804,17,13,8,"[17, 62, 36, 46, 61, 55, 52, 32, 45, 13]",10,9,free_flow_time,1.8823355713934002
3805,17,13,9,"[17, 62, 47, 49, 54, 52, 32, 45, 13]",9,8,free_flow_time,1.8939565877542257
3806,17,14,0,"[17, 62, 49, 44, 51, 60, 33, 29, 14]",9,8,free_flow_time,1.8462881283553754
3807,17,14,1,"[17, 62, 49, 44, 60, 33, 29, 14]",8,7,free_flow_time,1.8656076376730395
3808,17,14,2,"[17, 62, 49, 44, 54, 60, 33, 29, 14]",9,8,free_flow_time,1.9003369236666117
3809,17,14,3,"[17, 62, 49, 54, 60, 33, 29, 14]",8,7,free_flow_time,1.9294339940321275
3810,17,14,4,"[17, 62, 49, 44, 51, 42, 39, 33, 29, 14]",10,9,free_flow_time,1.935979703044735
3811,17,14,5,"[17, 62, 49, 44, 51, 42, 39, 29, 14]",9,8,free_flow_time,1.9565888708751067
3812,17,14,6,"[17, 62, 36, 61, 55, 52, 27, 29, 14]",9,8,free_flow_time,1.963198407570129
3813,17,14,7,"[17, 62, 49, 44, 51, 42, 39, 31, 33, 29, 14]",11,10,free_flow_time,1.9842286578011878
3814,17,14,8,"[17, 62, 47, 49, 44, 51, 60, 33, 29, 14]",10,9,free_flow_time,1.9985422790321221
3815,17,14,9,"[17, 62, 49, 54, 44, 51, 60, 33, 29, 14]",10,9,free_flow_time,2.006826137225205
3816,17,15,0,"[17, 62, 49, 44, 51, 30, 15]",7,6,free_flow_time,1.4251510308457684
3817,17,15,1,"[17, 62, 47, 49, 44, 51, 30, 15]",8,7,free_flow_time,1.5774051815225152
3818,17,15,2,"[17, 62, 49, 54, 44, 51, 30, 15]",8,7,free_flow_time,1.585689039715598
3819,17,15,3,"[17, 62, 49, 44, 51, 50, 30, 15]",8,7,free_flow_time,1.6127991251988805
3820,17,15,4,"[17, 62, 49, 44, 51, 42, 30, 15]",8,7,free_flow_time,1.6852065272592887
3821,17,15,5,"[17, 62, 47, 49, 54, 44, 51, 30, 15]",9,8,free_flow_time,1.7379431903923448
3822,17,15,6,"[17, 62, 47, 35, 44, 51, 30, 15]",8,7,free_flow_time,1.756546195513906
3823,17,15,7,"[17, 62, 47, 49, 44, 51, 50, 30, 15]",9,8,free_flow_time,1.7650532758756272
3824,17,15,8,"[17, 62, 49, 54, 44, 51, 50, 30, 15]",9,8,free_flow_time,1.77333713406871
3825,17,15,9,"[17, 62, 36, 43, 49, 44, 51, 30, 15]",9,8,free_flow_time,1.789893345642217
3826,17,16,0,"[17, 62, 49, 44, 51, 30, 40, 16]",8,7,free_flow_time,1.6133102995151085
3827,17,16,1,"[17, 62, 49, 44, 51, 50, 40, 16]",8,7,free_flow_time,1.710287686153545
3828,17,16,2,"[17, 62, 47, 49, 44, 51, 30, 40, 16]",9,8,free_flow_time,1.7655644501918553
3829,17,16,3,"[17, 62, 49, 54, 44, 51, 30, 40, 16]",9,8,free_flow_time,1.7738483083849381
3830,17,16,4,"[17, 62, 49, 44, 51, 50, 30, 40, 16]",9,8,free_flow_time,1.8009583938682205
3831,17,16,5,"[17, 62, 47, 49, 44, 51, 50, 40, 16]",9,8,free_flow_time,1.8625418368302917
3832,17,16,6,"[17, 62, 49, 54, 44, 51, 50, 40, 16]",9,8,free_flow_time,1.8708256950233746
3833,17,16,7,"[17, 62, 49, 44, 51, 42, 30, 40, 16]",9,8,free_flow_time,1.8733657959286287
3834,17,16,8,"[17, 62, 49, 44, 50, 40, 16]",7,6,free_flow_time,1.8915291643990861
3835,17,16,9,"[17, 62, 47, 49, 54, 44, 51, 30, 40, 16]",10,9,free_flow_time,1.9261024590616849
3836,17,17,0,"[17, 62, 17]",3,2,free_flow_time,0.0009698036727348062
3837,17,18,0,"[17, 62, 49, 44, 51, 18]",6,5,free_flow_time,0.8924072675475261
3838,17,18,1,"[17, 62, 47, 49, 44, 51, 18]",7,6,free_flow_time,1.0446614182242728
3839,17,18,2,"[17, 62, 49, 54, 44, 51, 18]",7,6,free_flow_time,1.0529452764173557
3840,17,18,3,"[17, 62, 47, 49, 54, 44, 51, 18]",8,7,free_flow_time,1.2051994270941024
3841,17,18,4,"[17, 62, 47, 35, 44, 51, 18]",7,6,free_flow_time,1.2238024322156635
3842,17,18,5,"[17, 62, 36, 43, 49, 44, 51, 18]",8,7,free_flow_time,1.2571495823439747
3843,17,18,6,"[17, 62, 36, 43, 54, 44, 51, 18]",8,7,free_flow_time,1.2637980501228245
3844,17,18,7,"[17, 62, 49, 44, 50, 51, 18]",7,6,free_flow_time,1.3067082696531918
3845,17,18,8,"[17, 62, 47, 35, 34, 50, 51, 18]",8,7,free_flow_time,1.4034155160265456
3846,17,18,9,"[17, 62, 36, 61, 43, 49, 44, 51, 18]",9,8,free_flow_time,1.4047126433961457
3847,17,19,0,"[17, 62, 38, 65, 19]",5,4,free_flow_time,0.8063600247069261
3848,17,19,1,"[17, 62, 36, 46, 65, 19]",6,5,free_flow_time,0.8801061396381998
3849,17,19,2,"[17, 62, 36, 61, 46, 65, 19]",7,6,free_flow_time,0.8881674911294363
3850,17,19,3,"[17, 62, 36, 46, 59, 65, 19]",7,6,free_flow_time,0.9778608961312466
3851,17,19,4,"[17, 62, 36, 61, 46, 59, 65, 19]",8,7,free_flow_time,0.985922247622483
3852,17,19,5,"[17, 62, 36, 65, 19]",5,4,free_flow_time,1.0727917862301308
3853,17,19,6,"[17, 62, 36, 38, 65, 19]",6,5,free_flow_time,1.1611467890764313
3854,17,19,7,"[17, 62, 36, 43, 61, 46, 65, 19]",8,7,free_flow_time,1.1631181764067002
3855,17,19,8,"[17, 62, 38, 59, 65, 19]",6,5,free_flow_time,1.1878017403247956
3856,17,19,9,"[17, 62, 36, 43, 61, 46, 59, 65, 19]",9,8,free_flow_time,1.2608729328997472
3857,17,20,0,"[17, 62, 49, 44, 51, 60, 33, 29, 20]",9,8,free_flow_time,1.8466965484082793
3858,17,20,1,"[17, 62, 49, 44, 60, 33, 29, 20]",8,7,free_flow_time,1.8660160577259435
3859,17,20,2,"[17, 62, 49, 44, 54, 60, 33, 29, 20]",9,8,free_flow_time,1.9007453437195156
3860,17,20,3,"[17, 62, 49, 54, 60, 33, 29, 20]",8,7,free_flow_time,1.9298424140850314
3861,17,20,4,"[17, 62, 49, 44, 51, 42, 39, 33, 29, 20]",10,9,free_flow_time,1.936388123097639
3862,17,20,5,"[17, 62, 49, 44, 51, 42, 39, 29, 20]",9,8,free_flow_time,1.9569972909280107
3863,17,20,6,"[17, 62, 36, 61, 55, 52, 27, 29, 20]",9,8,free_flow_time,1.963606827623033
3864,17,20,7,"[17, 62, 49, 44, 51, 42, 39, 31, 33, 29, 20]",11,10,free_flow_time,1.9846370778540918
3865,17,20,8,"[17, 62, 47, 49, 44, 51, 60, 33, 29, 20]",10,9,free_flow_time,1.998950699085026
3866,17,20,9,"[17, 62, 49, 54, 44, 51, 60, 33, 29, 20]",10,9,free_flow_time,2.007234557278109
3867,17,21,0,"[17, 62, 49, 44, 51, 42, 39, 21]",8,7,free_flow_time,1.3502681449082166
3868,17,21,1,"[17, 62, 49, 44, 51, 60, 31, 39, 21]",9,8,free_flow_time,1.4685078748215545
3869,17,21,2,"[17, 62, 49, 44, 51, 42, 31, 39, 21]",9,8,free_flow_time,1.4838298373749195
3870,17,21,3,"[17, 62, 49, 44, 60, 31, 39, 21]",8,7,free_flow_time,1.4878273841392187
3871,17,21,4,"[17, 62, 47, 49, 44, 51, 42, 39, 21]",9,8,free_flow_time,1.5025222955849633
3872,17,21,5,"[17, 62, 49, 54, 44, 51, 42, 39, 21]",9,8,free_flow_time,1.5108061537780462
3873,17,21,6,"[17, 62, 49, 44, 54, 60, 31, 39, 21]",9,8,free_flow_time,1.5225566701327908
3874,17,21,7,"[17, 62, 49, 54, 60, 31, 39, 21]",8,7,free_flow_time,1.5516537404983066
3875,17,21,8,"[17, 62, 49, 44, 51, 60, 42, 39, 21]",9,8,free_flow_time,1.5786709229239957
3876,17,21,9,"[17, 62, 49, 44, 60, 42, 39, 21]",8,7,free_flow_time,1.5979904322416598
3877,17,22,0,"[17, 62, 49, 44, 51, 60, 33, 22]",8,7,free_flow_time,1.4560493631279188
3878,17,22,1,"[17, 62, 49, 44, 60, 33, 22]",7,6,free_flow_time,1.475368872445583
3879,17,22,2,"[17, 62, 49, 44, 54, 60, 33, 22]",8,7,free_flow_time,1.510098158439155
3880,17,22,3,"[17, 62, 49, 54, 60, 33, 22]",7,6,free_flow_time,1.5391952288046709
3881,17,22,4,"[17, 62, 49, 44, 51, 42, 39, 33, 22]",9,8,free_flow_time,1.5457409378172784
3882,17,22,5,"[17, 62, 49, 44, 51, 42, 39, 31, 33, 22]",10,9,free_flow_time,1.5939898925737312
3883,17,22,6,"[17, 62, 47, 49, 44, 51, 60, 33, 22]",9,8,free_flow_time,1.6083035138046655
3884,17,22,7,"[17, 62, 49, 54, 44, 51, 60, 33, 22]",9,8,free_flow_time,1.6165873719977484
3885,17,22,8,"[17, 62, 49, 44, 51, 60, 31, 33, 22]",9,8,free_flow_time,1.6218325438655907
3886,17,22,9,"[17, 62, 47, 49, 44, 60, 33, 22]",8,7,free_flow_time,1.6276230231223296
3887,17,23,0,"[17, 62, 36, 43, 23]",5,4,free_flow_time,0.6170039042486958
3888,17,23,1,"[17, 62, 36, 61, 43, 23]",6,5,free_flow_time,0.7645669653008665
3889,17,23,2,"[17, 62, 49, 43, 23]",5,4,free_flow_time,0.7716433098728468
3890,17,23,3,"[17, 62, 36, 61, 55, 43, 23]",7,6,free_flow_time,0.8660258136833134
3891,17,23,4,"[17, 62, 47, 49, 43, 23]",6,5,free_flow_time,0.9238974605495937
3892,17,23,5,"[17, 62, 43, 23]",4,3,free_flow_time,0.9701521269284141
3893,17,23,6,"[17, 62, 49, 44, 54, 43, 23]",7,6,free_flow_time,0.9860340378449877
3894,17,23,7,"[17, 62, 49, 54, 43, 23]",6,5,free_flow_time,1.0151311082105035
3895,17,23,8,"[17, 62, 36, 46, 61, 43, 23]",7,6,free_flow_time,1.0446938004022122
3896,17,23,9,"[17, 62, 38, 36, 43, 23]",6,5,free_flow_time,1.119804052936606
3897,17,24,0,"[17, 62, 36, 46, 56, 24]",6,5,free_flow_time,0.9854411755040394
3898,17,24,1,"[17, 62, 36, 61, 46, 56, 24]",7,6,free_flow_time,0.9935025269952759
3899,17,24,2,"[17, 62, 36, 61, 56, 24]",6,5,free_flow_time,1.0257491777202354
3900,17,24,3,"[17, 62, 36, 61, 55, 56, 24]",7,6,free_flow_time,1.127059488957595
3901,17,24,4,"[17, 62, 36, 43, 61, 46, 56, 24]",8,7,free_flow_time,1.26845321227254
3902,17,24,5,"[17, 62, 38, 65, 59, 56, 24]",7,6,free_flow_time,1.2707606384329968
3903,17,24,6,"[17, 62, 38, 65, 46, 56, 24]",7,6,free_flow_time,1.2926748053101988
3904,17,24,7,"[17, 62, 36, 43, 61, 56, 24]",7,6,free_flow_time,1.3006998629974997
3905,17,24,8,"[17, 62, 36, 46, 61, 56, 24]",7,6,free_flow_time,1.3058760128215814
3906,17,24,9,"[17, 62, 36, 46, 59, 56, 24]",7,6,free_flow_time,1.3104765098908908
3907,17,25,0,"[17, 62, 47, 35, 25]",5,4,free_flow_time,0.5366123621228743
3908,17,25,1,"[17, 62, 49, 44, 35, 25]",6,5,free_flow_time,1.0280014184389252
3909,17,25,2,"[17, 62, 49, 47, 35, 25]",6,5,free_flow_time,1.180030791594446
3910,17,25,3,"[17, 62, 47, 49, 44, 35, 25]",7,6,free_flow_time,1.1802555691156722
3911,17,25,4,"[17, 62, 49, 54, 44, 35, 25]",7,6,free_flow_time,1.1885394273087548
3912,17,25,5,"[17, 62, 49, 35, 25]",5,4,free_flow_time,1.2918325493650649
3913,17,25,6,"[17, 62, 47, 49, 54, 44, 35, 25]",8,7,free_flow_time,1.3407935779855016
3914,17,25,7,"[17, 62, 36, 43, 49, 44, 35, 25]",8,7,free_flow_time,1.392743733235374
3915,17,25,8,"[17, 62, 36, 43, 54, 44, 35, 25]",8,7,free_flow_time,1.3993922010142237
3916,17,25,9,"[17, 62, 47, 49, 35, 25]",6,5,free_flow_time,1.4440867000418118
3917,18,1,0,"[18, 51, 30, 40, 1]",5,4,free_flow_time,0.7227623788530836
3918,18,1,1,"[18, 51, 50, 40, 1]",5,4,free_flow_time,0.81973976549152
3919,18,1,2,"[18, 51, 50, 30, 40, 1]",6,5,free_flow_time,0.9104104732061955
3920,18,1,3,"[18, 51, 42, 30, 40, 1]",6,5,free_flow_time,0.9828178752666038
3921,18,1,4,"[18, 51, 60, 42, 30, 40, 1]",7,6,free_flow_time,1.2112206532823828
3922,18,1,5,"[18, 51, 60, 31, 39, 42, 30, 40, 1]",9,8,free_flow_time,1.3155261437886367
3923,18,1,6,"[18, 51, 60, 31, 42, 30, 40, 1]",8,7,free_flow_time,1.3586907576338612
3924,18,1,7,"[18, 51, 42, 28, 40, 1]",6,5,free_flow_time,1.4550214577903764
3925,18,1,8,"[18, 51, 60, 33, 39, 42, 30, 40, 1]",9,8,free_flow_time,1.4978431946883974
3926,18,1,9,"[18, 51, 50, 34, 40, 1]",6,5,free_flow_time,1.544081292137302
3927,18,2,0,"[18, 51, 60, 52, 32, 41, 48, 2]",8,7,free_flow_time,1.4017036061508117
3928,18,2,1,"[18, 51, 60, 52, 32, 41, 64, 48, 2]",9,8,free_flow_time,1.50079012596748
3929,18,2,2,"[18, 51, 44, 54, 52, 32, 41, 48, 2]",9,8,free_flow_time,1.5913861972452499
3930,18,2,3,"[18, 51, 60, 52, 32, 63, 41, 48, 2]",9,8,free_flow_time,1.622307885304121
3931,18,2,4,"[18, 51, 44, 54, 52, 32, 41, 64, 48, 2]",10,9,free_flow_time,1.6904727170619183
3932,18,2,5,"[18, 51, 44, 49, 43, 55, 26, 48, 2]",9,8,free_flow_time,1.694848093843598
3933,18,2,6,"[18, 51, 44, 54, 43, 55, 26, 48, 2]",9,8,free_flow_time,1.701496561622448
3934,18,2,7,"[18, 51, 60, 52, 32, 63, 41, 64, 48, 2]",10,9,free_flow_time,1.7213944051207895
3935,18,2,8,"[18, 51, 44, 49, 43, 36, 61, 55, 26, 48, 2]",11,10,free_flow_time,1.754448413467778
3936,18,2,9,"[18, 51, 44, 54, 43, 36, 61, 55, 26, 48, 2]",11,10,free_flow_time,1.7610968812466277
3937,18,3,0,"[18, 51, 30, 3]",4,3,free_flow_time,0.5343992256305408
3938,18,3,1,"[18, 51, 50, 30, 3]",5,4,free_flow_time,0.7220473199836527
3939,18,3,2,"[18, 51, 42, 30, 3]",5,4,free_flow_time,0.794454722044061
3940,18,3,3,"[18, 51, 50, 40, 30, 3]",6,5,free_flow_time,1.0070567537940573
3941,18,3,4,"[18, 51, 60, 42, 30, 3]",6,5,free_flow_time,1.02285750005984
3942,18,3,5,"[18, 51, 60, 31, 39, 42, 30, 3]",8,7,free_flow_time,1.127162990566094
3943,18,3,6,"[18, 51, 60, 31, 42, 30, 3]",7,6,free_flow_time,1.1703276044113184
3944,18,3,7,"[18, 51, 60, 33, 39, 42, 30, 3]",8,7,free_flow_time,1.3094800414658547
3945,18,3,8,"[18, 51, 60, 33, 31, 39, 42, 30, 3]",9,8,free_flow_time,1.3577289962223074
3946,18,3,9,"[18, 51, 60, 33, 31, 42, 30, 3]",8,7,free_flow_time,1.400893610067532
3947,18,4,0,"[18, 51, 60, 52, 32, 41, 64, 57, 4]",9,8,free_flow_time,1.483062460655263
3948,18,4,1,"[18, 51, 60, 52, 32, 41, 53, 57, 4]",9,8,free_flow_time,1.61779995296193
3949,18,4,2,"[18, 51, 44, 54, 52, 32, 41, 64, 57, 4]",10,9,free_flow_time,1.6727450517497011
3950,18,4,3,"[18, 51, 60, 52, 32, 41, 48, 57, 4]",9,8,free_flow_time,1.6914211035937146
3951,18,4,4,"[18, 51, 60, 52, 32, 63, 41, 64, 57, 4]",10,9,free_flow_time,1.7036667398085723
3952,18,4,5,"[18, 51, 60, 52, 32, 41, 48, 64, 57, 4]",10,9,free_flow_time,1.7636795301858266
3953,18,4,6,"[18, 51, 60, 52, 32, 41, 64, 48, 57, 4]",10,9,free_flow_time,1.7905076234103827
3954,18,4,7,"[18, 51, 44, 54, 52, 32, 41, 53, 57, 4]",10,9,free_flow_time,1.8074825440563682
3955,18,4,8,"[18, 51, 60, 52, 32, 41, 53, 64, 57, 4]",10,9,free_flow_time,1.80976028244148
3956,18,4,9,"[18, 51, 60, 52, 32, 63, 41, 53, 57, 4]",10,9,free_flow_time,1.8384042321152392
3957,18,5,0,"[18, 51, 60, 52, 5]",5,4,free_flow_time,0.5860306473930456
3958,18,5,1,"[18, 51, 44, 54, 52, 5]",6,5,free_flow_time,0.7757132384874837
3959,18,5,2,"[18, 51, 44, 49, 54, 52, 5]",7,6,free_flow_time,1.0125525690462904
3960,18,5,3,"[18, 51, 42, 60, 52, 5]",6,5,free_flow_time,1.023418085821592
3961,18,5,4,"[18, 51, 42, 39, 31, 60, 52, 5]",8,7,free_flow_time,1.127723576327846
3962,18,5,5,"[18, 51, 44, 60, 52, 5]",6,5,free_flow_time,1.1575736945530757
3963,18,5,6,"[18, 51, 42, 31, 60, 52, 5]",7,6,free_flow_time,1.1708881901730703
3964,18,5,7,"[18, 51, 50, 44, 54, 52, 5]",7,6,free_flow_time,1.1900142405931493
3965,18,5,8,"[18, 51, 60, 54, 52, 5]",6,5,free_flow_time,1.1914254008071354
3966,18,5,9,"[18, 51, 44, 54, 60, 52, 5]",7,6,free_flow_time,1.1923029805466476
3967,18,6,0,"[18, 51, 44, 49, 43, 36, 46, 65, 6]",9,8,free_flow_time,1.1624450228587433
3968,18,6,1,"[18, 51, 44, 54, 43, 36, 46, 65, 6]",9,8,free_flow_time,1.169093490637593
3969,18,6,2,"[18, 51, 44, 49, 43, 36, 61, 46, 65, 6]",10,9,free_flow_time,1.1705063743499797
3970,18,6,3,"[18, 51, 44, 54, 43, 36, 61, 46, 65, 6]",10,9,free_flow_time,1.1771548421288294
3971,18,6,4,"[18, 51, 44, 49, 43, 61, 46, 65, 6]",9,8,free_flow_time,1.1868138875114893
3972,18,6,5,"[18, 51, 44, 54, 43, 61, 46, 65, 6]",9,8,free_flow_time,1.193462355290339
3973,18,6,6,"[18, 51, 44, 49, 43, 36, 46, 59, 65, 6]",10,9,free_flow_time,1.26019977935179
3974,18,6,7,"[18, 51, 44, 54, 43, 36, 46, 59, 65, 6]",10,9,free_flow_time,1.2668482471306397
3975,18,6,8,"[18, 51, 44, 49, 43, 36, 61, 46, 59, 65, 6]",11,10,free_flow_time,1.2682611308430267
3976,18,6,9,"[18, 51, 44, 54, 43, 36, 61, 46, 59, 65, 6]",11,10,free_flow_time,1.2749095986218764
3977,18,7,0,"[18, 51, 7]",3,2,free_flow_time,0.0011263124678380053
3978,18,8,0,"[18, 51, 60, 33, 29, 8]",6,5,free_flow_time,0.954941790714888
3979,18,8,1,"[18, 51, 42, 39, 33, 29, 8]",7,6,free_flow_time,1.0446333654042474
3980,18,8,2,"[18, 51, 42, 39, 29, 8]",6,5,free_flow_time,1.0652425332346191
3981,18,8,3,"[18, 51, 42, 39, 31, 33, 29, 8]",8,7,free_flow_time,1.0928823201607005
3982,18,8,4,"[18, 51, 60, 31, 33, 29, 8]",7,6,free_flow_time,1.1207249714525602
3983,18,8,5,"[18, 51, 42, 31, 33, 29, 8]",7,6,free_flow_time,1.136046934005925
3984,18,8,6,"[18, 51, 60, 31, 39, 33, 29, 8]",8,7,free_flow_time,1.1628730953175856
3985,18,8,7,"[18, 51, 42, 29, 8]",5,4,free_flow_time,1.16894950507489
3986,18,8,8,"[18, 51, 42, 31, 39, 33, 29, 8]",8,7,free_flow_time,1.1781950578709504
3987,18,8,9,"[18, 51, 60, 31, 39, 29, 8]",7,6,free_flow_time,1.1834822631479573
3988,18,9,0,"[18, 51, 44, 49, 9]",5,4,free_flow_time,0.38148327779515245
3989,18,9,1,"[18, 51, 44, 54, 49, 9]",6,5,free_flow_time,0.542021286664982
3990,18,9,2,"[18, 51, 50, 44, 49, 9]",6,5,free_flow_time,0.7957842799008181
3991,18,9,3,"[18, 51, 60, 44, 49, 9]",6,5,free_flow_time,0.8939070926255458
3992,18,9,4,"[18, 51, 44, 54, 43, 49, 9]",7,6,free_flow_time,0.9075134659946019
3993,18,9,5,"[18, 51, 60, 54, 44, 49, 9]",7,6,free_flow_time,0.928636378619118
3994,18,9,6,"[18, 51, 50, 44, 54, 49, 9]",7,6,free_flow_time,0.9563222887706476
3995,18,9,7,"[18, 51, 60, 54, 49, 9]",6,5,free_flow_time,0.9577334489846338
3996,18,9,8,"[18, 51, 50, 34, 44, 49, 9]",7,6,free_flow_time,0.9641048066817272
3997,18,9,9,"[18, 51, 60, 44, 54, 49, 9]",7,6,free_flow_time,1.0544451014953753
3998,18,10,0,"[18, 51, 60, 33, 29, 10]",6,5,free_flow_time,0.9561291658941792
3999,18,10,1,"[18, 51, 42, 39, 33, 29, 10]",7,6,free_flow_time,1.0458207405835387
4000,18,10,2,"[18, 51, 42, 39, 29, 10]",6,5,free_flow_time,1.0664299084139104
4001,18,10,3,"[18, 51, 42, 39, 31, 33, 29, 10]",8,7,free_flow_time,1.0940696953399918
4002,18,10,4,"[18, 51, 60, 31, 33, 29, 10]",7,6,free_flow_time,1.1219123466318515
4003,18,10,5,"[18, 51, 42, 31, 33, 29, 10]",7,6,free_flow_time,1.1372343091852162
4004,18,10,6,"[18, 51, 60, 31, 39, 33, 29, 10]",8,7,free_flow_time,1.1640604704968769
4005,18,10,7,"[18, 51, 42, 29, 10]",5,4,free_flow_time,1.1701368802541812
4006,18,10,8,"[18, 51, 42, 31, 39, 33, 29, 10]",8,7,free_flow_time,1.1793824330502416
4007,18,10,9,"[18, 51, 60, 31, 39, 29, 10]",7,6,free_flow_time,1.1846696383272486
4008,18,11,0,"[18, 51, 30, 40, 11]",5,4,free_flow_time,0.7222307906624246
4009,18,11,1,"[18, 51, 50, 40, 11]",5,4,free_flow_time,0.8192081773008609
4010,18,11,2,"[18, 51, 50, 30, 40, 11]",6,5,free_flow_time,0.9098788850155365
4011,18,11,3,"[18, 51, 42, 30, 40, 11]",6,5,free_flow_time,0.9822862870759448
4012,18,11,4,"[18, 51, 60, 42, 30, 40, 11]",7,6,free_flow_time,1.210689065091724
4013,18,11,5,"[18, 51, 60, 31, 39, 42, 30, 40, 11]",9,8,free_flow_time,1.3149945555979778
4014,18,11,6,"[18, 51, 60, 31, 42, 30, 40, 11]",8,7,free_flow_time,1.3581591694432023
4015,18,11,7,"[18, 51, 42, 28, 40, 11]",6,5,free_flow_time,1.4544898695997175
4016,18,11,8,"[18, 51, 60, 33, 39, 42, 30, 40, 11]",9,8,free_flow_time,1.4973116064977385
4017,18,11,9,"[18, 51, 50, 34, 40, 11]",6,5,free_flow_time,1.543549703946643
4018,18,12,0,"[18, 51, 44, 49, 43, 12]",6,5,free_flow_time,0.6413817928312144
4019,18,12,1,"[18, 51, 44, 54, 43, 12]",6,5,free_flow_time,0.6480302606100642
4020,18,12,2,"[18, 51, 44, 54, 49, 43, 12]",7,6,free_flow_time,0.8019198017010439
4021,18,12,3,"[18, 51, 44, 49, 54, 43, 12]",7,6,free_flow_time,0.884869591168871
4022,18,12,4,"[18, 51, 50, 44, 49, 43, 12]",7,6,free_flow_time,1.0556827949368799
4023,18,12,5,"[18, 51, 50, 44, 54, 43, 12]",7,6,free_flow_time,1.0623312627157298
4024,18,12,6,"[18, 51, 60, 54, 43, 12]",6,5,free_flow_time,1.0637424229297159
4025,18,12,7,"[18, 51, 60, 44, 49, 43, 12]",7,6,free_flow_time,1.1538056076616077
4026,18,12,8,"[18, 51, 60, 44, 54, 43, 12]",7,6,free_flow_time,1.1604540754404575
4027,18,12,9,"[18, 51, 60, 52, 55, 43, 12]",7,6,free_flow_time,1.1729752823848754
4028,18,13,0,"[18, 51, 60, 52, 32, 45, 13]",7,6,free_flow_time,1.1840111653616672
4029,18,13,1,"[18, 51, 60, 33, 27, 45, 13]",7,6,free_flow_time,1.3715523503107798
4030,18,13,2,"[18, 51, 44, 54, 52, 32, 45, 13]",8,7,free_flow_time,1.3736937564561054
4031,18,13,3,"[18, 51, 60, 52, 32, 63, 45, 13]",8,7,free_flow_time,1.3841957997819685
4032,18,13,4,"[18, 51, 60, 52, 32, 41, 63, 45, 13]",9,8,free_flow_time,1.3924405208478339
4033,18,13,5,"[18, 51, 42, 39, 33, 27, 45, 13]",8,7,free_flow_time,1.4612439250001392
4034,18,13,6,"[18, 51, 42, 39, 31, 33, 27, 45, 13]",9,8,free_flow_time,1.5094928797565923
4035,18,13,7,"[18, 51, 60, 52, 27, 45, 13]",7,6,free_flow_time,1.5364344529270122
4036,18,13,8,"[18, 51, 60, 31, 33, 27, 45, 13]",8,7,free_flow_time,1.537335531048452
4037,18,13,9,"[18, 51, 42, 31, 33, 27, 45, 13]",8,7,free_flow_time,1.5526574936018167
4038,18,14,0,"[18, 51, 60, 33, 29, 14]",6,5,free_flow_time,0.955152980257152
4039,18,14,1,"[18, 51, 42, 39, 33, 29, 14]",7,6,free_flow_time,1.0448445549465113
4040,18,14,2,"[18, 51, 42, 39, 29, 14]",6,5,free_flow_time,1.065453722776883
4041,18,14,3,"[18, 51, 42, 39, 31, 33, 29, 14]",8,7,free_flow_time,1.0930935097029644
4042,18,14,4,"[18, 51, 60, 31, 33, 29, 14]",7,6,free_flow_time,1.120936160994824
4043,18,14,5,"[18, 51, 42, 31, 33, 29, 14]",7,6,free_flow_time,1.1362581235481888
4044,18,14,6,"[18, 51, 60, 31, 39, 33, 29, 14]",8,7,free_flow_time,1.1630842848598495
4045,18,14,7,"[18, 51, 42, 29, 14]",5,4,free_flow_time,1.1691606946171538
4046,18,14,8,"[18, 51, 42, 31, 39, 33, 29, 14]",8,7,free_flow_time,1.1784062474132142
4047,18,14,9,"[18, 51, 60, 31, 39, 29, 14]",7,6,free_flow_time,1.1836934526902212
4048,18,15,0,"[18, 51, 30, 15]",4,3,free_flow_time,0.5340158827475449
4049,18,15,1,"[18, 51, 50, 30, 15]",5,4,free_flow_time,0.7216639771006568
4050,18,15,2,"[18, 51, 42, 30, 15]",5,4,free_flow_time,0.7940713791610651
4051,18,15,3,"[18, 51, 50, 40, 30, 15]",6,5,free_flow_time,1.0066734109110616
4052,18,15,4,"[18, 51, 60, 42, 30, 15]",6,5,free_flow_time,1.0224741571768443
4053,18,15,5,"[18, 51, 60, 31, 39, 42, 30, 15]",8,7,free_flow_time,1.1267796476830982
4054,18,15,6,"[18, 51, 60, 31, 42, 30, 15]",7,6,free_flow_time,1.1699442615283226
4055,18,15,7,"[18, 51, 60, 33, 39, 42, 30, 15]",8,7,free_flow_time,1.309096698582859
4056,18,15,8,"[18, 51, 60, 33, 31, 39, 42, 30, 15]",9,8,free_flow_time,1.3573456533393116
4057,18,15,9,"[18, 51, 60, 33, 31, 42, 30, 15]",8,7,free_flow_time,1.4005102671845362
4058,18,16,0,"[18, 51, 30, 40, 16]",5,4,free_flow_time,0.722175151416885
4059,18,16,1,"[18, 51, 50, 40, 16]",5,4,free_flow_time,0.8191525380553214
4060,18,16,2,"[18, 51, 50, 30, 40, 16]",6,5,free_flow_time,0.909823245769997
4061,18,16,3,"[18, 51, 42, 30, 40, 16]",6,5,free_flow_time,0.9822306478304053
4062,18,16,4,"[18, 51, 60, 42, 30, 40, 16]",7,6,free_flow_time,1.2106334258461844
4063,18,16,5,"[18, 51, 60, 31, 39, 42, 30, 40, 16]",9,8,free_flow_time,1.3149389163524383
4064,18,16,6,"[18, 51, 60, 31, 42, 30, 40, 16]",8,7,free_flow_time,1.3581035301976627
4065,18,16,7,"[18, 51, 42, 28, 40, 16]",6,5,free_flow_time,1.454434230354178
4066,18,16,8,"[18, 51, 60, 33, 39, 42, 30, 40, 16]",9,8,free_flow_time,1.497255967252199
4067,18,16,9,"[18, 51, 50, 34, 40, 16]",6,5,free_flow_time,1.5434940647011035
4068,18,17,0,"[18, 51, 44, 49, 62, 17]",6,5,free_flow_time,0.892407267547526
4069,18,17,1,"[18, 51, 44, 49, 47, 62, 17]",7,6,free_flow_time,1.0446614182242728
4070,18,17,2,"[18, 51, 44, 54, 49, 62, 17]",7,6,free_flow_time,1.0529452764173555
4071,18,17,3,"[18, 51, 44, 54, 49, 47, 62, 17]",8,7,free_flow_time,1.2051994270941024
4072,18,17,4,"[18, 51, 44, 35, 47, 62, 17]",7,6,free_flow_time,1.2238024322156635
4073,18,17,5,"[18, 51, 44, 49, 43, 36, 62, 17]",8,7,free_flow_time,1.257149582343975
4074,18,17,6,"[18, 51, 44, 54, 43, 36, 62, 17]",8,7,free_flow_time,1.2637980501228245
4075,18,17,7,"[18, 51, 50, 44, 49, 62, 17]",7,6,free_flow_time,1.3067082696531918
4076,18,17,8,"[18, 51, 50, 34, 35, 47, 62, 17]",8,7,free_flow_time,1.4034155160265456
4077,18,17,9,"[18, 51, 44, 49, 43, 61, 36, 62, 17]",9,8,free_flow_time,1.4047126433961457
4078,18,18,0,"[18, 51, 18]",3,2,free_flow_time,0.0012721194493025203
4079,18,19,0,"[18, 51, 44, 49, 43, 36, 46, 65, 19]",9,8,free_flow_time,1.1622193673155385
4080,18,19,1,"[18, 51, 44, 54, 43, 36, 46, 65, 19]",9,8,free_flow_time,1.1688678350943882
4081,18,19,2,"[18, 51, 44, 49, 43, 36, 61, 46, 65, 19]",10,9,free_flow_time,1.170280718806775
4082,18,19,3,"[18, 51, 44, 54, 43, 36, 61, 46, 65, 19]",10,9,free_flow_time,1.1769291865856246
4083,18,19,4,"[18, 51, 44, 49, 43, 61, 46, 65, 19]",9,8,free_flow_time,1.1865882319682846
4084,18,19,5,"[18, 51, 44, 54, 43, 61, 46, 65, 19]",9,8,free_flow_time,1.1932366997471342
4085,18,19,6,"[18, 51, 44, 49, 43, 36, 46, 59, 65, 19]",10,9,free_flow_time,1.2599741238085853
4086,18,19,7,"[18, 51, 44, 54, 43, 36, 46, 59, 65, 19]",10,9,free_flow_time,1.266622591587435
4087,18,19,8,"[18, 51, 44, 49, 43, 36, 61, 46, 59, 65, 19]",11,10,free_flow_time,1.268035475299822
4088,18,19,9,"[18, 51, 44, 54, 43, 36, 61, 46, 59, 65, 19]",11,10,free_flow_time,1.2746839430786716
4089,18,20,0,"[18, 51, 60, 33, 29, 20]",6,5,free_flow_time,0.9555614003100559
4090,18,20,1,"[18, 51, 42, 39, 33, 29, 20]",7,6,free_flow_time,1.0452529749994153
4091,18,20,2,"[18, 51, 42, 39, 29, 20]",6,5,free_flow_time,1.065862142829787
4092,18,20,3,"[18, 51, 42, 39, 31, 33, 29, 20]",8,7,free_flow_time,1.0935019297558684
4093,18,20,4,"[18, 51, 60, 31, 33, 29, 20]",7,6,free_flow_time,1.121344581047728
4094,18,20,5,"[18, 51, 42, 31, 33, 29, 20]",7,6,free_flow_time,1.1366665436010928
4095,18,20,6,"[18, 51, 60, 31, 39, 33, 29, 20]",8,7,free_flow_time,1.1634927049127535
4096,18,20,7,"[18, 51, 42, 29, 20]",5,4,free_flow_time,1.1695691146700578
4097,18,20,8,"[18, 51, 42, 31, 39, 33, 29, 20]",8,7,free_flow_time,1.1788146674661182
4098,18,20,9,"[18, 51, 60, 31, 39, 29, 20]",7,6,free_flow_time,1.1841018727431252
4099,18,21,0,"[18, 51, 42, 39, 21]",5,4,free_flow_time,0.4591329968099929
4100,18,21,1,"[18, 51, 60, 31, 39, 21]",6,5,free_flow_time,0.577372726723331
4101,18,21,2,"[18, 51, 42, 31, 39, 21]",6,5,free_flow_time,0.5926946892766957
4102,18,21,3,"[18, 51, 60, 42, 39, 21]",6,5,free_flow_time,0.6875357748257721
4103,18,21,4,"[18, 51, 60, 33, 39, 21]",6,5,free_flow_time,0.7596897776230915
4104,18,21,5,"[18, 51, 60, 33, 31, 39, 21]",7,6,free_flow_time,0.8079387323795444
4105,18,21,6,"[18, 51, 60, 42, 31, 39, 21]",7,6,free_flow_time,0.8210974672924749
4106,18,21,7,"[18, 51, 60, 31, 42, 39, 21]",7,6,free_flow_time,0.8350058791772504
4107,18,21,8,"[18, 51, 60, 31, 33, 39, 21]",7,6,free_flow_time,0.9254729583607636
4108,18,21,9,"[18, 51, 42, 31, 33, 39, 21]",7,6,free_flow_time,0.9407949209141283
4109,18,22,0,"[18, 51, 60, 33, 22]",5,4,free_flow_time,0.5649142150296952
4110,18,22,1,"[18, 51, 42, 39, 33, 22]",6,5,free_flow_time,0.6546057897190546
4111,18,22,2,"[18, 51, 42, 39, 31, 33, 22]",7,6,free_flow_time,0.7028547444755076
4112,18,22,3,"[18, 51, 60, 31, 33, 22]",6,5,free_flow_time,0.7306973957673673
4113,18,22,4,"[18, 51, 42, 31, 33, 22]",6,5,free_flow_time,0.746019358320732
4114,18,22,5,"[18, 51, 60, 31, 39, 33, 22]",7,6,free_flow_time,0.7728455196323927
4115,18,22,6,"[18, 51, 42, 31, 39, 33, 22]",7,6,free_flow_time,0.7881674821857574
4116,18,22,7,"[18, 51, 60, 42, 39, 33, 22]",7,6,free_flow_time,0.8830085677348338
4117,18,22,8,"[18, 51, 60, 42, 39, 31, 33, 22]",8,7,free_flow_time,0.9312575224912867
4118,18,22,9,"[18, 51, 60, 42, 31, 33, 22]",7,6,free_flow_time,0.9744221363365112
4119,18,23,0,"[18, 51, 44, 49, 43, 23]",6,5,free_flow_time,0.6404739598102801
4120,18,23,1,"[18, 51, 44, 54, 43, 23]",6,5,free_flow_time,0.6471224275891299
4121,18,23,2,"[18, 51, 44, 54, 49, 43, 23]",7,6,free_flow_time,0.8010119686801096
4122,18,23,3,"[18, 51, 44, 49, 54, 43, 23]",7,6,free_flow_time,0.8839617581479366
4123,18,23,4,"[18, 51, 50, 44, 49, 43, 23]",7,6,free_flow_time,1.0547749619159457
4124,18,23,5,"[18, 51, 50, 44, 54, 43, 23]",7,6,free_flow_time,1.0614234296947955
4125,18,23,6,"[18, 51, 60, 54, 43, 23]",6,5,free_flow_time,1.0628345899087817
4126,18,23,7,"[18, 51, 60, 44, 49, 43, 23]",7,6,free_flow_time,1.1528977746406734
4127,18,23,8,"[18, 51, 60, 44, 54, 43, 23]",7,6,free_flow_time,1.1595462424195233
4128,18,23,9,"[18, 51, 60, 52, 55, 43, 23]",7,6,free_flow_time,1.1720674493639411
4129,18,24,0,"[18, 51, 44, 49, 43, 36, 46, 56, 24]",9,8,free_flow_time,1.2675544031813784
4130,18,24,1,"[18, 51, 44, 54, 43, 36, 46, 56, 24]",9,8,free_flow_time,1.2742028709602282
4131,18,24,2,"[18, 51, 44, 49, 43, 36, 61, 46, 56, 24]",10,9,free_flow_time,1.2756157546726148
4132,18,24,3,"[18, 51, 44, 54, 43, 36, 61, 46, 56, 24]",10,9,free_flow_time,1.2822642224514647
4133,18,24,4,"[18, 51, 44, 49, 43, 61, 46, 56, 24]",9,8,free_flow_time,1.2919232678341244
4134,18,24,5,"[18, 51, 44, 54, 43, 61, 46, 56, 24]",9,8,free_flow_time,1.298571735612974
4135,18,24,6,"[18, 51, 44, 49, 43, 36, 61, 56, 24]",9,8,free_flow_time,1.3078624053975745
4136,18,24,7,"[18, 51, 44, 54, 43, 36, 61, 56, 24]",9,8,free_flow_time,1.3145108731764241
4137,18,24,8,"[18, 51, 44, 49, 43, 61, 56, 24]",8,7,free_flow_time,1.324169918559084
4138,18,24,9,"[18, 51, 44, 54, 43, 61, 56, 24]",8,7,free_flow_time,1.3308183863379337
4139,18,25,0,"[18, 51, 44, 35, 25]",5,4,free_flow_time,0.6890898081830676
4140,18,25,1,"[18, 51, 50, 34, 35, 25]",6,5,free_flow_time,0.8687028919939498
4141,18,25,2,"[18, 51, 44, 49, 47, 35, 25]",7,6,free_flow_time,1.048861441531879
4142,18,25,3,"[18, 51, 50, 44, 35, 25]",6,5,free_flow_time,1.1033908102887333
4143,18,25,4,"[18, 51, 44, 34, 35, 25]",6,5,free_flow_time,1.1219962006616742
4144,18,25,5,"[18, 51, 44, 49, 35, 25]",6,5,free_flow_time,1.1606631993024983
4145,18,25,6,"[18, 51, 60, 44, 35, 25]",6,5,free_flow_time,1.2015136230134609
4146,18,25,7,"[18, 51, 44, 54, 49, 47, 35, 25]",8,7,free_flow_time,1.2093994504017087
4147,18,25,8,"[18, 51, 60, 54, 44, 35, 25]",7,6,free_flow_time,1.236242909007033
4148,18,25,9,"[18, 51, 50, 34, 44, 35, 25]",7,6,free_flow_time,1.2717113370696422
4149,19,1,0,"[19, 65, 46, 36, 43, 49, 44, 51, 30, 40, 1]",11,10,free_flow_time,1.8837096267193194
4150,19,1,1,"[19, 65, 46, 36, 43, 54, 44, 51, 30, 40, 1]",11,10,free_flow_time,1.8903580944981693
4151,19,1,2,"[19, 65, 46, 61, 36, 43, 49, 44, 51, 30, 40, 1]",12,11,free_flow_time,1.891770978210556
4152,19,1,3,"[19, 65, 46, 61, 36, 43, 54, 44, 51, 30, 40, 1]",12,11,free_flow_time,1.8984194459894057
4153,19,1,4,"[19, 65, 46, 61, 43, 49, 44, 51, 30, 40, 1]",11,10,free_flow_time,1.9080784913720656
4154,19,1,5,"[19, 65, 46, 61, 43, 54, 44, 51, 30, 40, 1]",11,10,free_flow_time,1.9147269591509153
4155,19,1,6,"[19, 65, 46, 36, 43, 49, 44, 51, 50, 40, 1]",11,10,free_flow_time,1.9806870133577559
4156,19,1,7,"[19, 65, 59, 46, 36, 43, 49, 44, 51, 30, 40, 1]",12,11,free_flow_time,1.9814643832123664
4157,19,1,8,"[19, 65, 46, 36, 43, 54, 44, 51, 50, 40, 1]",11,10,free_flow_time,1.9873354811366057
4158,19,1,9,"[19, 65, 59, 46, 36, 43, 54, 44, 51, 30, 40, 1]",12,11,free_flow_time,1.9881128509912163
4159,19,2,0,"[19, 65, 59, 56, 26, 48, 2]",7,6,free_flow_time,1.0771853363149286
4160,19,2,1,"[19, 65, 46, 56, 26, 48, 2]",7,6,free_flow_time,1.0990995031921307
4161,19,2,2,"[19, 65, 59, 46, 56, 26, 48, 2]",8,7,free_flow_time,1.1968542596851774
4162,19,2,3,"[19, 65, 46, 61, 55, 26, 48, 2]",8,7,free_flow_time,1.254210774362578
4163,19,2,4,"[19, 65, 59, 46, 61, 55, 26, 48, 2]",9,8,free_flow_time,1.3519655308556249
4164,19,2,5,"[19, 65, 46, 36, 61, 55, 26, 48, 2]",9,8,free_flow_time,1.3774049707620029
4165,19,2,6,"[19, 65, 59, 57, 48, 2]",6,5,free_flow_time,1.393342566442172
4166,19,2,7,"[19, 65, 59, 56, 57, 48, 2]",7,6,free_flow_time,1.3954806904756731
4167,19,2,8,"[19, 65, 46, 56, 57, 48, 2]",7,6,free_flow_time,1.4173948573528752
4168,19,2,9,"[19, 65, 46, 61, 56, 26, 48, 2]",8,7,free_flow_time,1.4195343405096723
4169,19,3,0,"[19, 65, 46, 36, 43, 49, 44, 51, 30, 3]",10,9,free_flow_time,1.6953464734967767
4170,19,3,1,"[19, 65, 46, 36, 43, 54, 44, 51, 30, 3]",10,9,free_flow_time,1.7019949412756266
4171,19,3,2,"[19, 65, 46, 61, 36, 43, 49, 44, 51, 30, 3]",11,10,free_flow_time,1.7034078249880134
4172,19,3,3,"[19, 65, 46, 61, 36, 43, 54, 44, 51, 30, 3]",11,10,free_flow_time,1.710056292766863
4173,19,3,4,"[19, 65, 46, 61, 43, 49, 44, 51, 30, 3]",10,9,free_flow_time,1.719715338149523
4174,19,3,5,"[19, 65, 46, 61, 43, 54, 44, 51, 30, 3]",10,9,free_flow_time,1.7263638059283726
4175,19,3,6,"[19, 65, 59, 46, 36, 43, 49, 44, 51, 30, 3]",11,10,free_flow_time,1.7931012299898237
4176,19,3,7,"[19, 65, 59, 46, 36, 43, 54, 44, 51, 30, 3]",11,10,free_flow_time,1.7997496977686736
4177,19,3,8,"[19, 65, 59, 46, 61, 36, 43, 49, 44, 51, 30, 3]",12,11,free_flow_time,1.8011625814810601
4178,19,3,9,"[19, 65, 59, 46, 61, 36, 43, 54, 44, 51, 30, 3]",12,11,free_flow_time,1.80781104925991
4179,19,4,0,"[19, 65, 59, 57, 4]",5,4,free_flow_time,1.1049166288009897
4180,19,4,1,"[19, 65, 59, 56, 57, 4]",6,5,free_flow_time,1.107054752834491
4181,19,4,2,"[19, 65, 46, 56, 57, 4]",6,5,free_flow_time,1.128968919711693
4182,19,4,3,"[19, 65, 59, 46, 56, 57, 4]",7,6,free_flow_time,1.2267236762047398
4183,19,4,4,"[19, 65, 59, 56, 26, 48, 57, 4]",8,7,free_flow_time,1.3669028337578313
4184,19,4,5,"[19, 65, 46, 56, 26, 48, 57, 4]",8,7,free_flow_time,1.3888170006350333
4185,19,4,6,"[19, 65, 59, 56, 26, 48, 64, 57, 4]",9,8,free_flow_time,1.4391612603499435
4186,19,4,7,"[19, 65, 46, 61, 56, 57, 4]",7,6,free_flow_time,1.4494037570292346
4187,19,4,8,"[19, 65, 46, 59, 57, 4]",6,5,free_flow_time,1.451866130065043
4188,19,4,9,"[19, 65, 46, 59, 56, 57, 4]",7,6,free_flow_time,1.4540042540985443
4189,19,5,0,"[19, 65, 46, 61, 55, 52, 5]",7,6,free_flow_time,0.7861038068955718
4190,19,5,1,"[19, 65, 59, 46, 61, 55, 52, 5]",8,7,free_flow_time,0.8838585633886186
4191,19,5,2,"[19, 65, 46, 36, 61, 55, 52, 5]",8,7,free_flow_time,0.9092980032949965
4192,19,5,3,"[19, 65, 59, 46, 36, 61, 55, 52, 5]",9,8,free_flow_time,1.0070527597880434
4193,19,5,4,"[19, 65, 36, 61, 55, 52, 5]",7,6,free_flow_time,1.101983649886928
4194,19,5,5,"[19, 65, 46, 36, 43, 55, 52, 5]",8,7,free_flow_time,1.1083408557865713
4195,19,5,6,"[19, 65, 46, 61, 36, 43, 55, 52, 5]",9,8,free_flow_time,1.1164022072778077
4196,19,5,7,"[19, 65, 46, 61, 43, 55, 52, 5]",8,7,free_flow_time,1.1327097204393173
4197,19,5,8,"[19, 65, 46, 36, 43, 61, 55, 52, 5]",9,8,free_flow_time,1.1842486885722607
4198,19,5,9,"[19, 65, 38, 36, 61, 55, 52, 5]",8,7,free_flow_time,1.1903386527332283
4199,19,6,0,"[19, 65, 6]",3,2,free_flow_time,0.0011008039147650144
4200,19,7,0,"[19, 65, 46, 36, 43, 49, 44, 51, 7]",9,8,free_flow_time,1.162073560334074
4201,19,7,1,"[19, 65, 46, 36, 43, 54, 44, 51, 7]",9,8,free_flow_time,1.1687220281129238
4202,19,7,2,"[19, 65, 46, 61, 36, 43, 49, 44, 51, 7]",10,9,free_flow_time,1.1701349118253106
4203,19,7,3,"[19, 65, 46, 61, 36, 43, 54, 44, 51, 7]",10,9,free_flow_time,1.1767833796041602
4204,19,7,4,"[19, 65, 46, 61, 43, 49, 44, 51, 7]",9,8,free_flow_time,1.1864424249868202
4205,19,7,5,"[19, 65, 46, 61, 43, 54, 44, 51, 7]",9,8,free_flow_time,1.1930908927656698
4206,19,7,6,"[19, 65, 59, 46, 36, 43, 49, 44, 51, 7]",10,9,free_flow_time,1.259828316827121
4207,19,7,7,"[19, 65, 59, 46, 36, 43, 54, 44, 51, 7]",10,9,free_flow_time,1.2664767846059708
4208,19,7,8,"[19, 65, 59, 46, 61, 36, 43, 49, 44, 51, 7]",11,10,free_flow_time,1.2678896683183574
4209,19,7,9,"[19, 65, 59, 46, 61, 36, 43, 54, 44, 51, 7]",11,10,free_flow_time,1.2745381360972072
4210,19,8,0,"[19, 65, 46, 61, 55, 52, 27, 29, 8]",9,8,free_flow_time,1.744862806600004
4211,19,8,1,"[19, 65, 46, 61, 55, 52, 60, 33, 29, 8]",10,9,free_flow_time,1.8321411737310564
4212,19,8,2,"[19, 65, 59, 46, 61, 55, 52, 27, 29, 8]",10,9,free_flow_time,1.842617563093051
4213,19,8,3,"[19, 65, 46, 36, 61, 55, 52, 27, 29, 8]",10,9,free_flow_time,1.868057002999429
4214,19,8,4,"[19, 65, 46, 61, 55, 52, 33, 29, 8]",9,8,free_flow_time,1.8943898724608614
4215,19,8,5,"[19, 65, 59, 46, 61, 55, 52, 60, 33, 29, 8]",11,10,free_flow_time,1.9298959302241032
4216,19,8,6,"[19, 65, 46, 36, 61, 55, 52, 60, 33, 29, 8]",11,10,free_flow_time,1.9553353701304812
4217,19,8,7,"[19, 65, 59, 46, 36, 61, 55, 52, 27, 29, 8]",11,10,free_flow_time,1.9658117594924756
4218,19,8,8,"[19, 65, 59, 46, 61, 55, 52, 33, 29, 8]",10,9,free_flow_time,1.9921446289539082
4219,19,8,9,"[19, 65, 46, 61, 55, 52, 60, 31, 33, 29, 8]",11,10,free_flow_time,1.9979243544687284
4220,19,9,0,"[19, 65, 46, 36, 43, 49, 9]",7,6,free_flow_time,0.7824647276257317
4221,19,9,1,"[19, 65, 46, 61, 36, 43, 49, 9]",8,7,free_flow_time,0.7905260791169682
4222,19,9,2,"[19, 65, 46, 61, 43, 49, 9]",7,6,free_flow_time,0.8068335922784777
4223,19,9,3,"[19, 65, 59, 46, 36, 43, 49, 9]",8,7,free_flow_time,0.8802194841187786
4224,19,9,4,"[19, 65, 59, 46, 61, 36, 43, 49, 9]",9,8,free_flow_time,0.888280835610015
4225,19,9,5,"[19, 65, 59, 46, 61, 43, 49, 9]",8,7,free_flow_time,0.9045883487715246
4226,19,9,6,"[19, 65, 46, 61, 55, 43, 49, 9]",8,7,free_flow_time,0.9082924406609245
4227,19,9,7,"[19, 65, 46, 36, 61, 43, 49, 9]",8,7,free_flow_time,0.9300277886779026
4228,19,9,8,"[19, 65, 36, 43, 49, 9]",6,5,free_flow_time,0.975150374217663
4229,19,9,9,"[19, 65, 46, 36, 43, 54, 44, 49, 9]",9,8,free_flow_time,0.9968554555978725
4230,19,10,0,"[19, 65, 46, 61, 55, 52, 27, 29, 10]",9,8,free_flow_time,1.7460501817792953
4231,19,10,1,"[19, 65, 46, 61, 55, 52, 60, 33, 29, 10]",10,9,free_flow_time,1.8333285489103477
4232,19,10,2,"[19, 65, 59, 46, 61, 55, 52, 27, 29, 10]",10,9,free_flow_time,1.8438049382723423
4233,19,10,3,"[19, 65, 46, 36, 61, 55, 52, 27, 29, 10]",10,9,free_flow_time,1.8692443781787202
4234,19,10,4,"[19, 65, 46, 61, 55, 52, 33, 29, 10]",9,8,free_flow_time,1.8955772476401527
4235,19,10,5,"[19, 65, 59, 46, 61, 55, 52, 60, 33, 29, 10]",11,10,free_flow_time,1.9310833054033945
4236,19,10,6,"[19, 65, 46, 36, 61, 55, 52, 60, 33, 29, 10]",11,10,free_flow_time,1.9565227453097724
4237,19,10,7,"[19, 65, 59, 46, 36, 61, 55, 52, 27, 29, 10]",11,10,free_flow_time,1.9669991346717668
4238,19,10,8,"[19, 65, 59, 46, 61, 55, 52, 33, 29, 10]",10,9,free_flow_time,1.9933320041331994
4239,19,10,9,"[19, 65, 46, 61, 55, 52, 60, 31, 33, 29, 10]",11,10,free_flow_time,1.9991117296480196
4240,19,11,0,"[19, 65, 46, 36, 43, 49, 44, 51, 30, 40, 11]",11,10,free_flow_time,1.8831780385286605
4241,19,11,1,"[19, 65, 46, 36, 43, 54, 44, 51, 30, 40, 11]",11,10,free_flow_time,1.8898265063075104
4242,19,11,2,"[19, 65, 46, 61, 36, 43, 49, 44, 51, 30, 40, 11]",12,11,free_flow_time,1.8912393900198972
4243,19,11,3,"[19, 65, 46, 61, 36, 43, 54, 44, 51, 30, 40, 11]",12,11,free_flow_time,1.8978878577987468
4244,19,11,4,"[19, 65, 46, 61, 43, 49, 44, 51, 30, 40, 11]",11,10,free_flow_time,1.9075469031814067
4245,19,11,5,"[19, 65, 46, 61, 43, 54, 44, 51, 30, 40, 11]",11,10,free_flow_time,1.9141953709602564
4246,19,11,6,"[19, 65, 46, 36, 43, 49, 44, 51, 50, 40, 11]",11,10,free_flow_time,1.980155425167097
4247,19,11,7,"[19, 65, 59, 46, 36, 43, 49, 44, 51, 30, 40, 11]",12,11,free_flow_time,1.9809327950217075
4248,19,11,8,"[19, 65, 46, 36, 43, 54, 44, 51, 50, 40, 11]",11,10,free_flow_time,1.9868038929459468
4249,19,11,9,"[19, 65, 59, 46, 36, 43, 54, 44, 51, 30, 40, 11]",12,11,free_flow_time,1.9875812628005574
4250,19,12,0,"[19, 65, 46, 36, 43, 12]",6,5,free_flow_time,0.522981522241194
4251,19,12,1,"[19, 65, 46, 61, 36, 43, 12]",7,6,free_flow_time,0.5310428737324304
4252,19,12,2,"[19, 65, 46, 61, 43, 12]",6,5,free_flow_time,0.54735038689394
4253,19,12,3,"[19, 65, 59, 46, 36, 43, 12]",7,6,free_flow_time,0.6207362787342409
4254,19,12,4,"[19, 65, 59, 46, 61, 36, 43, 12]",8,7,free_flow_time,0.6287976302254773
4255,19,12,5,"[19, 65, 59, 46, 61, 43, 12]",7,6,free_flow_time,0.6451051433869869
4256,19,12,6,"[19, 65, 46, 61, 55, 43, 12]",7,6,free_flow_time,0.6488092352763868
4257,19,12,7,"[19, 65, 46, 36, 61, 43, 12]",7,6,free_flow_time,0.6705445832933649
4258,19,12,8,"[19, 65, 36, 43, 12]",5,4,free_flow_time,0.7156671688331253
4259,19,12,9,"[19, 65, 59, 46, 61, 55, 43, 12]",8,7,free_flow_time,0.7465639917694337
4260,19,13,0,"[19, 65, 46, 61, 55, 52, 32, 45, 13]",9,8,free_flow_time,1.3840843248641936
4261,19,13,1,"[19, 65, 59, 46, 61, 55, 52, 32, 45, 13]",10,9,free_flow_time,1.4818390813572402
4262,19,13,2,"[19, 65, 46, 36, 61, 55, 52, 32, 45, 13]",10,9,free_flow_time,1.5072785212636182
4263,19,13,3,"[19, 65, 46, 61, 55, 52, 32, 63, 45, 13]",10,9,free_flow_time,1.584268959284495
4264,19,13,4,"[19, 65, 46, 61, 55, 52, 32, 41, 63, 45, 13]",11,10,free_flow_time,1.5925136803503603
4265,19,13,5,"[19, 65, 59, 46, 36, 61, 55, 52, 32, 45, 13]",11,10,free_flow_time,1.6050332777566652
4266,19,13,6,"[19, 65, 59, 56, 26, 48, 41, 32, 45, 13]",10,9,free_flow_time,1.6370365134655167
4267,19,13,7,"[19, 65, 46, 56, 26, 48, 41, 32, 45, 13]",10,9,free_flow_time,1.6589506803427188
4268,19,13,8,"[19, 65, 59, 46, 61, 55, 52, 32, 63, 45, 13]",11,10,free_flow_time,1.6820237157775415
4269,19,13,9,"[19, 65, 59, 46, 61, 55, 52, 32, 41, 63, 45, 13]",12,11,free_flow_time,1.6902684368434069
4270,19,14,0,"[19, 65, 46, 61, 55, 52, 27, 29, 14]",9,8,free_flow_time,1.7450739961422679
4271,19,14,1,"[19, 65, 46, 61, 55, 52, 60, 33, 29, 14]",10,9,free_flow_time,1.8323523632733203
4272,19,14,2,"[19, 65, 59, 46, 61, 55, 52, 27, 29, 14]",10,9,free_flow_time,1.8428287526353149
4273,19,14,3,"[19, 65, 46, 36, 61, 55, 52, 27, 29, 14]",10,9,free_flow_time,1.8682681925416929
4274,19,14,4,"[19, 65, 46, 61, 55, 52, 33, 29, 14]",9,8,free_flow_time,1.8946010620031253
4275,19,14,5,"[19, 65, 59, 46, 61, 55, 52, 60, 33, 29, 14]",11,10,free_flow_time,1.930107119766367
4276,19,14,6,"[19, 65, 46, 36, 61, 55, 52, 60, 33, 29, 14]",11,10,free_flow_time,1.955546559672745
4277,19,14,7,"[19, 65, 59, 46, 36, 61, 55, 52, 27, 29, 14]",11,10,free_flow_time,1.9660229490347394
4278,19,14,8,"[19, 65, 59, 46, 61, 55, 52, 33, 29, 14]",10,9,free_flow_time,1.992355818496172
4279,19,14,9,"[19, 65, 46, 61, 55, 52, 60, 31, 33, 29, 14]",11,10,free_flow_time,1.9981355440109922
4280,19,15,0,"[19, 65, 46, 36, 43, 49, 44, 51, 30, 15]",10,9,free_flow_time,1.694963130613781
4281,19,15,1,"[19, 65, 46, 36, 43, 54, 44, 51, 30, 15]",10,9,free_flow_time,1.7016115983926308
4282,19,15,2,"[19, 65, 46, 61, 36, 43, 49, 44, 51, 30, 15]",11,10,free_flow_time,1.7030244821050176
4283,19,15,3,"[19, 65, 46, 61, 36, 43, 54, 44, 51, 30, 15]",11,10,free_flow_time,1.7096729498838672
4284,19,15,4,"[19, 65, 46, 61, 43, 49, 44, 51, 30, 15]",10,9,free_flow_time,1.7193319952665271
4285,19,15,5,"[19, 65, 46, 61, 43, 54, 44, 51, 30, 15]",10,9,free_flow_time,1.7259804630453768
4286,19,15,6,"[19, 65, 59, 46, 36, 43, 49, 44, 51, 30, 15]",11,10,free_flow_time,1.792717887106828
4287,19,15,7,"[19, 65, 59, 46, 36, 43, 54, 44, 51, 30, 15]",11,10,free_flow_time,1.7993663548856778
4288,19,15,8,"[19, 65, 59, 46, 61, 36, 43, 49, 44, 51, 30, 15]",12,11,free_flow_time,1.8007792385980643
4289,19,15,9,"[19, 65, 59, 46, 61, 36, 43, 54, 44, 51, 30, 15]",12,11,free_flow_time,1.8074277063769142
4290,19,16,0,"[19, 65, 46, 36, 43, 49, 44, 51, 30, 40, 16]",11,10,free_flow_time,1.883122399283121
4291,19,16,1,"[19, 65, 46, 36, 43, 54, 44, 51, 30, 40, 16]",11,10,free_flow_time,1.8897708670619708
4292,19,16,2,"[19, 65, 46, 61, 36, 43, 49, 44, 51, 30, 40, 16]",12,11,free_flow_time,1.8911837507743576
4293,19,16,3,"[19, 65, 46, 61, 36, 43, 54, 44, 51, 30, 40, 16]",12,11,free_flow_time,1.8978322185532073
4294,19,16,4,"[19, 65, 46, 61, 43, 49, 44, 51, 30, 40, 16]",11,10,free_flow_time,1.9074912639358672
4295,19,16,5,"[19, 65, 46, 61, 43, 54, 44, 51, 30, 40, 16]",11,10,free_flow_time,1.9141397317147169
4296,19,16,6,"[19, 65, 46, 36, 43, 49, 44, 51, 50, 40, 16]",11,10,free_flow_time,1.9800997859215574
4297,19,16,7,"[19, 65, 59, 46, 36, 43, 49, 44, 51, 30, 40, 16]",12,11,free_flow_time,1.980877155776168
4298,19,16,8,"[19, 65, 46, 36, 43, 54, 44, 51, 50, 40, 16]",11,10,free_flow_time,1.9867482537004073
4299,19,16,9,"[19, 65, 59, 46, 36, 43, 54, 44, 51, 30, 40, 16]",12,11,free_flow_time,1.9875256235550178
4300,19,17,0,"[19, 65, 38, 62, 17]",5,4,free_flow_time,0.8063600247069261
4301,19,17,1,"[19, 65, 46, 36, 62, 17]",6,5,free_flow_time,0.8801061396381998
4302,19,17,2,"[19, 65, 46, 61, 36, 62, 17]",7,6,free_flow_time,0.8881674911294362
4303,19,17,3,"[19, 65, 59, 46, 36, 62, 17]",7,6,free_flow_time,0.9778608961312466
4304,19,17,4,"[19, 65, 59, 46, 61, 36, 62, 17]",8,7,free_flow_time,0.985922247622483
4305,19,17,5,"[19, 65, 36, 62, 17]",5,4,free_flow_time,1.0727917862301313
4306,19,17,6,"[19, 65, 38, 36, 62, 17]",6,5,free_flow_time,1.1611467890764313
4307,19,17,7,"[19, 65, 46, 61, 43, 36, 62, 17]",8,7,free_flow_time,1.1631181764067002
4308,19,17,8,"[19, 65, 59, 38, 62, 17]",6,5,free_flow_time,1.1878017403247956
4309,19,17,9,"[19, 65, 59, 46, 61, 43, 36, 62, 17]",9,8,free_flow_time,1.2608729328997472
4310,19,18,0,"[19, 65, 46, 36, 43, 49, 44, 51, 18]",9,8,free_flow_time,1.1622193673155385
4311,19,18,1,"[19, 65, 46, 36, 43, 54, 44, 51, 18]",9,8,free_flow_time,1.1688678350943884
4312,19,18,2,"[19, 65, 46, 61, 36, 43, 49, 44, 51, 18]",10,9,free_flow_time,1.1702807188067752
4313,19,18,3,"[19, 65, 46, 61, 36, 43, 54, 44, 51, 18]",10,9,free_flow_time,1.1769291865856248
4314,19,18,4,"[19, 65, 46, 61, 43, 49, 44, 51, 18]",9,8,free_flow_time,1.1865882319682848
4315,19,18,5,"[19, 65, 46, 61, 43, 54, 44, 51, 18]",9,8,free_flow_time,1.1932366997471344
4316,19,18,6,"[19, 65, 59, 46, 36, 43, 49, 44, 51, 18]",10,9,free_flow_time,1.2599741238085855
4317,19,18,7,"[19, 65, 59, 46, 36, 43, 54, 44, 51, 18]",10,9,free_flow_time,1.2666225915874354
4318,19,18,8,"[19, 65, 59, 46, 61, 36, 43, 49, 44, 51, 18]",11,10,free_flow_time,1.268035475299822
4319,19,18,9,"[19, 65, 59, 46, 61, 36, 43, 54, 44, 51, 18]",11,10,free_flow_time,1.2746839430786718
4320,19,19,0,"[19, 65, 19]",3,2,free_flow_time,0.0008751483715602942
4321,19,20,0,"[19, 65, 46, 61, 55, 52, 27, 29, 20]",9,8,free_flow_time,1.7454824161951719
4322,19,20,1,"[19, 65, 46, 61, 55, 52, 60, 33, 29, 20]",10,9,free_flow_time,1.8327607833262243
4323,19,20,2,"[19, 65, 59, 46, 61, 55, 52, 27, 29, 20]",10,9,free_flow_time,1.8432371726882189
4324,19,20,3,"[19, 65, 46, 36, 61, 55, 52, 27, 29, 20]",10,9,free_flow_time,1.8686766125945968
4325,19,20,4,"[19, 65, 46, 61, 55, 52, 33, 29, 20]",9,8,free_flow_time,1.8950094820560293
4326,19,20,5,"[19, 65, 59, 46, 61, 55, 52, 60, 33, 29, 20]",11,10,free_flow_time,1.930515539819271
4327,19,20,6,"[19, 65, 46, 36, 61, 55, 52, 60, 33, 29, 20]",11,10,free_flow_time,1.955954979725649
4328,19,20,7,"[19, 65, 59, 46, 36, 61, 55, 52, 27, 29, 20]",11,10,free_flow_time,1.9664313690876434
4329,19,20,8,"[19, 65, 59, 46, 61, 55, 52, 33, 29, 20]",10,9,free_flow_time,1.992764238549076
4330,19,20,9,"[19, 65, 46, 61, 55, 52, 60, 31, 33, 29, 20]",11,10,free_flow_time,1.9985439640638962
4331,19,21,0,"[19, 65, 46, 61, 55, 52, 60, 31, 39, 21]",10,9,free_flow_time,1.4545721097394995
4332,19,21,1,"[19, 65, 59, 46, 61, 55, 52, 60, 31, 39, 21]",11,10,free_flow_time,1.5523268662325462
4333,19,21,2,"[19, 65, 46, 61, 55, 52, 60, 42, 39, 21]",10,9,free_flow_time,1.5647351578419406
4334,19,21,3,"[19, 65, 46, 36, 61, 55, 52, 60, 31, 39, 21]",11,10,free_flow_time,1.5777663061389242
4335,19,21,4,"[19, 65, 46, 36, 43, 49, 44, 51, 42, 39, 21]",11,10,free_flow_time,1.620080244676229
4336,19,21,5,"[19, 65, 46, 36, 43, 54, 44, 51, 42, 39, 21]",11,10,free_flow_time,1.6267287124550789
4337,19,21,6,"[19, 65, 46, 61, 36, 43, 49, 44, 51, 42, 39, 21]",12,11,free_flow_time,1.6281415961674657
4338,19,21,7,"[19, 65, 46, 61, 36, 43, 54, 44, 51, 42, 39, 21]",12,11,free_flow_time,1.6347900639463153
4339,19,21,8,"[19, 65, 46, 61, 55, 52, 60, 33, 39, 21]",10,9,free_flow_time,1.63688916063926
4340,19,21,9,"[19, 65, 46, 61, 43, 49, 44, 51, 42, 39, 21]",11,10,free_flow_time,1.6444491093289753
4341,19,22,0,"[19, 65, 46, 61, 55, 52, 60, 33, 22]",9,8,free_flow_time,1.4421135980458637
4342,19,22,1,"[19, 65, 46, 61, 55, 52, 33, 22]",8,7,free_flow_time,1.5043622967756687
4343,19,22,2,"[19, 65, 59, 46, 61, 55, 52, 60, 33, 22]",10,9,free_flow_time,1.5398683545389105
4344,19,22,3,"[19, 65, 46, 36, 61, 55, 52, 60, 33, 22]",10,9,free_flow_time,1.5653077944452884
4345,19,22,4,"[19, 65, 59, 46, 61, 55, 52, 33, 22]",9,8,free_flow_time,1.6021170532687155
4346,19,22,5,"[19, 65, 46, 61, 55, 52, 60, 31, 33, 22]",10,9,free_flow_time,1.6078967787835357
4347,19,22,6,"[19, 65, 46, 36, 61, 55, 52, 33, 22]",9,8,free_flow_time,1.6275564931750934
4348,19,22,7,"[19, 65, 46, 61, 55, 52, 60, 31, 39, 33, 22]",11,10,free_flow_time,1.650044902648561
4349,19,22,8,"[19, 65, 46, 36, 43, 54, 60, 33, 22]",9,8,free_flow_time,1.6551177874817036
4350,19,22,9,"[19, 65, 59, 46, 36, 61, 55, 52, 60, 33, 22]",11,10,free_flow_time,1.6630625509383352
4351,19,23,0,"[19, 65, 46, 36, 43, 23]",6,5,free_flow_time,0.5220736892202597
4352,19,23,1,"[19, 65, 46, 61, 36, 43, 23]",7,6,free_flow_time,0.5301350407114961
4353,19,23,2,"[19, 65, 46, 61, 43, 23]",6,5,free_flow_time,0.5464425538730057
4354,19,23,3,"[19, 65, 59, 46, 36, 43, 23]",7,6,free_flow_time,0.6198284457133065
4355,19,23,4,"[19, 65, 59, 46, 61, 36, 43, 23]",8,7,free_flow_time,0.627889797204543
4356,19,23,5,"[19, 65, 59, 46, 61, 43, 23]",7,6,free_flow_time,0.6441973103660525
4357,19,23,6,"[19, 65, 46, 61, 55, 43, 23]",7,6,free_flow_time,0.6479014022554525
4358,19,23,7,"[19, 65, 46, 36, 61, 43, 23]",7,6,free_flow_time,0.6696367502724305
4359,19,23,8,"[19, 65, 36, 43, 23]",5,4,free_flow_time,0.714759335812191
4360,19,23,9,"[19, 65, 59, 46, 61, 55, 43, 23]",8,7,free_flow_time,0.7456561587484993
4361,19,24,0,"[19, 65, 59, 56, 24]",5,4,free_flow_time,0.46527576209763094
4362,19,24,1,"[19, 65, 46, 56, 24]",5,4,free_flow_time,0.48718992897483293
4363,19,24,2,"[19, 65, 59, 46, 56, 24]",6,5,free_flow_time,0.5849446854678798
4364,19,24,3,"[19, 65, 46, 61, 56, 24]",6,5,free_flow_time,0.8076247662923746
4365,19,24,4,"[19, 65, 46, 59, 56, 24]",6,5,free_flow_time,0.8122252633616842
4366,19,24,5,"[19, 65, 59, 46, 61, 56, 24]",7,6,free_flow_time,0.9053795227854214
4367,19,24,6,"[19, 65, 46, 61, 55, 56, 24]",7,6,free_flow_time,0.9089350775297339
4368,19,24,7,"[19, 65, 46, 36, 61, 56, 24]",7,6,free_flow_time,0.9308189626917994
4369,19,24,8,"[19, 65, 59, 46, 61, 55, 56, 24]",8,7,free_flow_time,1.0066898340227808
4370,19,24,9,"[19, 65, 59, 46, 36, 61, 56, 24]",8,7,free_flow_time,1.0285737191848463
4371,19,25,0,"[19, 65, 46, 36, 43, 49, 44, 35, 25]",9,8,free_flow_time,1.297813518206938
4372,19,25,1,"[19, 65, 46, 36, 43, 54, 44, 35, 25]",9,8,free_flow_time,1.3044619859857876
4373,19,25,2,"[19, 65, 46, 61, 36, 43, 49, 44, 35, 25]",10,9,free_flow_time,1.3058748696981743
4374,19,25,3,"[19, 65, 46, 61, 36, 43, 54, 44, 35, 25]",10,9,free_flow_time,1.312523337477024
4375,19,25,4,"[19, 65, 46, 61, 43, 49, 44, 35, 25]",9,8,free_flow_time,1.322182382859684
4376,19,25,5,"[19, 65, 46, 61, 43, 54, 44, 35, 25]",9,8,free_flow_time,1.3288308506385336
4377,19,25,6,"[19, 65, 38, 62, 47, 35, 25]",7,6,free_flow_time,1.3420025831570657
4378,19,25,7,"[19, 65, 59, 46, 36, 43, 49, 44, 35, 25]",10,9,free_flow_time,1.3955682746999847
4379,19,25,8,"[19, 65, 59, 46, 36, 43, 54, 44, 35, 25]",10,9,free_flow_time,1.4022167424788345
4380,19,25,9,"[19, 65, 59, 46, 61, 36, 43, 49, 44, 35, 25]",11,10,free_flow_time,1.4036296261912211
4381,20,1,0,"[20, 29, 33, 39, 42, 30, 40, 1]",8,7,free_flow_time,1.32470976489122
4382,20,1,1,"[20, 29, 39, 42, 30, 40, 1]",7,6,free_flow_time,1.3453189327215918
4383,20,1,2,"[20, 29, 33, 31, 39, 42, 30, 40, 1]",9,8,free_flow_time,1.3729587196476731
4384,20,1,3,"[20, 29, 33, 31, 42, 30, 40, 1]",8,7,free_flow_time,1.4161233334928975
4385,20,1,4,"[20, 29, 42, 30, 40, 1]",6,5,free_flow_time,1.4490259045618625
4386,20,1,5,"[20, 29, 33, 39, 31, 42, 30, 40, 1]",9,8,free_flow_time,1.458271457357923
4387,20,1,6,"[20, 29, 39, 31, 42, 30, 40, 1]",8,7,free_flow_time,1.4788806251882947
4388,20,1,7,"[20, 29, 33, 60, 42, 30, 40, 1]",8,7,free_flow_time,1.672405628630407
4389,20,1,8,"[20, 29, 33, 60, 51, 30, 40, 1]",8,7,free_flow_time,1.677051659713837
4390,20,1,9,"[20, 29, 27, 33, 39, 42, 30, 40, 1]",9,8,free_flow_time,1.7496755186575776
4391,20,2,0,"[20, 29, 27, 45, 32, 41, 48, 2]",8,7,free_flow_time,1.3121386950075613
4392,20,2,1,"[20, 29, 27, 45, 63, 41, 48, 2]",8,7,free_flow_time,1.3924130890712512
4393,20,2,2,"[20, 29, 27, 45, 32, 41, 64, 48, 2]",9,8,free_flow_time,1.4112252148242297
4394,20,2,3,"[20, 29, 27, 45, 63, 41, 64, 48, 2]",9,8,free_flow_time,1.4914996088879195
4395,20,2,4,"[20, 29, 27, 45, 63, 32, 41, 48, 2]",9,8,free_flow_time,1.5123233294278626
4396,20,2,5,"[20, 29, 27, 45, 32, 63, 41, 48, 2]",9,8,free_flow_time,1.532742974160871
4397,20,2,6,"[20, 29, 27, 45, 63, 32, 41, 64, 48, 2]",10,9,free_flow_time,1.611409849244531
4398,20,2,7,"[20, 29, 27, 45, 32, 63, 41, 64, 48, 2]",10,9,free_flow_time,1.6318294939775393
4399,20,2,8,"[20, 29, 27, 45, 32, 41, 64, 57, 48, 2]",10,9,free_flow_time,1.6819234871531945
4400,20,2,9,"[20, 29, 27, 45, 32, 41, 53, 64, 48, 2]",10,9,free_flow_time,1.7379230366104468
4401,20,3,0,"[20, 29, 33, 39, 42, 30, 3]",7,6,free_flow_time,1.1363466116686773
4402,20,3,1,"[20, 29, 39, 42, 30, 3]",6,5,free_flow_time,1.156955779499049
4403,20,3,2,"[20, 29, 33, 31, 39, 42, 30, 3]",8,7,free_flow_time,1.1845955664251304
4404,20,3,3,"[20, 29, 33, 31, 42, 30, 3]",7,6,free_flow_time,1.2277601802703548
4405,20,3,4,"[20, 29, 42, 30, 3]",5,4,free_flow_time,1.2606627513393198
4406,20,3,5,"[20, 29, 33, 39, 31, 42, 30, 3]",8,7,free_flow_time,1.2699083041353803
4407,20,3,6,"[20, 29, 39, 31, 42, 30, 3]",7,6,free_flow_time,1.290517471965752
4408,20,3,7,"[20, 29, 33, 60, 42, 30, 3]",7,6,free_flow_time,1.4840424754078643
4409,20,3,8,"[20, 29, 33, 60, 51, 30, 3]",7,6,free_flow_time,1.4886885064912943
4410,20,3,9,"[20, 29, 27, 33, 39, 42, 30, 3]",8,7,free_flow_time,1.561312365435035
4411,20,4,0,"[20, 29, 27, 45, 32, 41, 64, 57, 4]",9,8,free_flow_time,1.3934975495120125
4412,20,4,1,"[20, 29, 27, 45, 63, 41, 64, 57, 4]",9,8,free_flow_time,1.4737719435757024
4413,20,4,2,"[20, 29, 27, 45, 32, 41, 53, 57, 4]",9,8,free_flow_time,1.5282350418186796
4414,20,4,3,"[20, 29, 27, 45, 53, 57, 4]",7,6,free_flow_time,1.5375066818354428
4415,20,4,4,"[20, 29, 27, 37, 58, 53, 57, 4]",8,7,free_flow_time,1.574926378328661
4416,20,4,5,"[20, 29, 27, 45, 63, 32, 41, 64, 57, 4]",10,9,free_flow_time,1.5936821839323139
4417,20,4,6,"[20, 29, 27, 45, 32, 41, 48, 57, 4]",9,8,free_flow_time,1.6018561924504642
4418,20,4,7,"[20, 29, 27, 45, 63, 41, 53, 57, 4]",9,8,free_flow_time,1.6085094358823695
4419,20,4,8,"[20, 29, 27, 45, 32, 63, 41, 64, 57, 4]",10,9,free_flow_time,1.6141018286653221
4420,20,4,9,"[20, 29, 27, 58, 53, 57, 4]",7,6,free_flow_time,1.6338816213248841
4421,20,5,0,"[20, 29, 27, 52, 5]",5,4,free_flow_time,0.9599372556100174
4422,20,5,1,"[20, 29, 33, 60, 52, 5]",6,5,free_flow_time,1.0472156227410698
4423,20,5,2,"[20, 29, 33, 52, 5]",5,4,free_flow_time,1.1094643214708748
4424,20,5,3,"[20, 29, 33, 31, 60, 52, 5]",7,6,free_flow_time,1.2129988034787418
4425,20,5,4,"[20, 29, 33, 39, 31, 60, 52, 5]",8,7,free_flow_time,1.2551469273437672
4426,20,5,5,"[20, 29, 39, 31, 60, 52, 5]",7,6,free_flow_time,1.275756095174139
4427,20,5,6,"[20, 29, 27, 45, 32, 52, 5]",7,6,free_flow_time,1.349114527692982
4428,20,5,7,"[20, 29, 33, 39, 42, 60, 52, 5]",8,7,free_flow_time,1.3653099754462084
4429,20,5,8,"[20, 29, 39, 42, 60, 52, 5]",7,6,free_flow_time,1.38591914327658
4430,20,5,9,"[20, 29, 33, 27, 52, 5]",6,5,free_flow_time,1.4069175912266405
4431,20,6,0,"[20, 29, 27, 52, 55, 61, 46, 65, 6]",9,8,free_flow_time,1.7457080717383768
4432,20,6,1,"[20, 29, 33, 60, 52, 55, 61, 46, 65, 6]",10,9,free_flow_time,1.832986438869429
4433,20,6,2,"[20, 29, 27, 52, 55, 61, 46, 59, 65, 6]",10,9,free_flow_time,1.8434628282314238
4434,20,6,3,"[20, 29, 27, 52, 55, 61, 36, 46, 65, 6]",10,9,free_flow_time,1.8689022681378016
4435,20,6,4,"[20, 29, 33, 52, 55, 61, 46, 65, 6]",9,8,free_flow_time,1.895235137599234
4436,20,6,5,"[20, 29, 33, 60, 52, 55, 61, 46, 59, 65, 6]",11,10,free_flow_time,1.930741195362476
4437,20,6,6,"[20, 29, 33, 60, 52, 55, 61, 36, 46, 65, 6]",11,10,free_flow_time,1.9561806352688538
4438,20,6,7,"[20, 29, 27, 52, 55, 61, 36, 46, 59, 65, 6]",11,10,free_flow_time,1.9666570246308483
4439,20,6,8,"[20, 29, 33, 52, 55, 61, 46, 59, 65, 6]",10,9,free_flow_time,1.992989894092281
4440,20,6,9,"[20, 29, 33, 31, 60, 52, 55, 61, 46, 65, 6]",11,10,free_flow_time,1.998769619607101
4441,20,7,0,"[20, 29, 33, 60, 51, 7]",6,5,free_flow_time,0.9554155933285914
4442,20,7,1,"[20, 29, 33, 39, 42, 51, 7]",7,6,free_flow_time,1.0451071680179507
4443,20,7,2,"[20, 29, 39, 42, 51, 7]",6,5,free_flow_time,1.0657163358483224
4444,20,7,3,"[20, 29, 33, 31, 39, 42, 51, 7]",8,7,free_flow_time,1.0933561227744037
4445,20,7,4,"[20, 29, 33, 31, 60, 51, 7]",7,6,free_flow_time,1.1211987740662632
4446,20,7,5,"[20, 29, 33, 31, 42, 51, 7]",7,6,free_flow_time,1.1365207366196282
4447,20,7,6,"[20, 29, 33, 39, 31, 60, 51, 7]",8,7,free_flow_time,1.1633468979312886
4448,20,7,7,"[20, 29, 42, 51, 7]",5,4,free_flow_time,1.1694233076885931
4449,20,7,8,"[20, 29, 33, 39, 31, 42, 51, 7]",8,7,free_flow_time,1.1786688604846536
4450,20,7,9,"[20, 29, 39, 31, 60, 51, 7]",7,6,free_flow_time,1.1839560657616603
4451,20,8,0,"[20, 29, 8]",3,2,free_flow_time,0.0014048376632598174
4452,20,9,0,"[20, 29, 33, 60, 51, 44, 49, 9]",8,7,free_flow_time,1.3357725586559057
4453,20,9,1,"[20, 29, 33, 60, 44, 49, 9]",7,6,free_flow_time,1.3550920679735698
4454,20,9,2,"[20, 29, 33, 60, 54, 44, 49, 9]",8,7,free_flow_time,1.389821353967142
4455,20,9,3,"[20, 29, 33, 60, 54, 49, 9]",7,6,free_flow_time,1.4189184243326578
4456,20,9,4,"[20, 29, 33, 39, 42, 51, 44, 49, 9]",9,8,free_flow_time,1.4254641333452651
4457,20,9,5,"[20, 29, 39, 42, 51, 44, 49, 9]",8,7,free_flow_time,1.4460733011756368
4458,20,9,6,"[20, 29, 33, 31, 39, 42, 51, 44, 49, 9]",10,9,free_flow_time,1.4737130881017182
4459,20,9,7,"[20, 29, 33, 60, 51, 44, 54, 49, 9]",9,8,free_flow_time,1.4963105675257353
4460,20,9,8,"[20, 29, 33, 31, 60, 51, 44, 49, 9]",9,8,free_flow_time,1.5015557393935777
4461,20,9,9,"[20, 29, 33, 60, 44, 54, 49, 9]",8,7,free_flow_time,1.5156300768433995
4462,20,10,0,"[20, 29, 10]",3,2,free_flow_time,0.0025922128425509617
4463,20,11,0,"[20, 29, 33, 39, 42, 30, 40, 11]",8,7,free_flow_time,1.3241781767005611
4464,20,11,1,"[20, 29, 39, 42, 30, 40, 11]",7,6,free_flow_time,1.3447873445309328
4465,20,11,2,"[20, 29, 33, 31, 39, 42, 30, 40, 11]",9,8,free_flow_time,1.3724271314570142
4466,20,11,3,"[20, 29, 33, 31, 42, 30, 40, 11]",8,7,free_flow_time,1.4155917453022386
4467,20,11,4,"[20, 29, 42, 30, 40, 11]",6,5,free_flow_time,1.4484943163712036
4468,20,11,5,"[20, 29, 33, 39, 31, 42, 30, 40, 11]",9,8,free_flow_time,1.457739869167264
4469,20,11,6,"[20, 29, 39, 31, 42, 30, 40, 11]",8,7,free_flow_time,1.4783490369976358
4470,20,11,7,"[20, 29, 33, 60, 42, 30, 40, 11]",8,7,free_flow_time,1.671874040439748
4471,20,11,8,"[20, 29, 33, 60, 51, 30, 40, 11]",8,7,free_flow_time,1.676520071523178
4472,20,11,9,"[20, 29, 27, 33, 39, 42, 30, 40, 11]",9,8,free_flow_time,1.7491439304669187
4473,20,12,0,"[20, 29, 33, 60, 54, 43, 12]",7,6,free_flow_time,1.52492739827774
4474,20,12,1,"[20, 29, 27, 52, 55, 43, 12]",7,6,free_flow_time,1.5468818906018473
4475,20,12,2,"[20, 29, 33, 60, 51, 44, 49, 43, 12]",9,8,free_flow_time,1.5956710736919677
4476,20,12,3,"[20, 29, 33, 60, 51, 44, 54, 43, 12]",9,8,free_flow_time,1.6023195414708176
4477,20,12,4,"[20, 29, 27, 52, 55, 61, 36, 43, 12]",9,8,free_flow_time,1.606482210226027
4478,20,12,5,"[20, 29, 33, 60, 44, 49, 43, 12]",8,7,free_flow_time,1.6149905830096318
4479,20,12,6,"[20, 29, 33, 60, 44, 54, 43, 12]",8,7,free_flow_time,1.6216390507884817
4480,20,12,7,"[20, 29, 27, 52, 55, 61, 43, 12]",8,7,free_flow_time,1.6227897233875366
4481,20,12,8,"[20, 29, 33, 60, 52, 55, 43, 12]",8,7,free_flow_time,1.6341602577328995
4482,20,12,9,"[20, 29, 33, 60, 54, 44, 49, 43, 12]",9,8,free_flow_time,1.649719869003204
4483,20,13,0,"[20, 29, 27, 45, 13]",5,4,free_flow_time,0.7514385848969799
4484,20,13,1,"[20, 29, 33, 27, 45, 13]",6,5,free_flow_time,1.1984189205136029
4485,20,13,2,"[20, 29, 27, 37, 58, 45, 13]",7,6,free_flow_time,1.3325950987549264
4486,20,13,3,"[20, 29, 27, 58, 45, 13]",6,5,free_flow_time,1.3915503417511497
4487,20,13,4,"[20, 29, 37, 27, 45, 13]",6,5,free_flow_time,1.5268321543852705
4488,20,13,5,"[20, 29, 27, 52, 32, 45, 13]",7,6,free_flow_time,1.5579177735786391
4489,20,13,6,"[20, 29, 39, 33, 27, 45, 13]",7,6,free_flow_time,1.6092764438464324
4490,20,13,7,"[20, 29, 37, 58, 45, 13]",6,5,free_flow_time,1.6338904261083593
4491,20,13,8,"[20, 29, 33, 60, 52, 32, 45, 13]",8,7,free_flow_time,1.6451961407096916
4492,20,13,9,"[20, 29, 39, 31, 33, 27, 45, 13]",8,7,free_flow_time,1.6575253986028855
4493,20,14,0,"[20, 29, 14]",3,2,free_flow_time,0.001616027205523707
4494,20,15,0,"[20, 29, 33, 39, 42, 30, 15]",7,6,free_flow_time,1.1359632687856815
4495,20,15,1,"[20, 29, 39, 42, 30, 15]",6,5,free_flow_time,1.1565724366160532
4496,20,15,2,"[20, 29, 33, 31, 39, 42, 30, 15]",8,7,free_flow_time,1.1842122235421346
4497,20,15,3,"[20, 29, 33, 31, 42, 30, 15]",7,6,free_flow_time,1.227376837387359
4498,20,15,4,"[20, 29, 42, 30, 15]",5,4,free_flow_time,1.260279408456324
4499,20,15,5,"[20, 29, 33, 39, 31, 42, 30, 15]",8,7,free_flow_time,1.2695249612523845
4500,20,15,6,"[20, 29, 39, 31, 42, 30, 15]",7,6,free_flow_time,1.2901341290827562
4501,20,15,7,"[20, 29, 33, 60, 42, 30, 15]",7,6,free_flow_time,1.4836591325248685
4502,20,15,8,"[20, 29, 33, 60, 51, 30, 15]",7,6,free_flow_time,1.4883051636082985
4503,20,15,9,"[20, 29, 27, 33, 39, 42, 30, 15]",8,7,free_flow_time,1.5609290225520391
4504,20,16,0,"[20, 29, 33, 39, 42, 30, 40, 16]",8,7,free_flow_time,1.3241225374550216
4505,20,16,1,"[20, 29, 39, 42, 30, 40, 16]",7,6,free_flow_time,1.3447317052853933
4506,20,16,2,"[20, 29, 33, 31, 39, 42, 30, 40, 16]",9,8,free_flow_time,1.3723714922114747
4507,20,16,3,"[20, 29, 33, 31, 42, 30, 40, 16]",8,7,free_flow_time,1.415536106056699
4508,20,16,4,"[20, 29, 42, 30, 40, 16]",6,5,free_flow_time,1.448438677125664
4509,20,16,5,"[20, 29, 33, 39, 31, 42, 30, 40, 16]",9,8,free_flow_time,1.4576842299217245
4510,20,16,6,"[20, 29, 39, 31, 42, 30, 40, 16]",8,7,free_flow_time,1.4782933977520962
4511,20,16,7,"[20, 29, 33, 60, 42, 30, 40, 16]",8,7,free_flow_time,1.6718184011942085
4512,20,16,8,"[20, 29, 33, 60, 51, 30, 40, 16]",8,7,free_flow_time,1.6764644322776385
4513,20,16,9,"[20, 29, 27, 33, 39, 42, 30, 40, 16]",9,8,free_flow_time,1.7490882912213792
4514,20,17,0,"[20, 29, 33, 60, 51, 44, 49, 62, 17]",9,8,free_flow_time,1.8466965484082793
4515,20,17,1,"[20, 29, 33, 60, 44, 49, 62, 17]",8,7,free_flow_time,1.8660160577259437
4516,20,17,2,"[20, 29, 33, 60, 54, 44, 49, 62, 17]",9,8,free_flow_time,1.9007453437195156
4517,20,17,3,"[20, 29, 33, 60, 54, 49, 62, 17]",8,7,free_flow_time,1.9298424140850314
4518,20,17,4,"[20, 29, 33, 39, 42, 51, 44, 49, 62, 17]",10,9,free_flow_time,1.9363881230976387
4519,20,17,5,"[20, 29, 39, 42, 51, 44, 49, 62, 17]",9,8,free_flow_time,1.9569972909280104
4520,20,17,6,"[20, 29, 27, 52, 55, 61, 36, 62, 17]",9,8,free_flow_time,1.9636068276230332
4521,20,17,7,"[20, 29, 33, 31, 39, 42, 51, 44, 49, 62, 17]",11,10,free_flow_time,1.9846370778540918
4522,20,17,8,"[20, 29, 33, 60, 51, 44, 49, 47, 62, 17]",10,9,free_flow_time,1.9989506990850263
4523,20,17,9,"[20, 29, 33, 60, 51, 44, 54, 49, 62, 17]",10,9,free_flow_time,2.007234557278109
4524,20,18,0,"[20, 29, 33, 60, 51, 18]",6,5,free_flow_time,0.955561400310056
4525,20,18,1,"[20, 29, 33, 39, 42, 51, 18]",7,6,free_flow_time,1.0452529749994153
4526,20,18,2,"[20, 29, 39, 42, 51, 18]",6,5,free_flow_time,1.065862142829787
4527,20,18,3,"[20, 29, 33, 31, 39, 42, 51, 18]",8,7,free_flow_time,1.0935019297558684
4528,20,18,4,"[20, 29, 33, 31, 60, 51, 18]",7,6,free_flow_time,1.1213445810477278
4529,20,18,5,"[20, 29, 33, 31, 42, 51, 18]",7,6,free_flow_time,1.1366665436010928
4530,20,18,6,"[20, 29, 33, 39, 31, 60, 51, 18]",8,7,free_flow_time,1.1634927049127533
4531,20,18,7,"[20, 29, 42, 51, 18]",5,4,free_flow_time,1.1695691146700578
4532,20,18,8,"[20, 29, 33, 39, 31, 42, 51, 18]",8,7,free_flow_time,1.1788146674661182
4533,20,18,9,"[20, 29, 39, 31, 60, 51, 18]",7,6,free_flow_time,1.184101872743125
4534,20,19,0,"[20, 29, 27, 52, 55, 61, 46, 65, 19]",9,8,free_flow_time,1.745482416195172
4535,20,19,1,"[20, 29, 33, 60, 52, 55, 61, 46, 65, 19]",10,9,free_flow_time,1.8327607833262243
4536,20,19,2,"[20, 29, 27, 52, 55, 61, 46, 59, 65, 19]",10,9,free_flow_time,1.843237172688219
4537,20,19,3,"[20, 29, 27, 52, 55, 61, 36, 46, 65, 19]",10,9,free_flow_time,1.8686766125945968
4538,20,19,4,"[20, 29, 33, 52, 55, 61, 46, 65, 19]",9,8,free_flow_time,1.8950094820560293
4539,20,19,5,"[20, 29, 33, 60, 52, 55, 61, 46, 59, 65, 19]",11,10,free_flow_time,1.9305155398192713
4540,20,19,6,"[20, 29, 33, 60, 52, 55, 61, 36, 46, 65, 19]",11,10,free_flow_time,1.955954979725649
4541,20,19,7,"[20, 29, 27, 52, 55, 61, 36, 46, 59, 65, 19]",11,10,free_flow_time,1.9664313690876436
4542,20,19,8,"[20, 29, 33, 52, 55, 61, 46, 59, 65, 19]",10,9,free_flow_time,1.9927642385490762
4543,20,19,9,"[20, 29, 33, 31, 60, 52, 55, 61, 46, 65, 19]",11,10,free_flow_time,1.9985439640638962
4544,20,20,0,"[20, 29, 20]",3,2,free_flow_time,0.002024447258427569
4545,20,21,0,"[20, 29, 33, 39, 21]",5,4,free_flow_time,0.5865563478259144
4546,20,21,1,"[20, 29, 39, 21]",4,3,free_flow_time,0.6071655156562861
4547,20,21,2,"[20, 29, 33, 31, 39, 21]",6,5,free_flow_time,0.6348053025823672
4548,20,21,3,"[20, 29, 33, 31, 42, 39, 21]",7,6,free_flow_time,0.8924384550362868
4549,20,21,4,"[20, 29, 42, 39, 21]",5,4,free_flow_time,0.9253410261052519
4550,20,21,5,"[20, 29, 27, 33, 39, 21]",6,5,free_flow_time,1.011522101592272
4551,20,21,6,"[20, 29, 33, 60, 31, 39, 21]",7,6,free_flow_time,1.0385577020713552
4552,20,21,7,"[20, 29, 42, 31, 39, 21]",6,5,free_flow_time,1.0589027185719548
4553,20,21,8,"[20, 29, 27, 33, 31, 39, 21]",7,6,free_flow_time,1.059771056348725
4554,20,21,9,"[20, 29, 33, 60, 42, 39, 21]",7,6,free_flow_time,1.1487207501737964
4555,20,22,0,"[20, 29, 33, 22]",4,3,free_flow_time,0.3917807852325181
4556,20,22,1,"[20, 29, 39, 33, 22]",5,4,free_flow_time,0.8026383085653478
4557,20,22,2,"[20, 29, 27, 33, 22]",5,4,free_flow_time,0.8167465389988756
4558,20,22,3,"[20, 29, 39, 31, 33, 22]",6,5,free_flow_time,0.8508872633218006
4559,20,22,4,"[20, 29, 39, 42, 31, 33, 22]",7,6,free_flow_time,1.1085204157757202
4560,20,22,5,"[20, 29, 42, 39, 33, 22]",6,5,free_flow_time,1.1208138190143138
4561,20,22,6,"[20, 29, 42, 39, 31, 33, 22]",7,6,free_flow_time,1.1690627737707666
4562,20,22,7,"[20, 29, 42, 31, 33, 22]",6,5,free_flow_time,1.212227387615991
4563,20,22,8,"[20, 29, 42, 31, 39, 33, 22]",7,6,free_flow_time,1.2543755114810167
4564,20,22,9,"[20, 29, 39, 31, 60, 33, 22]",7,6,free_flow_time,1.2546396628107885
4565,20,23,0,"[20, 29, 33, 60, 54, 43, 23]",7,6,free_flow_time,1.5240195652568058
4566,20,23,1,"[20, 29, 27, 52, 55, 43, 23]",7,6,free_flow_time,1.545974057580913
4567,20,23,2,"[20, 29, 33, 60, 51, 44, 49, 43, 23]",9,8,free_flow_time,1.5947632406710335
4568,20,23,3,"[20, 29, 33, 60, 51, 44, 54, 43, 23]",9,8,free_flow_time,1.6014117084498833
4569,20,23,4,"[20, 29, 27, 52, 55, 61, 36, 43, 23]",9,8,free_flow_time,1.6055743772050928
4570,20,23,5,"[20, 29, 33, 60, 44, 49, 43, 23]",8,7,free_flow_time,1.6140827499886976
4571,20,23,6,"[20, 29, 33, 60, 44, 54, 43, 23]",8,7,free_flow_time,1.6207312177675475
4572,20,23,7,"[20, 29, 27, 52, 55, 61, 43, 23]",8,7,free_flow_time,1.6218818903666024
4573,20,23,8,"[20, 29, 33, 60, 52, 55, 43, 23]",8,7,free_flow_time,1.6332524247119653
4574,20,23,9,"[20, 29, 33, 60, 54, 44, 49, 43, 23]",9,8,free_flow_time,1.6488120359822698
4575,20,24,0,"[20, 29, 27, 52, 55, 56, 24]",7,6,free_flow_time,1.8070077328551946
4576,20,24,1,"[20, 29, 27, 52, 55, 61, 46, 56, 24]",9,8,free_flow_time,1.850817452061012
4577,20,24,2,"[20, 29, 27, 52, 55, 61, 56, 24]",8,7,free_flow_time,1.8830641027859716
4578,20,24,3,"[20, 29, 33, 60, 52, 55, 56, 24]",8,7,free_flow_time,1.8942860999862468
4579,20,24,4,"[20, 29, 27, 45, 32, 41, 48, 26, 56, 24]",10,9,free_flow_time,1.9229727740659464
4580,20,24,5,"[20, 29, 33, 60, 52, 55, 61, 46, 56, 24]",10,9,free_flow_time,1.938095819192064
4581,20,24,6,"[20, 29, 33, 52, 55, 56, 24]",7,6,free_flow_time,1.9565347987160517
4582,20,24,7,"[20, 29, 33, 60, 52, 55, 61, 56, 24]",9,8,free_flow_time,1.9703424699170238
4583,20,24,8,"[20, 29, 27, 52, 55, 61, 36, 46, 56, 24]",10,9,free_flow_time,1.9740116484604366
4584,20,24,9,"[20, 29, 33, 52, 55, 61, 46, 56, 24]",9,8,free_flow_time,2.000344517921869
4585,20,25,0,"[20, 29, 33, 60, 51, 44, 35, 25]",8,7,free_flow_time,1.643379089043821
4586,20,25,1,"[20, 29, 33, 60, 44, 35, 25]",7,6,free_flow_time,1.662698598361485
4587,20,25,2,"[20, 29, 33, 60, 54, 44, 35, 25]",8,7,free_flow_time,1.6974278843550572
4588,20,25,3,"[20, 29, 33, 39, 42, 51, 44, 35, 25]",9,8,free_flow_time,1.7330706637331803
4589,20,25,4,"[20, 29, 39, 42, 51, 44, 35, 25]",8,7,free_flow_time,1.753679831563552
4590,20,25,5,"[20, 29, 33, 31, 39, 42, 51, 44, 35, 25]",10,9,free_flow_time,1.7813196184896334
4591,20,25,6,"[20, 29, 33, 31, 60, 51, 44, 35, 25]",9,8,free_flow_time,1.8091622697814929
4592,20,25,7,"[20, 29, 33, 60, 51, 50, 34, 35, 25]",9,8,free_flow_time,1.8229921728547032
4593,20,25,8,"[20, 29, 33, 31, 42, 51, 44, 35, 25]",9,8,free_flow_time,1.8244842323348578
4594,20,25,9,"[20, 29, 33, 31, 60, 44, 35, 25]",8,7,free_flow_time,1.828481779099157
4595,21,1,0,"[21, 39, 42, 30, 40, 1]",6,5,free_flow_time,0.7385897867017979
4596,21,1,1,"[21, 39, 31, 42, 30, 40, 1]",7,6,free_flow_time,0.8721514791685007
4597,21,1,2,"[21, 39, 42, 51, 30, 40, 1]",7,6,free_flow_time,1.180623256213774
4598,21,1,3,"[21, 39, 42, 28, 40, 1]",6,5,free_flow_time,1.2107933692255706
4599,21,1,4,"[21, 39, 33, 31, 42, 30, 40, 1]",8,7,free_flow_time,1.2202517108059332
4600,21,1,5,"[21, 39, 42, 51, 50, 40, 1]",7,6,free_flow_time,1.2776006428522104
4601,21,1,6,"[21, 39, 31, 60, 42, 30, 40, 1]",8,7,free_flow_time,1.294216955043682
4602,21,1,7,"[21, 39, 31, 60, 51, 30, 40, 1]",8,7,free_flow_time,1.298862986127112
4603,21,1,8,"[21, 39, 31, 42, 51, 30, 40, 1]",8,7,free_flow_time,1.3141849486804766
4604,21,1,9,"[21, 39, 31, 42, 28, 40, 1]",7,6,free_flow_time,1.3443550616922733
4605,21,2,0,"[21, 39, 31, 60, 52, 32, 41, 48, 2]",9,8,free_flow_time,1.4846999079121108
4606,21,2,1,"[21, 39, 33, 27, 45, 32, 41, 48, 2]",9,8,free_flow_time,1.5632474079372196
4607,21,2,2,"[21, 39, 31, 60, 52, 32, 41, 64, 48, 2]",10,9,free_flow_time,1.5837864277287792
4608,21,2,3,"[21, 39, 42, 60, 52, 32, 41, 48, 2]",9,8,free_flow_time,1.594862956014552
4609,21,2,4,"[21, 39, 31, 33, 27, 45, 32, 41, 48, 2]",10,9,free_flow_time,1.6114963626936727
4610,21,2,5,"[21, 39, 33, 27, 45, 63, 41, 48, 2]",9,8,free_flow_time,1.6435218020009095
4611,21,2,6,"[21, 39, 33, 27, 45, 32, 41, 64, 48, 2]",10,9,free_flow_time,1.662333927753888
4612,21,2,7,"[21, 39, 33, 60, 52, 32, 41, 48, 2]",9,8,free_flow_time,1.6670169588118715
4613,21,2,8,"[21, 39, 31, 33, 27, 45, 63, 41, 48, 2]",10,9,free_flow_time,1.6917707567573625
4614,21,2,9,"[21, 39, 42, 60, 52, 32, 41, 64, 48, 2]",10,9,free_flow_time,1.6939494758312204
4615,21,3,0,"[21, 39, 42, 30, 3]",5,4,free_flow_time,0.550226633479255
4616,21,3,1,"[21, 39, 31, 42, 30, 3]",6,5,free_flow_time,0.6837883259459578
4617,21,3,2,"[21, 39, 42, 51, 30, 3]",6,5,free_flow_time,0.9922601029912311
4618,21,3,3,"[21, 39, 33, 31, 42, 30, 3]",7,6,free_flow_time,1.0318885575833905
4619,21,3,4,"[21, 39, 31, 60, 42, 30, 3]",7,6,free_flow_time,1.1058538018211392
4620,21,3,5,"[21, 39, 31, 60, 51, 30, 3]",7,6,free_flow_time,1.1104998329045692
4621,21,3,6,"[21, 39, 31, 42, 51, 30, 3]",7,6,free_flow_time,1.125821795457934
4622,21,3,7,"[21, 39, 42, 51, 50, 30, 3]",7,6,free_flow_time,1.179908197344343
4623,21,3,8,"[21, 39, 42, 60, 51, 30, 3]",7,6,free_flow_time,1.2206628810070101
4624,21,3,9,"[21, 39, 33, 60, 42, 30, 3]",7,6,free_flow_time,1.2881708527209
4625,21,4,0,"[21, 39, 31, 60, 52, 32, 41, 64, 57, 4]",10,9,free_flow_time,1.566058762416562
4626,21,4,1,"[21, 39, 33, 27, 45, 32, 41, 64, 57, 4]",10,9,free_flow_time,1.6446062624416709
4627,21,4,2,"[21, 39, 42, 60, 52, 32, 41, 64, 57, 4]",10,9,free_flow_time,1.6762218105190032
4628,21,4,3,"[21, 39, 31, 33, 27, 45, 32, 41, 64, 57, 4]",11,10,free_flow_time,1.692855217198124
4629,21,4,4,"[21, 39, 31, 60, 52, 32, 41, 53, 57, 4]",10,9,free_flow_time,1.7007962547232292
4630,21,4,5,"[21, 39, 33, 27, 45, 63, 41, 64, 57, 4]",10,9,free_flow_time,1.7248806565053607
4631,21,4,6,"[21, 39, 33, 60, 52, 32, 41, 64, 57, 4]",10,9,free_flow_time,1.7483758133163227
4632,21,4,7,"[21, 39, 31, 33, 27, 45, 63, 41, 64, 57, 4]",11,10,free_flow_time,1.7731296112618138
4633,21,4,8,"[21, 39, 31, 60, 52, 32, 41, 48, 57, 4]",10,9,free_flow_time,1.7744174053550137
4634,21,4,9,"[21, 39, 33, 27, 45, 32, 41, 53, 57, 4]",10,9,free_flow_time,1.779343754748338
4635,21,5,0,"[21, 39, 31, 60, 52, 5]",6,5,free_flow_time,0.6690269491543448
4636,21,5,1,"[21, 39, 42, 60, 52, 5]",6,5,free_flow_time,0.7791899972567858
4637,21,5,2,"[21, 39, 33, 60, 52, 5]",6,5,free_flow_time,0.8513440000541054
4638,21,5,3,"[21, 39, 31, 33, 60, 52, 5]",7,6,free_flow_time,0.8995929548105582
4639,21,5,4,"[21, 39, 31, 42, 60, 52, 5]",7,6,free_flow_time,0.9127516897234887
4640,21,5,5,"[21, 39, 33, 52, 5]",5,4,free_flow_time,0.9135926987839104
4641,21,5,6,"[21, 39, 42, 31, 60, 52, 5]",7,6,free_flow_time,0.9266601016082643
4642,21,5,7,"[21, 39, 31, 33, 52, 5]",6,5,free_flow_time,0.9618416535403632
4643,21,5,8,"[21, 39, 33, 31, 60, 52, 5]",7,6,free_flow_time,1.0171271807917774
4644,21,5,9,"[21, 39, 42, 51, 60, 52, 5]",7,6,free_flow_time,1.0438915247537361
4645,21,6,0,"[21, 39, 31, 60, 52, 55, 61, 46, 65, 6]",10,9,free_flow_time,1.4547977652827042
4646,21,6,1,"[21, 39, 31, 60, 52, 55, 61, 46, 59, 65, 6]",11,10,free_flow_time,1.5525525217757512
4647,21,6,2,"[21, 39, 42, 60, 52, 55, 61, 46, 65, 6]",10,9,free_flow_time,1.5649608133851451
4648,21,6,3,"[21, 39, 31, 60, 52, 55, 61, 36, 46, 65, 6]",11,10,free_flow_time,1.577991961682129
4649,21,6,4,"[21, 39, 42, 51, 44, 49, 43, 36, 46, 65, 6]",11,10,free_flow_time,1.6203059002194338
4650,21,6,5,"[21, 39, 42, 51, 44, 54, 43, 36, 46, 65, 6]",11,10,free_flow_time,1.6269543679982834
4651,21,6,6,"[21, 39, 42, 51, 44, 49, 43, 36, 61, 46, 65, 6]",12,11,free_flow_time,1.6283672517106702
4652,21,6,7,"[21, 39, 42, 51, 44, 54, 43, 36, 61, 46, 65, 6]",12,11,free_flow_time,1.6350157194895198
4653,21,6,8,"[21, 39, 33, 60, 52, 55, 61, 46, 65, 6]",10,9,free_flow_time,1.6371148161824647
4654,21,6,9,"[21, 39, 42, 51, 44, 49, 43, 61, 46, 65, 6]",11,10,free_flow_time,1.64467476487218
4655,21,7,0,"[21, 39, 42, 51, 7]",5,4,free_flow_time,0.45898718982852843
4656,21,7,1,"[21, 39, 31, 60, 51, 7]",6,5,free_flow_time,0.5772269197418665
4657,21,7,2,"[21, 39, 31, 42, 51, 7]",6,5,free_flow_time,0.5925488822952312
4658,21,7,3,"[21, 39, 42, 60, 51, 7]",6,5,free_flow_time,0.6873899678443075
4659,21,7,4,"[21, 39, 33, 60, 51, 7]",6,5,free_flow_time,0.759543970641627
4660,21,7,5,"[21, 39, 31, 33, 60, 51, 7]",7,6,free_flow_time,0.8077929253980799
4661,21,7,6,"[21, 39, 31, 42, 60, 51, 7]",7,6,free_flow_time,0.8209516603110104
4662,21,7,7,"[21, 39, 42, 31, 60, 51, 7]",7,6,free_flow_time,0.834860072195786
4663,21,7,8,"[21, 39, 33, 31, 60, 51, 7]",7,6,free_flow_time,0.925327151379299
4664,21,7,9,"[21, 39, 33, 31, 42, 51, 7]",7,6,free_flow_time,0.9406491139326638
4665,21,8,0,"[21, 39, 33, 29, 8]",5,4,free_flow_time,0.5859367382307467
4666,21,8,1,"[21, 39, 29, 8]",4,3,free_flow_time,0.6065459060611182
4667,21,8,2,"[21, 39, 31, 33, 29, 8]",6,5,free_flow_time,0.6341856929871994
4668,21,8,3,"[21, 39, 42, 31, 33, 29, 8]",7,6,free_flow_time,0.8918188454411189
4669,21,8,4,"[21, 39, 42, 29, 8]",5,4,free_flow_time,0.9247214165100841
4670,21,8,5,"[21, 39, 33, 27, 29, 8]",6,5,free_flow_time,1.0109024919971041
4671,21,8,6,"[21, 39, 31, 60, 33, 29, 8]",7,6,free_flow_time,1.0379380924761874
4672,21,8,7,"[21, 39, 31, 42, 29, 8]",6,5,free_flow_time,1.058283108976787
4673,21,8,8,"[21, 39, 31, 33, 27, 29, 8]",7,6,free_flow_time,1.059151446753557
4674,21,8,9,"[21, 39, 42, 60, 33, 29, 8]",7,6,free_flow_time,1.1481011405786283
4675,21,9,0,"[21, 39, 42, 51, 44, 49, 9]",7,6,free_flow_time,0.8393441551558429
4676,21,9,1,"[21, 39, 31, 60, 51, 44, 49, 9]",8,7,free_flow_time,0.957583885069181
4677,21,9,2,"[21, 39, 31, 42, 51, 44, 49, 9]",8,7,free_flow_time,0.9729058476225457
4678,21,9,3,"[21, 39, 31, 60, 44, 49, 9]",7,6,free_flow_time,0.976903394386845
4679,21,9,4,"[21, 39, 42, 51, 44, 54, 49, 9]",8,7,free_flow_time,0.9998821640256724
4680,21,9,5,"[21, 39, 31, 60, 54, 44, 49, 9]",8,7,free_flow_time,1.011632680380417
4681,21,9,6,"[21, 39, 31, 60, 54, 49, 9]",7,6,free_flow_time,1.0407297507459328
4682,21,9,7,"[21, 39, 42, 60, 51, 44, 49, 9]",8,7,free_flow_time,1.0677469331716218
4683,21,9,8,"[21, 39, 42, 60, 44, 49, 9]",7,6,free_flow_time,1.087066442489286
4684,21,9,9,"[21, 39, 31, 60, 51, 44, 54, 49, 9]",9,8,free_flow_time,1.1181218939390105
4685,21,10,0,"[21, 39, 33, 29, 10]",5,4,free_flow_time,0.5871241134100378
4686,21,10,1,"[21, 39, 29, 10]",4,3,free_flow_time,0.6077332812404094
4687,21,10,2,"[21, 39, 31, 33, 29, 10]",6,5,free_flow_time,0.6353730681664905
4688,21,10,3,"[21, 39, 42, 31, 33, 29, 10]",7,6,free_flow_time,0.89300622062041
4689,21,10,4,"[21, 39, 42, 29, 10]",5,4,free_flow_time,0.9259087916893752
4690,21,10,5,"[21, 39, 33, 27, 29, 10]",6,5,free_flow_time,1.0120898671763954
4691,21,10,6,"[21, 39, 31, 60, 33, 29, 10]",7,6,free_flow_time,1.0391254676554786
4692,21,10,7,"[21, 39, 31, 42, 29, 10]",6,5,free_flow_time,1.0594704841560783
4693,21,10,8,"[21, 39, 31, 33, 27, 29, 10]",7,6,free_flow_time,1.0603388219328482
4694,21,10,9,"[21, 39, 42, 60, 33, 29, 10]",7,6,free_flow_time,1.1492885157579196
4695,21,11,0,"[21, 39, 42, 30, 40, 11]",6,5,free_flow_time,0.7380581985111389
4696,21,11,1,"[21, 39, 31, 42, 30, 40, 11]",7,6,free_flow_time,0.8716198909778416
4697,21,11,2,"[21, 39, 42, 51, 30, 40, 11]",7,6,free_flow_time,1.180091668023115
4698,21,11,3,"[21, 39, 42, 28, 40, 11]",6,5,free_flow_time,1.2102617810349117
4699,21,11,4,"[21, 39, 33, 31, 42, 30, 40, 11]",8,7,free_flow_time,1.2197201226152743
4700,21,11,5,"[21, 39, 42, 51, 50, 40, 11]",7,6,free_flow_time,1.2770690546615515
4701,21,11,6,"[21, 39, 31, 60, 42, 30, 40, 11]",8,7,free_flow_time,1.293685366853023
4702,21,11,7,"[21, 39, 31, 60, 51, 30, 40, 11]",8,7,free_flow_time,1.298331397936453
4703,21,11,8,"[21, 39, 31, 42, 51, 30, 40, 11]",8,7,free_flow_time,1.3136533604898177
4704,21,11,9,"[21, 39, 31, 42, 28, 40, 11]",7,6,free_flow_time,1.3438234735016144
4705,21,12,0,"[21, 39, 42, 51, 44, 49, 43, 12]",8,7,free_flow_time,1.099242670191905
4706,21,12,1,"[21, 39, 42, 51, 44, 54, 43, 12]",8,7,free_flow_time,1.1058911379707546
4707,21,12,2,"[21, 39, 31, 60, 54, 43, 12]",7,6,free_flow_time,1.146738724691015
4708,21,12,3,"[21, 39, 31, 60, 51, 44, 49, 43, 12]",9,8,free_flow_time,1.217482400105243
4709,21,12,4,"[21, 39, 31, 60, 51, 44, 54, 43, 12]",9,8,free_flow_time,1.2241308678840928
4710,21,12,5,"[21, 39, 31, 42, 51, 44, 49, 43, 12]",9,8,free_flow_time,1.2328043626586076
4711,21,12,6,"[21, 39, 31, 60, 44, 49, 43, 12]",8,7,free_flow_time,1.236801909422907
4712,21,12,7,"[21, 39, 31, 42, 51, 44, 54, 43, 12]",9,8,free_flow_time,1.2394528304374575
4713,21,12,8,"[21, 39, 31, 60, 44, 54, 43, 12]",8,7,free_flow_time,1.2434503772017567
4714,21,12,9,"[21, 39, 31, 60, 52, 55, 43, 12]",8,7,free_flow_time,1.2559715841461747
4715,21,13,0,"[21, 39, 33, 27, 45, 13]",6,5,free_flow_time,1.0025472978266383
4716,21,13,1,"[21, 39, 31, 33, 27, 45, 13]",7,6,free_flow_time,1.0507962525830914
4717,21,13,2,"[21, 39, 31, 60, 52, 32, 45, 13]",8,7,free_flow_time,1.2670074671229665
4718,21,13,3,"[21, 39, 42, 31, 33, 27, 45, 13]",8,7,free_flow_time,1.3084294050370109
4719,21,13,4,"[21, 39, 33, 29, 27, 45, 13]",7,6,free_flow_time,1.335970485464467
4720,21,13,5,"[21, 39, 29, 27, 45, 13]",6,5,free_flow_time,1.3565796532948382
4721,21,13,6,"[21, 39, 42, 60, 52, 32, 45, 13]",8,7,free_flow_time,1.3771705152254075
4722,21,13,7,"[21, 39, 31, 33, 29, 27, 45, 13]",8,7,free_flow_time,1.3842194402209196
4723,21,13,8,"[21, 39, 33, 60, 52, 32, 45, 13]",8,7,free_flow_time,1.449324518022727
4724,21,13,9,"[21, 39, 31, 60, 33, 27, 45, 13]",8,7,free_flow_time,1.454548652072079
4725,21,14,0,"[21, 39, 33, 29, 14]",5,4,free_flow_time,0.5861479277730106
4726,21,14,1,"[21, 39, 29, 14]",4,3,free_flow_time,0.6067570956033822
4727,21,14,2,"[21, 39, 31, 33, 29, 14]",6,5,free_flow_time,0.6343968825294634
4728,21,14,3,"[21, 39, 42, 31, 33, 29, 14]",7,6,free_flow_time,0.8920300349833828
4729,21,14,4,"[21, 39, 42, 29, 14]",5,4,free_flow_time,0.9249326060523481
4730,21,14,5,"[21, 39, 33, 27, 29, 14]",6,5,free_flow_time,1.011113681539368
4731,21,14,6,"[21, 39, 31, 60, 33, 29, 14]",7,6,free_flow_time,1.0381492820184512
4732,21,14,7,"[21, 39, 31, 42, 29, 14]",6,5,free_flow_time,1.0584942985190509
4733,21,14,8,"[21, 39, 31, 33, 27, 29, 14]",7,6,free_flow_time,1.0593626362958208
4734,21,14,9,"[21, 39, 42, 60, 33, 29, 14]",7,6,free_flow_time,1.1483123301208922
4735,21,15,0,"[21, 39, 42, 30, 15]",5,4,free_flow_time,0.5498432905962591
4736,21,15,1,"[21, 39, 31, 42, 30, 15]",6,5,free_flow_time,0.6834049830629619
4737,21,15,2,"[21, 39, 42, 51, 30, 15]",6,5,free_flow_time,0.9918767601082352
4738,21,15,3,"[21, 39, 33, 31, 42, 30, 15]",7,6,free_flow_time,1.0315052147003947
4739,21,15,4,"[21, 39, 31, 60, 42, 30, 15]",7,6,free_flow_time,1.1054704589381434
4740,21,15,5,"[21, 39, 31, 60, 51, 30, 15]",7,6,free_flow_time,1.1101164900215734
4741,21,15,6,"[21, 39, 31, 42, 51, 30, 15]",7,6,free_flow_time,1.1254384525749381
4742,21,15,7,"[21, 39, 42, 51, 50, 30, 15]",7,6,free_flow_time,1.1795248544613472
4743,21,15,8,"[21, 39, 42, 60, 51, 30, 15]",7,6,free_flow_time,1.2202795381240144
4744,21,15,9,"[21, 39, 33, 60, 42, 30, 15]",7,6,free_flow_time,1.2877875098379041
4745,21,16,0,"[21, 39, 42, 30, 40, 16]",6,5,free_flow_time,0.7380025592655993
4746,21,16,1,"[21, 39, 31, 42, 30, 40, 16]",7,6,free_flow_time,0.8715642517323021
4747,21,16,2,"[21, 39, 42, 51, 30, 40, 16]",7,6,free_flow_time,1.1800360287775755
4748,21,16,3,"[21, 39, 42, 28, 40, 16]",6,5,free_flow_time,1.2102061417893721
4749,21,16,4,"[21, 39, 33, 31, 42, 30, 40, 16]",8,7,free_flow_time,1.2196644833697348
4750,21,16,5,"[21, 39, 42, 51, 50, 40, 16]",7,6,free_flow_time,1.277013415416012
4751,21,16,6,"[21, 39, 31, 60, 42, 30, 40, 16]",8,7,free_flow_time,1.2936297276074835
4752,21,16,7,"[21, 39, 31, 60, 51, 30, 40, 16]",8,7,free_flow_time,1.2982757586909135
4753,21,16,8,"[21, 39, 31, 42, 51, 30, 40, 16]",8,7,free_flow_time,1.3135977212442782
4754,21,16,9,"[21, 39, 31, 42, 28, 40, 16]",7,6,free_flow_time,1.3437678342560748
4755,21,17,0,"[21, 39, 42, 51, 44, 49, 62, 17]",8,7,free_flow_time,1.3502681449082166
4756,21,17,1,"[21, 39, 31, 60, 51, 44, 49, 62, 17]",9,8,free_flow_time,1.4685078748215545
4757,21,17,2,"[21, 39, 31, 42, 51, 44, 49, 62, 17]",9,8,free_flow_time,1.4838298373749192
4758,21,17,3,"[21, 39, 31, 60, 44, 49, 62, 17]",8,7,free_flow_time,1.4878273841392187
4759,21,17,4,"[21, 39, 42, 51, 44, 49, 47, 62, 17]",9,8,free_flow_time,1.5025222955849633
4760,21,17,5,"[21, 39, 42, 51, 44, 54, 49, 62, 17]",9,8,free_flow_time,1.510806153778046
4761,21,17,6,"[21, 39, 31, 60, 54, 44, 49, 62, 17]",9,8,free_flow_time,1.5225566701327908
4762,21,17,7,"[21, 39, 31, 60, 54, 49, 62, 17]",8,7,free_flow_time,1.5516537404983066
4763,21,17,8,"[21, 39, 42, 60, 51, 44, 49, 62, 17]",9,8,free_flow_time,1.5786709229239957
4764,21,17,9,"[21, 39, 42, 60, 44, 49, 62, 17]",8,7,free_flow_time,1.5979904322416596
4765,21,18,0,"[21, 39, 42, 51, 18]",5,4,free_flow_time,0.4591329968099929
4766,21,18,1,"[21, 39, 31, 60, 51, 18]",6,5,free_flow_time,0.5773727267233311
4767,21,18,2,"[21, 39, 31, 42, 51, 18]",6,5,free_flow_time,0.5926946892766958
4768,21,18,3,"[21, 39, 42, 60, 51, 18]",6,5,free_flow_time,0.6875357748257721
4769,21,18,4,"[21, 39, 33, 60, 51, 18]",6,5,free_flow_time,0.7596897776230916
4770,21,18,5,"[21, 39, 31, 33, 60, 51, 18]",7,6,free_flow_time,0.8079387323795445
4771,21,18,6,"[21, 39, 31, 42, 60, 51, 18]",7,6,free_flow_time,0.821097467292475
4772,21,18,7,"[21, 39, 42, 31, 60, 51, 18]",7,6,free_flow_time,0.8350058791772506
4773,21,18,8,"[21, 39, 33, 31, 60, 51, 18]",7,6,free_flow_time,0.9254729583607636
4774,21,18,9,"[21, 39, 33, 31, 42, 51, 18]",7,6,free_flow_time,0.9407949209141284
4775,21,19,0,"[21, 39, 31, 60, 52, 55, 61, 46, 65, 19]",10,9,free_flow_time,1.4545721097394995
4776,21,19,1,"[21, 39, 31, 60, 52, 55, 61, 46, 59, 65, 19]",11,10,free_flow_time,1.5523268662325465
4777,21,19,2,"[21, 39, 42, 60, 52, 55, 61, 46, 65, 19]",10,9,free_flow_time,1.5647351578419404
4778,21,19,3,"[21, 39, 31, 60, 52, 55, 61, 36, 46, 65, 19]",11,10,free_flow_time,1.5777663061389242
4779,21,19,4,"[21, 39, 42, 51, 44, 49, 43, 36, 46, 65, 19]",11,10,free_flow_time,1.620080244676229
4780,21,19,5,"[21, 39, 42, 51, 44, 54, 43, 36, 46, 65, 19]",11,10,free_flow_time,1.6267287124550787
4781,21,19,6,"[21, 39, 42, 51, 44, 49, 43, 36, 61, 46, 65, 19]",12,11,free_flow_time,1.6281415961674655
4782,21,19,7,"[21, 39, 42, 51, 44, 54, 43, 36, 61, 46, 65, 19]",12,11,free_flow_time,1.634790063946315
4783,21,19,8,"[21, 39, 33, 60, 52, 55, 61, 46, 65, 19]",10,9,free_flow_time,1.63688916063926
4784,21,19,9,"[21, 39, 42, 51, 44, 49, 43, 61, 46, 65, 19]",11,10,free_flow_time,1.6444491093289753
4785,21,20,0,"[21, 39, 33, 29, 20]",5,4,free_flow_time,0.5865563478259145
4786,21,20,1,"[21, 39, 29, 20]",4,3,free_flow_time,0.6071655156562861
4787,21,20,2,"[21, 39, 31, 33, 29, 20]",6,5,free_flow_time,0.6348053025823672
4788,21,20,3,"[21, 39, 42, 31, 33, 29, 20]",7,6,free_flow_time,0.8924384550362867
4789,21,20,4,"[21, 39, 42, 29, 20]",5,4,free_flow_time,0.9253410261052519
4790,21,20,5,"[21, 39, 33, 27, 29, 20]",6,5,free_flow_time,1.011522101592272
4791,21,20,6,"[21, 39, 31, 60, 33, 29, 20]",7,6,free_flow_time,1.0385577020713552
4792,21,20,7,"[21, 39, 31, 42, 29, 20]",6,5,free_flow_time,1.0589027185719548
4793,21,20,8,"[21, 39, 31, 33, 27, 29, 20]",7,6,free_flow_time,1.0597710563487248
4794,21,20,9,"[21, 39, 42, 60, 33, 29, 20]",7,6,free_flow_time,1.1487207501737962
4795,21,21,0,"[21, 39, 21]",3,2,free_flow_time,0.00043636963649201755
4796,21,22,0,"[21, 39, 33, 22]",4,3,free_flow_time,0.19590916254555377
4797,21,22,1,"[21, 39, 31, 33, 22]",5,4,free_flow_time,0.2441581173020066
4798,21,22,2,"[21, 39, 42, 31, 33, 22]",6,5,free_flow_time,0.501791269755926
4799,21,22,3,"[21, 39, 31, 60, 33, 22]",6,5,free_flow_time,0.6479105167909944
4800,21,22,4,"[21, 39, 42, 60, 33, 22]",6,5,free_flow_time,0.7580735648934355
4801,21,22,5,"[21, 39, 31, 42, 60, 33, 22]",7,6,free_flow_time,0.8916352573601384
4802,21,22,6,"[21, 39, 42, 31, 60, 33, 22]",7,6,free_flow_time,0.9055436692449139
4803,21,22,7,"[21, 39, 42, 60, 31, 33, 22]",7,6,free_flow_time,0.9238567456311075
4804,21,22,8,"[21, 39, 29, 33, 22]",5,4,free_flow_time,0.9969218536303764
4805,21,22,9,"[21, 39, 42, 51, 60, 33, 22]",7,6,free_flow_time,1.0227750923903858
4806,21,23,0,"[21, 39, 42, 51, 44, 49, 43, 23]",8,7,free_flow_time,1.0983348371709707
4807,21,23,1,"[21, 39, 42, 51, 44, 54, 43, 23]",8,7,free_flow_time,1.1049833049498203
4808,21,23,2,"[21, 39, 31, 60, 54, 43, 23]",7,6,free_flow_time,1.1458308916700808
4809,21,23,3,"[21, 39, 31, 60, 51, 44, 49, 43, 23]",9,8,free_flow_time,1.2165745670843087
4810,21,23,4,"[21, 39, 31, 60, 51, 44, 54, 43, 23]",9,8,free_flow_time,1.2232230348631585
4811,21,23,5,"[21, 39, 31, 42, 51, 44, 49, 43, 23]",9,8,free_flow_time,1.2318965296376734
4812,21,23,6,"[21, 39, 31, 60, 44, 49, 43, 23]",8,7,free_flow_time,1.2358940764019728
4813,21,23,7,"[21, 39, 31, 42, 51, 44, 54, 43, 23]",9,8,free_flow_time,1.2385449974165232
4814,21,23,8,"[21, 39, 31, 60, 44, 54, 43, 23]",8,7,free_flow_time,1.2425425441808224
4815,21,23,9,"[21, 39, 31, 60, 52, 55, 43, 23]",8,7,free_flow_time,1.2550637511252405
4816,21,24,0,"[21, 39, 31, 60, 52, 55, 56, 24]",8,7,free_flow_time,1.516097426399522
4817,21,24,1,"[21, 39, 31, 60, 52, 55, 61, 46, 56, 24]",10,9,free_flow_time,1.5599071456053393
4818,21,24,2,"[21, 39, 31, 60, 52, 55, 61, 56, 24]",9,8,free_flow_time,1.592153796330299
4819,21,24,3,"[21, 39, 42, 60, 52, 55, 56, 24]",8,7,free_flow_time,1.6262604745019629
4820,21,24,4,"[21, 39, 42, 60, 52, 55, 61, 46, 56, 24]",10,9,free_flow_time,1.6700701937077802
4821,21,24,5,"[21, 39, 31, 60, 52, 55, 61, 36, 46, 56, 24]",11,10,free_flow_time,1.683101342004764
4822,21,24,6,"[21, 39, 33, 60, 52, 55, 56, 24]",8,7,free_flow_time,1.6984144772992824
4823,21,24,7,"[21, 39, 42, 60, 52, 55, 61, 56, 24]",9,8,free_flow_time,1.7023168444327397
4824,21,24,8,"[21, 39, 42, 51, 44, 49, 43, 36, 46, 56, 24]",11,10,free_flow_time,1.7254152805420688
4825,21,24,9,"[21, 39, 42, 51, 44, 54, 43, 36, 46, 56, 24]",11,10,free_flow_time,1.7320637483209185
4826,21,25,0,"[21, 39, 42, 51, 44, 35, 25]",7,6,free_flow_time,1.1469506855437581
4827,21,25,1,"[21, 39, 31, 60, 51, 44, 35, 25]",8,7,free_flow_time,1.265190415457096
4828,21,25,2,"[21, 39, 31, 42, 51, 44, 35, 25]",8,7,free_flow_time,1.2805123780104608
4829,21,25,3,"[21, 39, 31, 60, 44, 35, 25]",7,6,free_flow_time,1.2845099247747602
4830,21,25,4,"[21, 39, 31, 60, 54, 44, 35, 25]",8,7,free_flow_time,1.3192392107683322
4831,21,25,5,"[21, 39, 42, 51, 50, 34, 35, 25]",8,7,free_flow_time,1.3265637693546402
4832,21,25,6,"[21, 39, 42, 60, 51, 44, 35, 25]",8,7,free_flow_time,1.3753534635595372
4833,21,25,7,"[21, 39, 42, 60, 44, 35, 25]",7,6,free_flow_time,1.3946729728772012
4834,21,25,8,"[21, 39, 42, 60, 54, 44, 35, 25]",8,7,free_flow_time,1.4294022588707733
4835,21,25,9,"[21, 39, 31, 60, 51, 50, 34, 35, 25]",9,8,free_flow_time,1.4448034992679781
4836,22,1,0,"[22, 33, 39, 42, 30, 40, 1]",7,6,free_flow_time,0.9340625796108596
4837,22,1,1,"[22, 33, 31, 39, 42, 30, 40, 1]",8,7,free_flow_time,0.9823115343673124
4838,22,1,2,"[22, 33, 31, 42, 30, 40, 1]",7,6,free_flow_time,1.025476148212537
4839,22,1,3,"[22, 33, 39, 31, 42, 30, 40, 1]",8,7,free_flow_time,1.0676242720775624
4840,22,1,4,"[22, 33, 60, 42, 30, 40, 1]",7,6,free_flow_time,1.2817584433500464
4841,22,1,5,"[22, 33, 60, 51, 30, 40, 1]",7,6,free_flow_time,1.2864044744334762
4842,22,1,6,"[22, 33, 39, 42, 51, 30, 40, 1]",8,7,free_flow_time,1.3760960491228356
4843,22,1,7,"[22, 33, 60, 51, 50, 40, 1]",7,6,free_flow_time,1.3833818610719126
4844,22,1,8,"[22, 33, 60, 31, 39, 42, 30, 40, 1]",9,8,free_flow_time,1.3860639338563003
4845,22,1,9,"[22, 33, 39, 42, 28, 40, 1]",7,6,free_flow_time,1.4062661621346322
4846,22,2,0,"[22, 33, 27, 45, 32, 41, 48, 2]",8,7,free_flow_time,1.3684718453438234
4847,22,2,1,"[22, 33, 27, 45, 63, 41, 48, 2]",8,7,free_flow_time,1.4487462394075132
4848,22,2,2,"[22, 33, 27, 45, 32, 41, 64, 48, 2]",9,8,free_flow_time,1.4675583651604918
4849,22,2,3,"[22, 33, 60, 52, 32, 41, 48, 2]",8,7,free_flow_time,1.4722413962184753
4850,22,2,4,"[22, 33, 52, 32, 41, 48, 2]",7,6,free_flow_time,1.5344900949482803
4851,22,2,5,"[22, 33, 27, 45, 63, 41, 64, 48, 2]",9,8,free_flow_time,1.5478327592241816
4852,22,2,6,"[22, 33, 27, 45, 63, 32, 41, 48, 2]",9,8,free_flow_time,1.5686564797641247
4853,22,2,7,"[22, 33, 60, 52, 32, 41, 64, 48, 2]",9,8,free_flow_time,1.5713279160351437
4854,22,2,8,"[22, 33, 27, 45, 32, 63, 41, 48, 2]",9,8,free_flow_time,1.589076124497133
4855,22,2,9,"[22, 33, 52, 32, 41, 64, 48, 2]",8,7,free_flow_time,1.6335766147649486
4856,22,3,0,"[22, 33, 39, 42, 30, 3]",6,5,free_flow_time,0.7456994263883168
4857,22,3,1,"[22, 33, 31, 39, 42, 30, 3]",7,6,free_flow_time,0.7939483811447696
4858,22,3,2,"[22, 33, 31, 42, 30, 3]",6,5,free_flow_time,0.8371129949899941
4859,22,3,3,"[22, 33, 39, 31, 42, 30, 3]",7,6,free_flow_time,0.8792611188550196
4860,22,3,4,"[22, 33, 60, 42, 30, 3]",6,5,free_flow_time,1.0933952901275037
4861,22,3,5,"[22, 33, 60, 51, 30, 3]",6,5,free_flow_time,1.0980413212109335
4862,22,3,6,"[22, 33, 39, 42, 51, 30, 3]",7,6,free_flow_time,1.1877328959002929
4863,22,3,7,"[22, 33, 60, 31, 39, 42, 30, 3]",8,7,free_flow_time,1.1977007806337576
4864,22,3,8,"[22, 33, 31, 39, 42, 51, 30, 3]",8,7,free_flow_time,1.2359818506567457
4865,22,3,9,"[22, 33, 60, 31, 42, 30, 3]",7,6,free_flow_time,1.240865394478982
4866,22,4,0,"[22, 33, 27, 45, 32, 41, 64, 57, 4]",9,8,free_flow_time,1.4498306998482746
4867,22,4,1,"[22, 33, 27, 45, 63, 41, 64, 57, 4]",9,8,free_flow_time,1.5301050939119645
4868,22,4,2,"[22, 33, 60, 52, 32, 41, 64, 57, 4]",9,8,free_flow_time,1.5536002507229265
4869,22,4,3,"[22, 33, 27, 45, 32, 41, 53, 57, 4]",9,8,free_flow_time,1.5845681921549417
4870,22,4,4,"[22, 33, 27, 45, 53, 57, 4]",7,6,free_flow_time,1.5938398321717049
4871,22,4,5,"[22, 33, 52, 32, 41, 64, 57, 4]",8,7,free_flow_time,1.6158489494527315
4872,22,4,6,"[22, 33, 27, 37, 58, 53, 57, 4]",8,7,free_flow_time,1.6312595286649234
4873,22,4,7,"[22, 33, 27, 45, 63, 32, 41, 64, 57, 4]",10,9,free_flow_time,1.650015334268576
4874,22,4,8,"[22, 33, 27, 45, 32, 41, 48, 57, 4]",9,8,free_flow_time,1.6581893427867263
4875,22,4,9,"[22, 33, 27, 45, 63, 41, 53, 57, 4]",9,8,free_flow_time,1.6648425862186316
4876,22,5,0,"[22, 33, 60, 52, 5]",5,4,free_flow_time,0.6565684374607091
4877,22,5,1,"[22, 33, 52, 5]",4,3,free_flow_time,0.718817136190514
4878,22,5,2,"[22, 33, 31, 60, 52, 5]",6,5,free_flow_time,0.8223516181983811
4879,22,5,3,"[22, 33, 39, 31, 60, 52, 5]",7,6,free_flow_time,0.8644997420634065
4880,22,5,4,"[22, 33, 39, 42, 60, 52, 5]",7,6,free_flow_time,0.9746627901658477
4881,22,5,5,"[22, 33, 27, 52, 5]",5,4,free_flow_time,1.0162704059462797
4882,22,5,6,"[22, 33, 31, 39, 42, 60, 52, 5]",8,7,free_flow_time,1.0229117449223006
4883,22,5,7,"[22, 33, 31, 42, 60, 52, 5]",7,6,free_flow_time,1.066076358767525
4884,22,5,8,"[22, 33, 39, 31, 42, 60, 52, 5]",8,7,free_flow_time,1.1082244826325505
4885,22,5,9,"[22, 33, 39, 42, 31, 60, 52, 5]",8,7,free_flow_time,1.1221328945173261
4886,22,6,0,"[22, 33, 60, 52, 55, 61, 46, 65, 6]",9,8,free_flow_time,1.4423392535890684
4887,22,6,1,"[22, 33, 52, 55, 61, 46, 65, 6]",8,7,free_flow_time,1.5045879523188734
4888,22,6,2,"[22, 33, 60, 52, 55, 61, 46, 59, 65, 6]",10,9,free_flow_time,1.5400940100821152
4889,22,6,3,"[22, 33, 60, 52, 55, 61, 36, 46, 65, 6]",10,9,free_flow_time,1.5655334499884932
4890,22,6,4,"[22, 33, 52, 55, 61, 46, 59, 65, 6]",9,8,free_flow_time,1.6023427088119202
4891,22,6,5,"[22, 33, 31, 60, 52, 55, 61, 46, 65, 6]",10,9,free_flow_time,1.6081224343267404
4892,22,6,6,"[22, 33, 52, 55, 61, 36, 46, 65, 6]",9,8,free_flow_time,1.6277821487182982
4893,22,6,7,"[22, 33, 39, 31, 60, 52, 55, 61, 46, 65, 6]",11,10,free_flow_time,1.6502705581917658
4894,22,6,8,"[22, 33, 60, 54, 43, 36, 46, 65, 6]",9,8,free_flow_time,1.6553434430249083
4895,22,6,9,"[22, 33, 60, 52, 55, 61, 36, 46, 59, 65, 6]",11,10,free_flow_time,1.6632882064815402
4896,22,7,0,"[22, 33, 60, 51, 7]",5,4,free_flow_time,0.5647684080482307
4897,22,7,1,"[22, 33, 39, 42, 51, 7]",6,5,free_flow_time,0.6544599827375901
4898,22,7,2,"[22, 33, 31, 39, 42, 51, 7]",7,6,free_flow_time,0.702708937494043
4899,22,7,3,"[22, 33, 31, 60, 51, 7]",6,5,free_flow_time,0.7305515887859028
4900,22,7,4,"[22, 33, 31, 42, 51, 7]",6,5,free_flow_time,0.7458735513392675
4901,22,7,5,"[22, 33, 39, 31, 60, 51, 7]",7,6,free_flow_time,0.7726997126509282
4902,22,7,6,"[22, 33, 39, 31, 42, 51, 7]",7,6,free_flow_time,0.7880216752042929
4903,22,7,7,"[22, 33, 39, 42, 60, 51, 7]",7,6,free_flow_time,0.8828627607533693
4904,22,7,8,"[22, 33, 31, 39, 42, 60, 51, 7]",8,7,free_flow_time,0.9311117155098222
4905,22,7,9,"[22, 33, 31, 42, 60, 51, 7]",7,6,free_flow_time,0.9742763293550466
4906,22,8,0,"[22, 33, 29, 8]",4,3,free_flow_time,0.39116117563735037
4907,22,8,1,"[22, 33, 39, 29, 8]",5,4,free_flow_time,0.8020186989701801
4908,22,8,2,"[22, 33, 27, 29, 8]",5,4,free_flow_time,0.8161269294037079
4909,22,8,3,"[22, 33, 31, 39, 29, 8]",6,5,free_flow_time,0.8502676537266329
4910,22,8,4,"[22, 33, 31, 42, 39, 29, 8]",7,6,free_flow_time,1.1079008061805524
4911,22,8,5,"[22, 33, 39, 42, 29, 8]",6,5,free_flow_time,1.120194209419146
4912,22,8,6,"[22, 33, 31, 39, 42, 29, 8]",7,6,free_flow_time,1.1684431641755988
4913,22,8,7,"[22, 33, 31, 42, 29, 8]",6,5,free_flow_time,1.2116077780208232
4914,22,8,8,"[22, 33, 39, 31, 42, 29, 8]",7,6,free_flow_time,1.2537559018858486
4915,22,8,9,"[22, 33, 60, 31, 39, 29, 8]",7,6,free_flow_time,1.2540200532156207
4916,22,9,0,"[22, 33, 60, 51, 44, 49, 9]",7,6,free_flow_time,0.9451253733755453
4917,22,9,1,"[22, 33, 60, 44, 49, 9]",6,5,free_flow_time,0.9644448826932094
4918,22,9,2,"[22, 33, 60, 54, 44, 49, 9]",7,6,free_flow_time,0.9991741686867815
4919,22,9,3,"[22, 33, 60, 54, 49, 9]",6,5,free_flow_time,1.0282712390522972
4920,22,9,4,"[22, 33, 39, 42, 51, 44, 49, 9]",8,7,free_flow_time,1.0348169480649045
4921,22,9,5,"[22, 33, 31, 39, 42, 51, 44, 49, 9]",9,8,free_flow_time,1.0830659028213574
4922,22,9,6,"[22, 33, 60, 51, 44, 54, 49, 9]",8,7,free_flow_time,1.1056633822453747
4923,22,9,7,"[22, 33, 31, 60, 51, 44, 49, 9]",8,7,free_flow_time,1.110908554113217
4924,22,9,8,"[22, 33, 60, 44, 54, 49, 9]",7,6,free_flow_time,1.1249828915630389
4925,22,9,9,"[22, 33, 31, 42, 51, 44, 49, 9]",8,7,free_flow_time,1.1262305166665818
4926,22,10,0,"[22, 33, 29, 10]",4,3,free_flow_time,0.3923485508166415
4927,22,10,1,"[22, 33, 39, 29, 10]",5,4,free_flow_time,0.8032060741494712
4928,22,10,2,"[22, 33, 27, 29, 10]",5,4,free_flow_time,0.817314304582999
4929,22,10,3,"[22, 33, 31, 39, 29, 10]",6,5,free_flow_time,0.8514550289059241
4930,22,10,4,"[22, 33, 31, 42, 39, 29, 10]",7,6,free_flow_time,1.1090881813598437
4931,22,10,5,"[22, 33, 39, 42, 29, 10]",6,5,free_flow_time,1.1213815845984372
4932,22,10,6,"[22, 33, 31, 39, 42, 29, 10]",7,6,free_flow_time,1.16963053935489
4933,22,10,7,"[22, 33, 31, 42, 29, 10]",6,5,free_flow_time,1.2127951532001144
4934,22,10,8,"[22, 33, 39, 31, 42, 29, 10]",7,6,free_flow_time,1.2549432770651399
4935,22,10,9,"[22, 33, 60, 31, 39, 29, 10]",7,6,free_flow_time,1.255207428394912
4936,22,11,0,"[22, 33, 39, 42, 30, 40, 11]",7,6,free_flow_time,0.9335309914202006
4937,22,11,1,"[22, 33, 31, 39, 42, 30, 40, 11]",8,7,free_flow_time,0.9817799461766534
4938,22,11,2,"[22, 33, 31, 42, 30, 40, 11]",7,6,free_flow_time,1.024944560021878
4939,22,11,3,"[22, 33, 39, 31, 42, 30, 40, 11]",8,7,free_flow_time,1.0670926838869035
4940,22,11,4,"[22, 33, 60, 42, 30, 40, 11]",7,6,free_flow_time,1.2812268551593875
4941,22,11,5,"[22, 33, 60, 51, 30, 40, 11]",7,6,free_flow_time,1.2858728862428173
4942,22,11,6,"[22, 33, 39, 42, 51, 30, 40, 11]",8,7,free_flow_time,1.3755644609321767
4943,22,11,7,"[22, 33, 60, 51, 50, 40, 11]",7,6,free_flow_time,1.3828502728812537
4944,22,11,8,"[22, 33, 60, 31, 39, 42, 30, 40, 11]",9,8,free_flow_time,1.3855323456656414
4945,22,11,9,"[22, 33, 39, 42, 28, 40, 11]",7,6,free_flow_time,1.4057345739439733
4946,22,12,0,"[22, 33, 60, 54, 43, 12]",6,5,free_flow_time,1.1342802129973795
4947,22,12,1,"[22, 33, 60, 51, 44, 49, 43, 12]",8,7,free_flow_time,1.2050238884116071
4948,22,12,2,"[22, 33, 60, 51, 44, 54, 43, 12]",8,7,free_flow_time,1.211672356190457
4949,22,12,3,"[22, 33, 60, 44, 49, 43, 12]",7,6,free_flow_time,1.2243433977292713
4950,22,12,4,"[22, 33, 60, 44, 54, 43, 12]",7,6,free_flow_time,1.2309918655081211
4951,22,12,5,"[22, 33, 60, 52, 55, 43, 12]",7,6,free_flow_time,1.243513072452539
4952,22,12,6,"[22, 33, 60, 54, 44, 49, 43, 12]",8,7,free_flow_time,1.2590726837228434
4953,22,12,7,"[22, 33, 60, 54, 49, 43, 12]",7,6,free_flow_time,1.2881697540883592
4954,22,12,8,"[22, 33, 39, 42, 51, 44, 49, 43, 12]",9,8,free_flow_time,1.2947154631009665
4955,22,12,9,"[22, 33, 31, 60, 54, 43, 12]",7,6,free_flow_time,1.3000633937350514
4956,22,13,0,"[22, 33, 27, 45, 13]",5,4,free_flow_time,0.8077717352332421
4957,22,13,1,"[22, 33, 29, 27, 45, 13]",6,5,free_flow_time,1.1411949228710703
4958,22,13,2,"[22, 33, 60, 52, 32, 45, 13]",7,6,free_flow_time,1.2545489554293308
4959,22,13,3,"[22, 33, 52, 32, 45, 13]",6,5,free_flow_time,1.3167976541591357
4960,22,13,4,"[22, 33, 27, 37, 58, 45, 13]",7,6,free_flow_time,1.3889282490911887
4961,22,13,5,"[22, 33, 31, 60, 52, 32, 45, 13]",8,7,free_flow_time,1.420332136167003
4962,22,13,6,"[22, 33, 27, 58, 45, 13]",6,5,free_flow_time,1.447883492087412
4963,22,13,7,"[22, 33, 60, 52, 32, 63, 45, 13]",8,7,free_flow_time,1.454733589849632
4964,22,13,8,"[22, 33, 39, 31, 60, 52, 32, 45, 13]",9,8,free_flow_time,1.4624802600320284
4965,22,13,9,"[22, 33, 60, 52, 32, 41, 63, 45, 13]",9,8,free_flow_time,1.4629783109154975
4966,22,14,0,"[22, 33, 29, 14]",4,3,free_flow_time,0.3913723651796142
4967,22,14,1,"[22, 33, 39, 29, 14]",5,4,free_flow_time,0.802229888512444
4968,22,14,2,"[22, 33, 27, 29, 14]",5,4,free_flow_time,0.8163381189459719
4969,22,14,3,"[22, 33, 31, 39, 29, 14]",6,5,free_flow_time,0.8504788432688969
4970,22,14,4,"[22, 33, 31, 42, 39, 29, 14]",7,6,free_flow_time,1.1081119957228163
4971,22,14,5,"[22, 33, 39, 42, 29, 14]",6,5,free_flow_time,1.1204053989614098
4972,22,14,6,"[22, 33, 31, 39, 42, 29, 14]",7,6,free_flow_time,1.1686543537178626
4973,22,14,7,"[22, 33, 31, 42, 29, 14]",6,5,free_flow_time,1.211818967563087
4974,22,14,8,"[22, 33, 39, 31, 42, 29, 14]",7,6,free_flow_time,1.2539670914281125
4975,22,14,9,"[22, 33, 60, 31, 39, 29, 14]",7,6,free_flow_time,1.2542312427578846
4976,22,15,0,"[22, 33, 39, 42, 30, 15]",6,5,free_flow_time,0.7453160835053209
4977,22,15,1,"[22, 33, 31, 39, 42, 30, 15]",7,6,free_flow_time,0.7935650382617737
4978,22,15,2,"[22, 33, 31, 42, 30, 15]",6,5,free_flow_time,0.8367296521069982
4979,22,15,3,"[22, 33, 39, 31, 42, 30, 15]",7,6,free_flow_time,0.8788777759720237
4980,22,15,4,"[22, 33, 60, 42, 30, 15]",6,5,free_flow_time,1.093011947244508
4981,22,15,5,"[22, 33, 60, 51, 30, 15]",6,5,free_flow_time,1.0976579783279377
4982,22,15,6,"[22, 33, 39, 42, 51, 30, 15]",7,6,free_flow_time,1.187349553017297
4983,22,15,7,"[22, 33, 60, 31, 39, 42, 30, 15]",8,7,free_flow_time,1.1973174377507618
4984,22,15,8,"[22, 33, 31, 39, 42, 51, 30, 15]",8,7,free_flow_time,1.23559850777375
4985,22,15,9,"[22, 33, 60, 31, 42, 30, 15]",7,6,free_flow_time,1.2404820515959862
4986,22,16,0,"[22, 33, 39, 42, 30, 40, 16]",7,6,free_flow_time,0.933475352174661
4987,22,16,1,"[22, 33, 31, 39, 42, 30, 40, 16]",8,7,free_flow_time,0.9817243069311139
4988,22,16,2,"[22, 33, 31, 42, 30, 40, 16]",7,6,free_flow_time,1.0248889207763385
4989,22,16,3,"[22, 33, 39, 31, 42, 30, 40, 16]",8,7,free_flow_time,1.067037044641364
4990,22,16,4,"[22, 33, 60, 42, 30, 40, 16]",7,6,free_flow_time,1.281171215913848
4991,22,16,5,"[22, 33, 60, 51, 30, 40, 16]",7,6,free_flow_time,1.2858172469972777
4992,22,16,6,"[22, 33, 39, 42, 51, 30, 40, 16]",8,7,free_flow_time,1.3755088216866371
4993,22,16,7,"[22, 33, 60, 51, 50, 40, 16]",7,6,free_flow_time,1.3827946336357142
4994,22,16,8,"[22, 33, 60, 31, 39, 42, 30, 40, 16]",9,8,free_flow_time,1.385476706420102
4995,22,16,9,"[22, 33, 39, 42, 28, 40, 16]",7,6,free_flow_time,1.4056789346984337
4996,22,17,0,"[22, 33, 60, 51, 44, 49, 62, 17]",8,7,free_flow_time,1.456049363127919
4997,22,17,1,"[22, 33, 60, 44, 49, 62, 17]",7,6,free_flow_time,1.475368872445583
4998,22,17,2,"[22, 33, 60, 54, 44, 49, 62, 17]",8,7,free_flow_time,1.5100981584391553
4999,22,17,3,"[22, 33, 60, 54, 49, 62, 17]",7,6,free_flow_time,1.539195228804671
5000,22,17,4,"[22, 33, 39, 42, 51, 44, 49, 62, 17]",9,8,free_flow_time,1.5457409378172784
5001,22,17,5,"[22, 33, 31, 39, 42, 51, 44, 49, 62, 17]",10,9,free_flow_time,1.593989892573731
5002,22,17,6,"[22, 33, 60, 51, 44, 49, 47, 62, 17]",9,8,free_flow_time,1.6083035138046657
5003,22,17,7,"[22, 33, 60, 51, 44, 54, 49, 62, 17]",9,8,free_flow_time,1.6165873719977486
5004,22,17,8,"[22, 33, 31, 60, 51, 44, 49, 62, 17]",9,8,free_flow_time,1.6218325438655907
5005,22,17,9,"[22, 33, 60, 44, 49, 47, 62, 17]",8,7,free_flow_time,1.6276230231223299
5006,22,18,0,"[22, 33, 60, 51, 18]",5,4,free_flow_time,0.5649142150296953
5007,22,18,1,"[22, 33, 39, 42, 51, 18]",6,5,free_flow_time,0.6546057897190547
5008,22,18,2,"[22, 33, 31, 39, 42, 51, 18]",7,6,free_flow_time,0.7028547444755076
5009,22,18,3,"[22, 33, 31, 60, 51, 18]",6,5,free_flow_time,0.7306973957673674
5010,22,18,4,"[22, 33, 31, 42, 51, 18]",6,5,free_flow_time,0.7460193583207321
5011,22,18,5,"[22, 33, 39, 31, 60, 51, 18]",7,6,free_flow_time,0.7728455196323928
5012,22,18,6,"[22, 33, 39, 31, 42, 51, 18]",7,6,free_flow_time,0.7881674821857575
5013,22,18,7,"[22, 33, 39, 42, 60, 51, 18]",7,6,free_flow_time,0.8830085677348339
5014,22,18,8,"[22, 33, 31, 39, 42, 60, 51, 18]",8,7,free_flow_time,0.9312575224912868
5015,22,18,9,"[22, 33, 31, 42, 60, 51, 18]",7,6,free_flow_time,0.9744221363365112
5016,22,19,0,"[22, 33, 60, 52, 55, 61, 46, 65, 19]",9,8,free_flow_time,1.4421135980458637
5017,22,19,1,"[22, 33, 52, 55, 61, 46, 65, 19]",8,7,free_flow_time,1.5043622967756687
5018,22,19,2,"[22, 33, 60, 52, 55, 61, 46, 59, 65, 19]",10,9,free_flow_time,1.5398683545389105
5019,22,19,3,"[22, 33, 60, 52, 55, 61, 36, 46, 65, 19]",10,9,free_flow_time,1.5653077944452884
5020,22,19,4,"[22, 33, 52, 55, 61, 46, 59, 65, 19]",9,8,free_flow_time,1.6021170532687155
5021,22,19,5,"[22, 33, 31, 60, 52, 55, 61, 46, 65, 19]",10,9,free_flow_time,1.6078967787835357
5022,22,19,6,"[22, 33, 52, 55, 61, 36, 46, 65, 19]",9,8,free_flow_time,1.6275564931750934
5023,22,19,7,"[22, 33, 39, 31, 60, 52, 55, 61, 46, 65, 19]",11,10,free_flow_time,1.650044902648561
5024,22,19,8,"[22, 33, 60, 54, 43, 36, 46, 65, 19]",9,8,free_flow_time,1.6551177874817036
5025,22,19,9,"[22, 33, 60, 52, 55, 61, 36, 46, 59, 65, 19]",11,10,free_flow_time,1.6630625509383354
5026,22,20,0,"[22, 33, 29, 20]",4,3,free_flow_time,0.3917807852325181
5027,22,20,1,"[22, 33, 39, 29, 20]",5,4,free_flow_time,0.8026383085653479
5028,22,20,2,"[22, 33, 27, 29, 20]",5,4,free_flow_time,0.8167465389988757
5029,22,20,3,"[22, 33, 31, 39, 29, 20]",6,5,free_flow_time,0.8508872633218008
5030,22,20,4,"[22, 33, 31, 42, 39, 29, 20]",7,6,free_flow_time,1.1085204157757202
5031,22,20,5,"[22, 33, 39, 42, 29, 20]",6,5,free_flow_time,1.1208138190143138
5032,22,20,6,"[22, 33, 31, 39, 42, 29, 20]",7,6,free_flow_time,1.1690627737707666
5033,22,20,7,"[22, 33, 31, 42, 29, 20]",6,5,free_flow_time,1.212227387615991
5034,22,20,8,"[22, 33, 39, 31, 42, 29, 20]",7,6,free_flow_time,1.2543755114810164
5035,22,20,9,"[22, 33, 60, 31, 39, 29, 20]",7,6,free_flow_time,1.2546396628107885
5036,22,21,0,"[22, 33, 39, 21]",4,3,free_flow_time,0.19590916254555377
5037,22,21,1,"[22, 33, 31, 39, 21]",5,4,free_flow_time,0.24415811730200662
5038,22,21,2,"[22, 33, 31, 42, 39, 21]",6,5,free_flow_time,0.5017912697559261
5039,22,21,3,"[22, 33, 60, 31, 39, 21]",6,5,free_flow_time,0.6479105167909944
5040,22,21,4,"[22, 33, 60, 42, 39, 21]",6,5,free_flow_time,0.7580735648934356
5041,22,21,5,"[22, 33, 60, 42, 31, 39, 21]",7,6,free_flow_time,0.8916352573601383
5042,22,21,6,"[22, 33, 60, 31, 42, 39, 21]",7,6,free_flow_time,0.905543669244914
5043,22,21,7,"[22, 33, 31, 60, 42, 39, 21]",7,6,free_flow_time,0.9238567456311076
5044,22,21,8,"[22, 33, 29, 39, 21]",5,4,free_flow_time,0.9969218536303766
5045,22,21,9,"[22, 33, 60, 51, 42, 39, 21]",7,6,free_flow_time,1.0227750923903858
5046,22,22,0,"[22, 33, 22]",3,2,free_flow_time,0.0011335999521574372
5047,22,23,0,"[22, 33, 60, 54, 43, 23]",6,5,free_flow_time,1.1333723799764452
5048,22,23,1,"[22, 33, 60, 51, 44, 49, 43, 23]",8,7,free_flow_time,1.204116055390673
5049,22,23,2,"[22, 33, 60, 51, 44, 54, 43, 23]",8,7,free_flow_time,1.2107645231695228
5050,22,23,3,"[22, 33, 60, 44, 49, 43, 23]",7,6,free_flow_time,1.223435564708337
5051,22,23,4,"[22, 33, 60, 44, 54, 43, 23]",7,6,free_flow_time,1.230084032487187
5052,22,23,5,"[22, 33, 60, 52, 55, 43, 23]",7,6,free_flow_time,1.2426052394316047
5053,22,23,6,"[22, 33, 60, 54, 44, 49, 43, 23]",8,7,free_flow_time,1.2581648507019092
5054,22,23,7,"[22, 33, 60, 54, 49, 43, 23]",7,6,free_flow_time,1.287261921067425
5055,22,23,8,"[22, 33, 39, 42, 51, 44, 49, 43, 23]",9,8,free_flow_time,1.2938076300800323
5056,22,23,9,"[22, 33, 31, 60, 54, 43, 23]",7,6,free_flow_time,1.2991555607141172
5057,22,24,0,"[22, 33, 60, 52, 55, 56, 24]",7,6,free_flow_time,1.5036389147058862
5058,22,24,1,"[22, 33, 60, 52, 55, 61, 46, 56, 24]",9,8,free_flow_time,1.5474486339117035
5059,22,24,2,"[22, 33, 52, 55, 56, 24]",6,5,free_flow_time,1.5658876134356912
5060,22,24,3,"[22, 33, 60, 52, 55, 61, 56, 24]",8,7,free_flow_time,1.579695284636663
5061,22,24,4,"[22, 33, 52, 55, 61, 46, 56, 24]",8,7,free_flow_time,1.6096973326415085
5062,22,24,5,"[22, 33, 52, 55, 61, 56, 24]",7,6,free_flow_time,1.641943983366468
5063,22,24,6,"[22, 33, 31, 60, 52, 55, 56, 24]",8,7,free_flow_time,1.6694220954435581
5064,22,24,7,"[22, 33, 60, 52, 55, 61, 36, 46, 56, 24]",10,9,free_flow_time,1.6706428303111283
5065,22,24,8,"[22, 33, 39, 31, 60, 52, 55, 56, 24]",9,8,free_flow_time,1.7115702193085836
5066,22,24,9,"[22, 33, 31, 60, 52, 55, 61, 46, 56, 24]",10,9,free_flow_time,1.7132318146493755
5067,22,25,0,"[22, 33, 60, 51, 44, 35, 25]",7,6,free_flow_time,1.2527319037634603
5068,22,25,1,"[22, 33, 60, 44, 35, 25]",6,5,free_flow_time,1.2720514130811245
5069,22,25,2,"[22, 33, 60, 54, 44, 35, 25]",7,6,free_flow_time,1.3067806990746966
5070,22,25,3,"[22, 33, 39, 42, 51, 44, 35, 25]",8,7,free_flow_time,1.3424234784528197
5071,22,25,4,"[22, 33, 31, 39, 42, 51, 44, 35, 25]",9,8,free_flow_time,1.3906724332092726
5072,22,25,5,"[22, 33, 31, 60, 51, 44, 35, 25]",8,7,free_flow_time,1.4185150845011323
5073,22,25,6,"[22, 33, 60, 51, 50, 34, 35, 25]",8,7,free_flow_time,1.4323449875743424
5074,22,25,7,"[22, 33, 31, 42, 51, 44, 35, 25]",8,7,free_flow_time,1.433837047054497
5075,22,25,8,"[22, 33, 31, 60, 44, 35, 25]",7,6,free_flow_time,1.4378345938187964
5076,22,25,9,"[22, 33, 39, 31, 60, 51, 44, 35, 25]",9,8,free_flow_time,1.4606632083661577
5077,23,1,0,"[23, 43, 49, 44, 51, 30, 40, 1]",8,7,free_flow_time,1.361964219214061
5078,23,1,1,"[23, 43, 54, 44, 51, 30, 40, 1]",8,7,free_flow_time,1.3686126869929107
5079,23,1,2,"[23, 43, 49, 44, 51, 50, 40, 1]",8,7,free_flow_time,1.4589416058524975
5080,23,1,3,"[23, 43, 54, 44, 51, 50, 40, 1]",8,7,free_flow_time,1.4655900736313474
5081,23,1,4,"[23, 43, 49, 54, 44, 51, 30, 40, 1]",9,8,free_flow_time,1.5225022280838907
5082,23,1,5,"[23, 43, 49, 44, 51, 50, 30, 40, 1]",9,8,free_flow_time,1.5496123135671729
5083,23,1,6,"[23, 43, 54, 44, 51, 50, 30, 40, 1]",9,8,free_flow_time,1.556260781346023
5084,23,1,7,"[23, 43, 54, 49, 44, 51, 30, 40, 1]",9,8,free_flow_time,1.6054520175517175
5085,23,1,8,"[23, 43, 49, 54, 44, 51, 50, 40, 1]",9,8,free_flow_time,1.6194796147223272
5086,23,1,9,"[23, 43, 49, 44, 51, 42, 30, 40, 1]",9,8,free_flow_time,1.6220197156275813
5087,23,2,0,"[23, 43, 55, 26, 48, 2]",6,5,free_flow_time,1.0547024157483191
5088,23,2,1,"[23, 43, 36, 61, 55, 26, 48, 2]",8,7,free_flow_time,1.1143027353724988
5089,23,2,2,"[23, 43, 61, 55, 26, 48, 2]",7,6,free_flow_time,1.1306102485340084
5090,23,2,3,"[23, 43, 36, 46, 56, 26, 48, 2]",8,7,free_flow_time,1.2393182993033973
5091,23,2,4,"[23, 43, 36, 61, 46, 56, 26, 48, 2]",9,8,free_flow_time,1.2473796507946335
5092,23,2,5,"[23, 43, 61, 46, 56, 26, 48, 2]",8,7,free_flow_time,1.2636871639561431
5093,23,2,6,"[23, 43, 36, 61, 56, 26, 48, 2]",8,7,free_flow_time,1.279626301519593
5094,23,2,7,"[23, 43, 61, 56, 26, 48, 2]",7,6,free_flow_time,1.2959338146811026
5095,23,2,8,"[23, 43, 55, 56, 26, 48, 2]",7,6,free_flow_time,1.3213362931327726
5096,23,2,9,"[23, 43, 55, 61, 46, 56, 26, 48, 2]",9,8,free_flow_time,1.3651460123385901
5097,23,3,0,"[23, 43, 49, 44, 51, 30, 3]",7,6,free_flow_time,1.1736010659915184
5098,23,3,1,"[23, 43, 54, 44, 51, 30, 3]",7,6,free_flow_time,1.180249533770368
5099,23,3,2,"[23, 43, 49, 54, 44, 51, 30, 3]",8,7,free_flow_time,1.334139074861348
5100,23,3,3,"[23, 43, 49, 44, 51, 50, 30, 3]",8,7,free_flow_time,1.3612491603446302
5101,23,3,4,"[23, 43, 54, 44, 51, 50, 30, 3]",8,7,free_flow_time,1.3678976281234803
5102,23,3,5,"[23, 43, 54, 49, 44, 51, 30, 3]",8,7,free_flow_time,1.4170888643291748
5103,23,3,6,"[23, 43, 49, 44, 51, 42, 30, 3]",8,7,free_flow_time,1.4336565624050386
5104,23,3,7,"[23, 43, 54, 44, 51, 42, 30, 3]",8,7,free_flow_time,1.4403050301838884
5105,23,3,8,"[23, 43, 49, 54, 44, 51, 50, 30, 3]",9,8,free_flow_time,1.5217871692144598
5106,23,3,9,"[23, 43, 49, 44, 50, 30, 3]",7,6,free_flow_time,1.5424906385901713
5107,23,4,0,"[23, 43, 36, 46, 56, 57, 4]",7,6,free_flow_time,1.2691877158229594
5108,23,4,1,"[23, 43, 36, 61, 46, 56, 57, 4]",8,7,free_flow_time,1.2772490673141959
5109,23,4,2,"[23, 43, 61, 46, 56, 57, 4]",7,6,free_flow_time,1.2935565804757054
5110,23,4,3,"[23, 43, 36, 61, 56, 57, 4]",7,6,free_flow_time,1.3094957180391553
5111,23,4,4,"[23, 43, 61, 56, 57, 4]",6,5,free_flow_time,1.325803231200665
5112,23,4,5,"[23, 43, 55, 26, 48, 57, 4]",7,6,free_flow_time,1.344419913191222
5113,23,4,6,"[23, 43, 55, 56, 57, 4]",6,5,free_flow_time,1.3512057096523349
5114,23,4,7,"[23, 43, 55, 61, 46, 56, 57, 4]",8,7,free_flow_time,1.3950154288581522
5115,23,4,8,"[23, 43, 36, 61, 55, 26, 48, 57, 4]",9,8,free_flow_time,1.4040202328154017
5116,23,4,9,"[23, 43, 36, 61, 55, 56, 57, 4]",8,7,free_flow_time,1.4108060292765146
5117,23,5,0,"[23, 43, 55, 52, 5]",5,4,free_flow_time,0.5865954482813128
5118,23,5,1,"[23, 43, 36, 61, 55, 52, 5]",7,6,free_flow_time,0.6461957679054925
5119,23,5,2,"[23, 43, 61, 55, 52, 5]",6,5,free_flow_time,0.6625032810670021
5120,23,5,3,"[23, 43, 54, 52, 5]",5,4,free_flow_time,0.7378990702806315
5121,23,5,4,"[23, 43, 49, 44, 54, 52, 5]",7,6,free_flow_time,0.8626915410060955
5122,23,5,5,"[23, 43, 52, 5]",4,3,free_flow_time,0.8708465763400208
5123,23,5,6,"[23, 43, 49, 54, 52, 5]",6,5,free_flow_time,0.8917886113716113
5124,23,5,7,"[23, 43, 36, 46, 61, 55, 52, 5]",8,7,free_flow_time,0.9263226030068382
5125,23,5,8,"[23, 43, 54, 60, 52, 5]",6,5,free_flow_time,1.1544888123397956
5126,23,5,9,"[23, 43, 49, 44, 51, 60, 52, 5]",8,7,free_flow_time,1.2252324877540235
5127,23,6,0,"[23, 43, 36, 46, 65, 6]",6,5,free_flow_time,0.5222993447634644
5128,23,6,1,"[23, 43, 36, 61, 46, 65, 6]",7,6,free_flow_time,0.5303606962547008
5129,23,6,2,"[23, 43, 61, 46, 65, 6]",6,5,free_flow_time,0.5466682094162104
5130,23,6,3,"[23, 43, 36, 46, 59, 65, 6]",7,6,free_flow_time,0.6200541012565113
5131,23,6,4,"[23, 43, 36, 61, 46, 59, 65, 6]",8,7,free_flow_time,0.6281154527477477
5132,23,6,5,"[23, 43, 61, 46, 59, 65, 6]",7,6,free_flow_time,0.6444229659092573
5133,23,6,6,"[23, 43, 55, 61, 46, 65, 6]",7,6,free_flow_time,0.6481270577986572
5134,23,6,7,"[23, 43, 61, 36, 46, 65, 6]",7,6,free_flow_time,0.6698624058156352
5135,23,6,8,"[23, 43, 36, 65, 6]",5,4,free_flow_time,0.7149849913553957
5136,23,6,9,"[23, 43, 55, 61, 46, 59, 65, 6]",8,7,free_flow_time,0.7458818142917041
5137,23,7,0,"[23, 43, 49, 44, 51, 7]",6,5,free_flow_time,0.6403281528288156
5138,23,7,1,"[23, 43, 54, 44, 51, 7]",6,5,free_flow_time,0.6469766206076654
5139,23,7,2,"[23, 43, 49, 54, 44, 51, 7]",7,6,free_flow_time,0.8008661616986451
5140,23,7,3,"[23, 43, 54, 49, 44, 51, 7]",7,6,free_flow_time,0.8838159511664722
5141,23,7,4,"[23, 43, 49, 44, 50, 51, 7]",7,6,free_flow_time,1.0546291549344813
5142,23,7,5,"[23, 43, 54, 44, 50, 51, 7]",7,6,free_flow_time,1.061277622713331
5143,23,7,6,"[23, 43, 54, 60, 51, 7]",6,5,free_flow_time,1.062688782927317
5144,23,7,7,"[23, 43, 49, 44, 60, 51, 7]",7,6,free_flow_time,1.1527519676592088
5145,23,7,8,"[23, 43, 54, 44, 60, 51, 7]",7,6,free_flow_time,1.1594004354380587
5146,23,7,9,"[23, 43, 55, 52, 60, 51, 7]",7,6,free_flow_time,1.1719216423824765
5147,23,8,0,"[23, 43, 54, 60, 33, 29, 8]",7,6,free_flow_time,1.523399955661638
5148,23,8,1,"[23, 43, 55, 52, 27, 29, 8]",7,6,free_flow_time,1.545354447985745
5149,23,8,2,"[23, 43, 49, 44, 51, 60, 33, 29, 8]",9,8,free_flow_time,1.5941436310758657
5150,23,8,3,"[23, 43, 54, 44, 51, 60, 33, 29, 8]",9,8,free_flow_time,1.6007920988547155
5151,23,8,4,"[23, 43, 36, 61, 55, 52, 27, 29, 8]",9,8,free_flow_time,1.6049547676099247
5152,23,8,5,"[23, 43, 49, 44, 60, 33, 29, 8]",8,7,free_flow_time,1.6134631403935298
5153,23,8,6,"[23, 43, 54, 44, 60, 33, 29, 8]",8,7,free_flow_time,1.6201116081723796
5154,23,8,7,"[23, 43, 61, 55, 52, 27, 29, 8]",8,7,free_flow_time,1.6212622807714343
5155,23,8,8,"[23, 43, 55, 52, 60, 33, 29, 8]",8,7,free_flow_time,1.6326328151167975
5156,23,8,9,"[23, 43, 49, 44, 54, 60, 33, 29, 8]",9,8,free_flow_time,1.648192426387102
5157,23,9,0,"[23, 43, 49, 9]",4,3,free_flow_time,0.2607193201204733
5158,23,9,1,"[23, 43, 54, 44, 49, 9]",6,5,free_flow_time,0.47511004809261403
5159,23,9,2,"[23, 43, 54, 49, 9]",5,4,free_flow_time,0.5042071184581298
5160,23,9,3,"[23, 43, 36, 62, 49, 9]",6,5,free_flow_time,1.1286867284336801
5161,23,9,4,"[23, 43, 55, 52, 54, 44, 49, 9]",8,7,free_flow_time,1.1897376609618633
5162,23,9,5,"[23, 43, 55, 52, 54, 49, 9]",7,6,free_flow_time,1.218834731327379
5163,23,9,6,"[23, 43, 36, 61, 55, 52, 54, 44, 49, 9]",10,9,free_flow_time,1.249337980586043
5164,23,9,7,"[23, 43, 61, 55, 52, 54, 44, 49, 9]",9,8,free_flow_time,1.2656454937475525
5165,23,9,8,"[23, 43, 61, 36, 62, 49, 9]",7,6,free_flow_time,1.2762497894858509
5166,23,9,9,"[23, 43, 36, 61, 55, 52, 54, 49, 9]",9,8,free_flow_time,1.2784350509515587
5167,23,10,0,"[23, 43, 54, 60, 33, 29, 10]",7,6,free_flow_time,1.5245873308409292
5168,23,10,1,"[23, 43, 55, 52, 27, 29, 10]",7,6,free_flow_time,1.5465418231650363
5169,23,10,2,"[23, 43, 49, 44, 51, 60, 33, 29, 10]",9,8,free_flow_time,1.595331006255157
5170,23,10,3,"[23, 43, 54, 44, 51, 60, 33, 29, 10]",9,8,free_flow_time,1.6019794740340068
5171,23,10,4,"[23, 43, 36, 61, 55, 52, 27, 29, 10]",9,8,free_flow_time,1.606142142789216
5172,23,10,5,"[23, 43, 49, 44, 60, 33, 29, 10]",8,7,free_flow_time,1.614650515572821
5173,23,10,6,"[23, 43, 54, 44, 60, 33, 29, 10]",8,7,free_flow_time,1.6212989833516709
5174,23,10,7,"[23, 43, 61, 55, 52, 27, 29, 10]",8,7,free_flow_time,1.6224496559507255
5175,23,10,8,"[23, 43, 55, 52, 60, 33, 29, 10]",8,7,free_flow_time,1.6338201902960887
5176,23,10,9,"[23, 43, 49, 44, 54, 60, 33, 29, 10]",9,8,free_flow_time,1.6493798015663932
5177,23,11,0,"[23, 43, 49, 44, 51, 30, 40, 11]",8,7,free_flow_time,1.3614326310234022
5178,23,11,1,"[23, 43, 54, 44, 51, 30, 40, 11]",8,7,free_flow_time,1.3680810988022518
5179,23,11,2,"[23, 43, 49, 44, 51, 50, 40, 11]",8,7,free_flow_time,1.4584100176618386
5180,23,11,3,"[23, 43, 54, 44, 51, 50, 40, 11]",8,7,free_flow_time,1.4650584854406885
5181,23,11,4,"[23, 43, 49, 54, 44, 51, 30, 40, 11]",9,8,free_flow_time,1.5219706398932318
5182,23,11,5,"[23, 43, 49, 44, 51, 50, 30, 40, 11]",9,8,free_flow_time,1.549080725376514
5183,23,11,6,"[23, 43, 54, 44, 51, 50, 30, 40, 11]",9,8,free_flow_time,1.555729193155364
5184,23,11,7,"[23, 43, 54, 49, 44, 51, 30, 40, 11]",9,8,free_flow_time,1.6049204293610586
5185,23,11,8,"[23, 43, 49, 54, 44, 51, 50, 40, 11]",9,8,free_flow_time,1.6189480265316682
5186,23,11,9,"[23, 43, 49, 44, 51, 42, 30, 40, 11]",9,8,free_flow_time,1.6214881274369224
5187,23,12,0,"[23, 43, 12]",3,2,free_flow_time,0.0012361147359355056
5188,23,13,0,"[23, 43, 55, 52, 32, 45, 13]",7,6,free_flow_time,1.1845759662499347
5189,23,13,1,"[23, 43, 36, 61, 55, 52, 32, 45, 13]",9,8,free_flow_time,1.2441762858741143
5190,23,13,2,"[23, 43, 61, 55, 52, 32, 45, 13]",8,7,free_flow_time,1.260483799035624
5191,23,13,3,"[23, 43, 54, 52, 32, 45, 13]",7,6,free_flow_time,1.3358795882492533
5192,23,13,4,"[23, 43, 55, 52, 32, 63, 45, 13]",8,7,free_flow_time,1.384760600670236
5193,23,13,5,"[23, 43, 55, 52, 32, 41, 63, 45, 13]",9,8,free_flow_time,1.3930053217361014
5194,23,13,6,"[23, 43, 36, 61, 55, 52, 32, 63, 45, 13]",10,9,free_flow_time,1.4443609202944157
5195,23,13,7,"[23, 43, 36, 61, 55, 52, 32, 41, 63, 45, 13]",11,10,free_flow_time,1.452605641360281
5196,23,13,8,"[23, 43, 61, 55, 52, 32, 63, 45, 13]",9,8,free_flow_time,1.4606684334559252
5197,23,13,9,"[23, 43, 49, 44, 54, 52, 32, 45, 13]",9,8,free_flow_time,1.460672058974717
5198,23,14,0,"[23, 43, 54, 60, 33, 29, 14]",7,6,free_flow_time,1.5236111452039018
5199,23,14,1,"[23, 43, 55, 52, 27, 29, 14]",7,6,free_flow_time,1.545565637528009
5200,23,14,2,"[23, 43, 49, 44, 51, 60, 33, 29, 14]",9,8,free_flow_time,1.5943548206181295
5201,23,14,3,"[23, 43, 54, 44, 51, 60, 33, 29, 14]",9,8,free_flow_time,1.6010032883969794
5202,23,14,4,"[23, 43, 36, 61, 55, 52, 27, 29, 14]",9,8,free_flow_time,1.6051659571521886
5203,23,14,5,"[23, 43, 49, 44, 60, 33, 29, 14]",8,7,free_flow_time,1.6136743299357936
5204,23,14,6,"[23, 43, 54, 44, 60, 33, 29, 14]",8,7,free_flow_time,1.6203227977146435
5205,23,14,7,"[23, 43, 61, 55, 52, 27, 29, 14]",8,7,free_flow_time,1.6214734703136982
5206,23,14,8,"[23, 43, 55, 52, 60, 33, 29, 14]",8,7,free_flow_time,1.6328440046590613
5207,23,14,9,"[23, 43, 49, 44, 54, 60, 33, 29, 14]",9,8,free_flow_time,1.6484036159293658
5208,23,15,0,"[23, 43, 49, 44, 51, 30, 15]",7,6,free_flow_time,1.1732177231085226
5209,23,15,1,"[23, 43, 54, 44, 51, 30, 15]",7,6,free_flow_time,1.1798661908873722
5210,23,15,2,"[23, 43, 49, 54, 44, 51, 30, 15]",8,7,free_flow_time,1.3337557319783522
5211,23,15,3,"[23, 43, 49, 44, 51, 50, 30, 15]",8,7,free_flow_time,1.3608658174616344
5212,23,15,4,"[23, 43, 54, 44, 51, 50, 30, 15]",8,7,free_flow_time,1.3675142852404845
5213,23,15,5,"[23, 43, 54, 49, 44, 51, 30, 15]",8,7,free_flow_time,1.416705521446179
5214,23,15,6,"[23, 43, 49, 44, 51, 42, 30, 15]",8,7,free_flow_time,1.4332732195220428
5215,23,15,7,"[23, 43, 54, 44, 51, 42, 30, 15]",8,7,free_flow_time,1.4399216873008926
5216,23,15,8,"[23, 43, 49, 54, 44, 51, 50, 30, 15]",9,8,free_flow_time,1.521403826331464
5217,23,15,9,"[23, 43, 49, 44, 50, 30, 15]",7,6,free_flow_time,1.5421072957071755
5218,23,16,0,"[23, 43, 49, 44, 51, 30, 40, 16]",8,7,free_flow_time,1.3613769917778626
5219,23,16,1,"[23, 43, 54, 44, 51, 30, 40, 16]",8,7,free_flow_time,1.3680254595567123
5220,23,16,2,"[23, 43, 49, 44, 51, 50, 40, 16]",8,7,free_flow_time,1.4583543784162991
5221,23,16,3,"[23, 43, 54, 44, 51, 50, 40, 16]",8,7,free_flow_time,1.465002846195149
5222,23,16,4,"[23, 43, 49, 54, 44, 51, 30, 40, 16]",9,8,free_flow_time,1.5219150006476923
5223,23,16,5,"[23, 43, 49, 44, 51, 50, 30, 40, 16]",9,8,free_flow_time,1.5490250861309744
5224,23,16,6,"[23, 43, 54, 44, 51, 50, 30, 40, 16]",9,8,free_flow_time,1.5556735539098245
5225,23,16,7,"[23, 43, 54, 49, 44, 51, 30, 40, 16]",9,8,free_flow_time,1.604864790115519
5226,23,16,8,"[23, 43, 49, 54, 44, 51, 50, 40, 16]",9,8,free_flow_time,1.6188923872861287
5227,23,16,9,"[23, 43, 49, 44, 51, 42, 30, 40, 16]",9,8,free_flow_time,1.6214324881913829
5228,23,17,0,"[23, 43, 36, 62, 17]",5,4,free_flow_time,0.6170039042486958
5229,23,17,1,"[23, 43, 61, 36, 62, 17]",6,5,free_flow_time,0.7645669653008665
5230,23,17,2,"[23, 43, 49, 62, 17]",5,4,free_flow_time,0.7716433098728468
5231,23,17,3,"[23, 43, 55, 61, 36, 62, 17]",7,6,free_flow_time,0.8660258136833133
5232,23,17,4,"[23, 43, 49, 47, 62, 17]",6,5,free_flow_time,0.9238974605495937
5233,23,17,5,"[23, 43, 62, 17]",4,3,free_flow_time,0.9701521269284141
5234,23,17,6,"[23, 43, 54, 44, 49, 62, 17]",7,6,free_flow_time,0.9860340378449876
5235,23,17,7,"[23, 43, 54, 49, 62, 17]",6,5,free_flow_time,1.0151311082105035
5236,23,17,8,"[23, 43, 61, 46, 36, 62, 17]",7,6,free_flow_time,1.0446938004022124
5237,23,17,9,"[23, 43, 36, 38, 62, 17]",6,5,free_flow_time,1.119804052936606
5238,23,18,0,"[23, 43, 49, 44, 51, 18]",6,5,free_flow_time,0.6404739598102802
5239,23,18,1,"[23, 43, 54, 44, 51, 18]",6,5,free_flow_time,0.64712242758913
5240,23,18,2,"[23, 43, 49, 54, 44, 51, 18]",7,6,free_flow_time,0.8010119686801097
5241,23,18,3,"[23, 43, 54, 49, 44, 51, 18]",7,6,free_flow_time,0.8839617581479368
5242,23,18,4,"[23, 43, 49, 44, 50, 51, 18]",7,6,free_flow_time,1.0547749619159459
5243,23,18,5,"[23, 43, 54, 44, 50, 51, 18]",7,6,free_flow_time,1.0614234296947955
5244,23,18,6,"[23, 43, 54, 60, 51, 18]",6,5,free_flow_time,1.0628345899087817
5245,23,18,7,"[23, 43, 49, 44, 60, 51, 18]",7,6,free_flow_time,1.1528977746406734
5246,23,18,8,"[23, 43, 54, 44, 60, 51, 18]",7,6,free_flow_time,1.1595462424195233
5247,23,18,9,"[23, 43, 55, 52, 60, 51, 18]",7,6,free_flow_time,1.1720674493639411
5248,23,19,0,"[23, 43, 36, 46, 65, 19]",6,5,free_flow_time,0.5220736892202597
5249,23,19,1,"[23, 43, 36, 61, 46, 65, 19]",7,6,free_flow_time,0.5301350407114961
5250,23,19,2,"[23, 43, 61, 46, 65, 19]",6,5,free_flow_time,0.5464425538730057
5251,23,19,3,"[23, 43, 36, 46, 59, 65, 19]",7,6,free_flow_time,0.6198284457133065
5252,23,19,4,"[23, 43, 36, 61, 46, 59, 65, 19]",8,7,free_flow_time,0.627889797204543
5253,23,19,5,"[23, 43, 61, 46, 59, 65, 19]",7,6,free_flow_time,0.6441973103660525
5254,23,19,6,"[23, 43, 55, 61, 46, 65, 19]",7,6,free_flow_time,0.6479014022554525
5255,23,19,7,"[23, 43, 61, 36, 46, 65, 19]",7,6,free_flow_time,0.6696367502724304
5256,23,19,8,"[23, 43, 36, 65, 19]",5,4,free_flow_time,0.714759335812191
5257,23,19,9,"[23, 43, 55, 61, 46, 59, 65, 19]",8,7,free_flow_time,0.7456561587484993
5258,23,20,0,"[23, 43, 54, 60, 33, 29, 20]",7,6,free_flow_time,1.5240195652568058
5259,23,20,1,"[23, 43, 55, 52, 27, 29, 20]",7,6,free_flow_time,1.5459740575809129
5260,23,20,2,"[23, 43, 49, 44, 51, 60, 33, 29, 20]",9,8,free_flow_time,1.5947632406710335
5261,23,20,3,"[23, 43, 54, 44, 51, 60, 33, 29, 20]",9,8,free_flow_time,1.6014117084498833
5262,23,20,4,"[23, 43, 36, 61, 55, 52, 27, 29, 20]",9,8,free_flow_time,1.6055743772050926
5263,23,20,5,"[23, 43, 49, 44, 60, 33, 29, 20]",8,7,free_flow_time,1.6140827499886976
5264,23,20,6,"[23, 43, 54, 44, 60, 33, 29, 20]",8,7,free_flow_time,1.6207312177675475
5265,23,20,7,"[23, 43, 61, 55, 52, 27, 29, 20]",8,7,free_flow_time,1.6218818903666021
5266,23,20,8,"[23, 43, 55, 52, 60, 33, 29, 20]",8,7,free_flow_time,1.6332524247119653
5267,23,20,9,"[23, 43, 49, 44, 54, 60, 33, 29, 20]",9,8,free_flow_time,1.6488120359822698
5268,23,21,0,"[23, 43, 49, 44, 51, 42, 39, 21]",8,7,free_flow_time,1.0983348371709707
5269,23,21,1,"[23, 43, 54, 44, 51, 42, 39, 21]",8,7,free_flow_time,1.1049833049498203
5270,23,21,2,"[23, 43, 54, 60, 31, 39, 21]",7,6,free_flow_time,1.145830891670081
5271,23,21,3,"[23, 43, 49, 44, 51, 60, 31, 39, 21]",9,8,free_flow_time,1.2165745670843089
5272,23,21,4,"[23, 43, 54, 44, 51, 60, 31, 39, 21]",9,8,free_flow_time,1.2232230348631585
5273,23,21,5,"[23, 43, 49, 44, 51, 42, 31, 39, 21]",9,8,free_flow_time,1.2318965296376736
5274,23,21,6,"[23, 43, 49, 44, 60, 31, 39, 21]",8,7,free_flow_time,1.2358940764019728
5275,23,21,7,"[23, 43, 54, 44, 51, 42, 31, 39, 21]",9,8,free_flow_time,1.2385449974165232
5276,23,21,8,"[23, 43, 54, 44, 60, 31, 39, 21]",8,7,free_flow_time,1.2425425441808227
5277,23,21,9,"[23, 43, 55, 52, 60, 31, 39, 21]",8,7,free_flow_time,1.2550637511252405
5278,23,22,0,"[23, 43, 54, 60, 33, 22]",6,5,free_flow_time,1.1333723799764452
5279,23,22,1,"[23, 43, 49, 44, 51, 60, 33, 22]",8,7,free_flow_time,1.204116055390673
5280,23,22,2,"[23, 43, 54, 44, 51, 60, 33, 22]",8,7,free_flow_time,1.2107645231695228
5281,23,22,3,"[23, 43, 49, 44, 60, 33, 22]",7,6,free_flow_time,1.223435564708337
5282,23,22,4,"[23, 43, 54, 44, 60, 33, 22]",7,6,free_flow_time,1.230084032487187
5283,23,22,5,"[23, 43, 55, 52, 60, 33, 22]",7,6,free_flow_time,1.2426052394316047
5284,23,22,6,"[23, 43, 49, 44, 54, 60, 33, 22]",8,7,free_flow_time,1.2581648507019092
5285,23,22,7,"[23, 43, 49, 54, 60, 33, 22]",7,6,free_flow_time,1.287261921067425
5286,23,22,8,"[23, 43, 49, 44, 51, 42, 39, 33, 22]",9,8,free_flow_time,1.2938076300800323
5287,23,22,9,"[23, 43, 54, 60, 31, 33, 22]",7,6,free_flow_time,1.2991555607141172
5288,23,23,0,"[23, 43, 23]",3,2,free_flow_time,0.0003282817150011587
5289,23,24,0,"[23, 43, 36, 46, 56, 24]",6,5,free_flow_time,0.6274087250860995
5290,23,24,1,"[23, 43, 36, 61, 46, 56, 24]",7,6,free_flow_time,0.6354700765773358
5291,23,24,2,"[23, 43, 61, 46, 56, 24]",6,5,free_flow_time,0.6517775897388454
5292,23,24,3,"[23, 43, 36, 61, 56, 24]",6,5,free_flow_time,0.6677167273022954
5293,23,24,4,"[23, 43, 61, 56, 24]",5,4,free_flow_time,0.684024240463805
5294,23,24,5,"[23, 43, 55, 56, 24]",5,4,free_flow_time,0.7094267189154748
5295,23,24,6,"[23, 43, 55, 61, 46, 56, 24]",7,6,free_flow_time,0.7532364381212923
5296,23,24,7,"[23, 43, 36, 61, 55, 56, 24]",7,6,free_flow_time,0.7690270385396546
5297,23,24,8,"[23, 43, 61, 36, 46, 56, 24]",7,6,free_flow_time,0.7749717861382702
5298,23,24,9,"[23, 43, 61, 55, 56, 24]",6,5,free_flow_time,0.7853345517011642
5299,23,25,0,"[23, 43, 49, 44, 35, 25]",6,5,free_flow_time,0.7760681107016794
5300,23,25,1,"[23, 43, 54, 44, 35, 25]",6,5,free_flow_time,0.7827165784805292
5301,23,25,2,"[23, 43, 49, 47, 35, 25]",6,5,free_flow_time,0.9280974838572
5302,23,25,3,"[23, 43, 49, 54, 44, 35, 25]",7,6,free_flow_time,0.936606119571509
5303,23,25,4,"[23, 43, 54, 49, 44, 35, 25]",7,6,free_flow_time,1.019555909039336
5304,23,25,5,"[23, 43, 49, 35, 25]",5,4,free_flow_time,1.0398992416278192
5305,23,25,6,"[23, 43, 54, 44, 49, 47, 35, 25]",8,7,free_flow_time,1.1424882118293407
5306,23,25,7,"[23, 43, 36, 62, 47, 35, 25]",7,6,free_flow_time,1.1526464626988353
5307,23,25,8,"[23, 43, 54, 49, 47, 35, 25]",7,6,free_flow_time,1.1715852821948565
5308,23,25,9,"[23, 43, 49, 44, 34, 35, 25]",7,6,free_flow_time,1.2089745031802859
5309,24,1,0,"[24, 56, 46, 36, 43, 49, 44, 51, 30, 40, 1]",11,10,free_flow_time,1.9890446625851592
5310,24,1,1,"[24, 56, 46, 36, 43, 54, 44, 51, 30, 40, 1]",11,10,free_flow_time,1.995693130364009
5311,24,1,2,"[24, 56, 46, 61, 36, 43, 49, 44, 51, 30, 40, 1]",12,11,free_flow_time,1.9971060140763957
5312,24,1,3,"[24, 56, 46, 61, 36, 43, 54, 44, 51, 30, 40, 1]",12,11,free_flow_time,2.0037544818552457
5313,24,1,4,"[24, 56, 46, 61, 43, 49, 44, 51, 30, 40, 1]",11,10,free_flow_time,2.0134135272379057
5314,24,1,5,"[24, 56, 46, 61, 43, 54, 44, 51, 30, 40, 1]",11,10,free_flow_time,2.0200619950167553
5315,24,1,6,"[24, 56, 61, 36, 43, 49, 44, 51, 30, 40, 1]",11,10,free_flow_time,2.0293526648013556
5316,24,1,7,"[24, 56, 61, 36, 43, 54, 44, 51, 30, 40, 1]",11,10,free_flow_time,2.036001132580205
5317,24,1,8,"[24, 56, 61, 43, 49, 44, 51, 30, 40, 1]",10,9,free_flow_time,2.045660177962865
5318,24,1,9,"[24, 56, 61, 43, 54, 44, 51, 30, 40, 1]",10,9,free_flow_time,2.052308645741715
5319,24,2,0,"[24, 56, 26, 48, 2]",5,4,free_flow_time,0.612546233501415
5320,24,2,1,"[24, 56, 57, 48, 2]",5,4,free_flow_time,0.9308415876621593
5321,24,2,2,"[24, 56, 57, 64, 48, 2]",6,5,free_flow_time,1.0031000142542716
5322,24,2,3,"[24, 56, 26, 57, 48, 2]",6,5,free_flow_time,1.2799029948376597
5323,24,2,4,"[24, 56, 55, 26, 48, 2]",6,5,free_flow_time,1.3157360910226006
5324,24,2,5,"[24, 56, 26, 57, 64, 48, 2]",7,6,free_flow_time,1.352161421429772
5325,24,2,6,"[24, 56, 46, 61, 55, 26, 48, 2]",8,7,free_flow_time,1.3595458102284177
5326,24,2,7,"[24, 56, 57, 64, 41, 48, 2]",7,6,free_flow_time,1.3718716012409637
5327,24,2,8,"[24, 56, 61, 55, 26, 48, 2]",7,6,free_flow_time,1.3917924609533776
5328,24,2,9,"[24, 56, 57, 53, 64, 48, 2]",7,6,free_flow_time,1.403923598288466
5329,24,3,0,"[24, 56, 46, 36, 43, 49, 44, 51, 30, 3]",10,9,free_flow_time,1.8006815093626165
5330,24,3,1,"[24, 56, 46, 36, 43, 54, 44, 51, 30, 3]",10,9,free_flow_time,1.8073299771414664
5331,24,3,2,"[24, 56, 46, 61, 36, 43, 49, 44, 51, 30, 3]",11,10,free_flow_time,1.808742860853853
5332,24,3,3,"[24, 56, 46, 61, 36, 43, 54, 44, 51, 30, 3]",11,10,free_flow_time,1.8153913286327028
5333,24,3,4,"[24, 56, 46, 61, 43, 49, 44, 51, 30, 3]",10,9,free_flow_time,1.8250503740153625
5334,24,3,5,"[24, 56, 46, 61, 43, 54, 44, 51, 30, 3]",10,9,free_flow_time,1.8316988417942124
5335,24,3,6,"[24, 56, 61, 36, 43, 49, 44, 51, 30, 3]",10,9,free_flow_time,1.8409895115788124
5336,24,3,7,"[24, 56, 61, 36, 43, 54, 44, 51, 30, 3]",10,9,free_flow_time,1.8476379793576623
5337,24,3,8,"[24, 56, 61, 43, 49, 44, 51, 30, 3]",9,8,free_flow_time,1.857297024740322
5338,24,3,9,"[24, 56, 61, 43, 54, 44, 51, 30, 3]",9,8,free_flow_time,1.8639454925191719
5339,24,4,0,"[24, 56, 57, 4]",4,3,free_flow_time,0.6424156500209774
5340,24,4,1,"[24, 56, 26, 48, 57, 4]",6,5,free_flow_time,0.902263730944318
5341,24,4,2,"[24, 56, 26, 48, 64, 57, 4]",7,6,free_flow_time,0.9745221575364302
5342,24,4,3,"[24, 56, 26, 57, 4]",5,4,free_flow_time,0.9914770571964777
5343,24,4,4,"[24, 56, 26, 48, 41, 64, 57, 4]",8,7,free_flow_time,1.3432937445231221
5344,24,4,5,"[24, 56, 26, 48, 64, 53, 57, 4]",8,7,free_flow_time,1.3753457415706243
5345,24,4,6,"[24, 56, 59, 57, 4]",5,4,free_flow_time,1.4375322425606338
5346,24,4,7,"[24, 56, 26, 48, 41, 53, 57, 4]",8,7,free_flow_time,1.4780312368297892
5347,24,4,8,"[24, 56, 26, 41, 64, 57, 4]",7,6,free_flow_time,1.5043153010017287
5348,24,4,9,"[24, 56, 46, 59, 57, 4]",6,5,free_flow_time,1.5572011659308829
5349,24,5,0,"[24, 56, 55, 52, 5]",5,4,free_flow_time,0.8476291235555943
5350,24,5,1,"[24, 56, 46, 61, 55, 52, 5]",7,6,free_flow_time,0.8914388427614114
5351,24,5,2,"[24, 56, 61, 55, 52, 5]",6,5,free_flow_time,0.9236854934863711
5352,24,5,3,"[24, 56, 46, 36, 61, 55, 52, 5]",8,7,free_flow_time,1.0146330391608365
5353,24,5,4,"[24, 56, 46, 36, 43, 55, 52, 5]",8,7,free_flow_time,1.213675891652411
5354,24,5,5,"[24, 56, 59, 46, 61, 55, 52, 5]",8,7,free_flow_time,1.216474177148263
5355,24,5,6,"[24, 56, 46, 61, 36, 43, 55, 52, 5]",9,8,free_flow_time,1.2217372431436475
5356,24,5,7,"[24, 56, 46, 61, 43, 55, 52, 5]",8,7,free_flow_time,1.238044756305157
5357,24,5,8,"[24, 56, 59, 65, 46, 61, 55, 52, 5]",9,8,free_flow_time,1.2505044206216425
5358,24,5,9,"[24, 56, 61, 36, 43, 55, 52, 5]",8,7,free_flow_time,1.253983893868607
5359,24,6,0,"[24, 56, 59, 65, 6]",5,4,free_flow_time,0.46550141764083564
5360,24,6,1,"[24, 56, 46, 65, 6]",5,4,free_flow_time,0.4874155845180376
5361,24,6,2,"[24, 56, 46, 59, 65, 6]",6,5,free_flow_time,0.5851703410110846
5362,24,6,3,"[24, 56, 61, 46, 65, 6]",6,5,free_flow_time,0.8078504218355794
5363,24,6,4,"[24, 56, 59, 46, 65, 6]",6,5,free_flow_time,0.8124509189048891
5364,24,6,5,"[24, 56, 61, 46, 59, 65, 6]",7,6,free_flow_time,0.9056051783286262
5365,24,6,6,"[24, 56, 55, 61, 46, 65, 6]",7,6,free_flow_time,0.9091607330729387
5366,24,6,7,"[24, 56, 61, 36, 46, 65, 6]",7,6,free_flow_time,0.9310446182350042
5367,24,6,8,"[24, 56, 55, 61, 46, 59, 65, 6]",8,7,free_flow_time,1.0069154895659853
5368,24,6,9,"[24, 56, 61, 36, 46, 59, 65, 6]",8,7,free_flow_time,1.0287993747280508
5369,24,7,0,"[24, 56, 46, 36, 43, 49, 44, 51, 7]",9,8,free_flow_time,1.2674085961999138
5370,24,7,1,"[24, 56, 46, 36, 43, 54, 44, 51, 7]",9,8,free_flow_time,1.2740570639787636
5371,24,7,2,"[24, 56, 46, 61, 36, 43, 49, 44, 51, 7]",10,9,free_flow_time,1.2754699476911502
5372,24,7,3,"[24, 56, 46, 61, 36, 43, 54, 44, 51, 7]",10,9,free_flow_time,1.28211841547
5373,24,7,4,"[24, 56, 46, 61, 43, 49, 44, 51, 7]",9,8,free_flow_time,1.2917774608526598
5374,24,7,5,"[24, 56, 46, 61, 43, 54, 44, 51, 7]",9,8,free_flow_time,1.2984259286315096
5375,24,7,6,"[24, 56, 61, 36, 43, 49, 44, 51, 7]",9,8,free_flow_time,1.3077165984161097
5376,24,7,7,"[24, 56, 61, 36, 43, 54, 44, 51, 7]",9,8,free_flow_time,1.3143650661949595
5377,24,7,8,"[24, 56, 61, 43, 49, 44, 51, 7]",8,7,free_flow_time,1.3240241115776192
5378,24,7,9,"[24, 56, 61, 43, 54, 44, 51, 7]",8,7,free_flow_time,1.330672579356469
5379,24,8,0,"[24, 56, 55, 52, 27, 29, 8]",7,6,free_flow_time,1.8063881232600267
5380,24,8,1,"[24, 56, 46, 61, 55, 52, 27, 29, 8]",9,8,free_flow_time,1.8501978424658438
5381,24,8,2,"[24, 56, 61, 55, 52, 27, 29, 8]",8,7,free_flow_time,1.8824444931908033
5382,24,8,3,"[24, 56, 55, 52, 60, 33, 29, 8]",8,7,free_flow_time,1.893666490391079
5383,24,8,4,"[24, 56, 26, 48, 41, 32, 45, 27, 29, 8]",10,9,free_flow_time,1.9223531644707785
5384,24,8,5,"[24, 56, 46, 61, 55, 52, 60, 33, 29, 8]",10,9,free_flow_time,1.937476209596896
5385,24,8,6,"[24, 56, 55, 52, 33, 29, 8]",7,6,free_flow_time,1.955915189120884
5386,24,8,7,"[24, 56, 61, 55, 52, 60, 33, 29, 8]",9,8,free_flow_time,1.9697228603218557
5387,24,8,8,"[24, 56, 46, 36, 61, 55, 52, 27, 29, 8]",10,9,free_flow_time,1.9733920388652688
5388,24,8,9,"[24, 56, 46, 61, 55, 52, 33, 29, 8]",9,8,free_flow_time,1.999724908326701
5389,24,9,0,"[24, 56, 46, 36, 43, 49, 9]",7,6,free_flow_time,0.8877997634915715
5390,24,9,1,"[24, 56, 46, 61, 36, 43, 49, 9]",8,7,free_flow_time,0.8958611149828078
5391,24,9,2,"[24, 56, 46, 61, 43, 49, 9]",7,6,free_flow_time,0.9121686281443174
5392,24,9,3,"[24, 56, 61, 36, 43, 49, 9]",7,6,free_flow_time,0.9281077657077674
5393,24,9,4,"[24, 56, 61, 43, 49, 9]",6,5,free_flow_time,0.944415278869277
5394,24,9,5,"[24, 56, 55, 43, 49, 9]",6,5,free_flow_time,0.9698177573209469
5395,24,9,6,"[24, 56, 46, 61, 55, 43, 49, 9]",8,7,free_flow_time,1.013627476526764
5396,24,9,7,"[24, 56, 55, 61, 36, 43, 49, 9]",8,7,free_flow_time,1.0294180769451264
5397,24,9,8,"[24, 56, 46, 36, 61, 43, 49, 9]",8,7,free_flow_time,1.0353628245437423
5398,24,9,9,"[24, 56, 55, 61, 43, 49, 9]",7,6,free_flow_time,1.045725590106636
5399,24,10,0,"[24, 56, 55, 52, 27, 29, 10]",7,6,free_flow_time,1.807575498439318
5400,24,10,1,"[24, 56, 46, 61, 55, 52, 27, 29, 10]",9,8,free_flow_time,1.851385217645135
5401,24,10,2,"[24, 56, 61, 55, 52, 27, 29, 10]",8,7,free_flow_time,1.8836318683700946
5402,24,10,3,"[24, 56, 55, 52, 60, 33, 29, 10]",8,7,free_flow_time,1.8948538655703702
5403,24,10,4,"[24, 56, 26, 48, 41, 32, 45, 27, 29, 10]",10,9,free_flow_time,1.9235405396500698
5404,24,10,5,"[24, 56, 46, 61, 55, 52, 60, 33, 29, 10]",10,9,free_flow_time,1.9386635847761873
5405,24,10,6,"[24, 56, 55, 52, 33, 29, 10]",7,6,free_flow_time,1.9571025643001752
5406,24,10,7,"[24, 56, 61, 55, 52, 60, 33, 29, 10]",9,8,free_flow_time,1.970910235501147
5407,24,10,8,"[24, 56, 46, 36, 61, 55, 52, 27, 29, 10]",10,9,free_flow_time,1.97457941404456
5408,24,10,9,"[24, 56, 46, 61, 55, 52, 33, 29, 10]",9,8,free_flow_time,2.000912283505992
5409,24,11,0,"[24, 56, 46, 36, 43, 49, 44, 51, 30, 40, 11]",11,10,free_flow_time,1.9885130743945003
5410,24,11,1,"[24, 56, 46, 36, 43, 54, 44, 51, 30, 40, 11]",11,10,free_flow_time,1.9951615421733502
5411,24,11,2,"[24, 56, 46, 61, 36, 43, 49, 44, 51, 30, 40, 11]",12,11,free_flow_time,1.9965744258857367
5412,24,11,3,"[24, 56, 46, 61, 36, 43, 54, 44, 51, 30, 40, 11]",12,11,free_flow_time,2.0032228936645864
5413,24,11,4,"[24, 56, 46, 61, 43, 49, 44, 51, 30, 40, 11]",11,10,free_flow_time,2.0128819390472463
5414,24,11,5,"[24, 56, 46, 61, 43, 54, 44, 51, 30, 40, 11]",11,10,free_flow_time,2.019530406826096
5415,24,11,6,"[24, 56, 61, 36, 43, 49, 44, 51, 30, 40, 11]",11,10,free_flow_time,2.028821076610696
5416,24,11,7,"[24, 56, 61, 36, 43, 54, 44, 51, 30, 40, 11]",11,10,free_flow_time,2.035469544389546
5417,24,11,8,"[24, 56, 61, 43, 49, 44, 51, 30, 40, 11]",10,9,free_flow_time,2.045128589772206
5418,24,11,9,"[24, 56, 61, 43, 54, 44, 51, 30, 40, 11]",10,9,free_flow_time,2.0517770575510554
5419,24,12,0,"[24, 56, 46, 36, 43, 12]",6,5,free_flow_time,0.6283165581070338
5420,24,12,1,"[24, 56, 46, 61, 36, 43, 12]",7,6,free_flow_time,0.6363779095982701
5421,24,12,2,"[24, 56, 46, 61, 43, 12]",6,5,free_flow_time,0.6526854227597797
5422,24,12,3,"[24, 56, 61, 36, 43, 12]",6,5,free_flow_time,0.6686245603232297
5423,24,12,4,"[24, 56, 61, 43, 12]",5,4,free_flow_time,0.6849320734847393
5424,24,12,5,"[24, 56, 55, 43, 12]",5,4,free_flow_time,0.7103345519364092
5425,24,12,6,"[24, 56, 46, 61, 55, 43, 12]",7,6,free_flow_time,0.7541442711422265
5426,24,12,7,"[24, 56, 55, 61, 36, 43, 12]",7,6,free_flow_time,0.7699348715605889
5427,24,12,8,"[24, 56, 46, 36, 61, 43, 12]",7,6,free_flow_time,0.7758796191592046
5428,24,12,9,"[24, 56, 55, 61, 43, 12]",6,5,free_flow_time,0.7862423847220985
5429,24,13,0,"[24, 56, 26, 48, 41, 32, 45, 13]",8,7,free_flow_time,1.1723974106520034
5430,24,13,1,"[24, 56, 26, 48, 41, 63, 45, 13]",8,7,free_flow_time,1.252671804715693
5431,24,13,2,"[24, 56, 26, 48, 64, 41, 32, 45, 13]",9,8,free_flow_time,1.2714839304686716
5432,24,13,3,"[24, 56, 57, 64, 41, 32, 45, 13]",8,7,free_flow_time,1.2823341218742963
5433,24,13,4,"[24, 56, 26, 41, 32, 45, 13]",7,6,free_flow_time,1.33341896713061
5434,24,13,5,"[24, 56, 26, 32, 45, 13]",6,5,free_flow_time,1.3453435283536417
5435,24,13,6,"[24, 56, 26, 48, 64, 41, 63, 45, 13]",9,8,free_flow_time,1.3517583245323614
5436,24,13,7,"[24, 56, 57, 64, 41, 63, 45, 13]",8,7,free_flow_time,1.362608515937986
5437,24,13,8,"[24, 56, 26, 48, 41, 32, 63, 45, 13]",9,8,free_flow_time,1.3725820450723047
5438,24,13,9,"[24, 56, 26, 48, 41, 63, 32, 45, 13]",9,8,free_flow_time,1.3930016898053128
5439,24,14,0,"[24, 56, 55, 52, 27, 29, 14]",7,6,free_flow_time,1.8065993128022906
5440,24,14,1,"[24, 56, 46, 61, 55, 52, 27, 29, 14]",9,8,free_flow_time,1.8504090320081077
5441,24,14,2,"[24, 56, 61, 55, 52, 27, 29, 14]",8,7,free_flow_time,1.8826556827330672
5442,24,14,3,"[24, 56, 55, 52, 60, 33, 29, 14]",8,7,free_flow_time,1.8938776799333428
5443,24,14,4,"[24, 56, 26, 48, 41, 32, 45, 27, 29, 14]",10,9,free_flow_time,1.9225643540130424
5444,24,14,5,"[24, 56, 46, 61, 55, 52, 60, 33, 29, 14]",10,9,free_flow_time,1.9376873991391599
5445,24,14,6,"[24, 56, 55, 52, 33, 29, 14]",7,6,free_flow_time,1.9561263786631478
5446,24,14,7,"[24, 56, 61, 55, 52, 60, 33, 29, 14]",9,8,free_flow_time,1.9699340498641196
5447,24,14,8,"[24, 56, 46, 36, 61, 55, 52, 27, 29, 14]",10,9,free_flow_time,1.9736032284075327
5448,24,14,9,"[24, 56, 46, 61, 55, 52, 33, 29, 14]",9,8,free_flow_time,1.9999360978689649
5449,24,15,0,"[24, 56, 46, 36, 43, 49, 44, 51, 30, 15]",10,9,free_flow_time,1.8002981664796207
5450,24,15,1,"[24, 56, 46, 36, 43, 54, 44, 51, 30, 15]",10,9,free_flow_time,1.8069466342584706
5451,24,15,2,"[24, 56, 46, 61, 36, 43, 49, 44, 51, 30, 15]",11,10,free_flow_time,1.8083595179708571
5452,24,15,3,"[24, 56, 46, 61, 36, 43, 54, 44, 51, 30, 15]",11,10,free_flow_time,1.815007985749707
5453,24,15,4,"[24, 56, 46, 61, 43, 49, 44, 51, 30, 15]",10,9,free_flow_time,1.8246670311323667
5454,24,15,5,"[24, 56, 46, 61, 43, 54, 44, 51, 30, 15]",10,9,free_flow_time,1.8313154989112166
5455,24,15,6,"[24, 56, 61, 36, 43, 49, 44, 51, 30, 15]",10,9,free_flow_time,1.8406061686958166
5456,24,15,7,"[24, 56, 61, 36, 43, 54, 44, 51, 30, 15]",10,9,free_flow_time,1.8472546364746665
5457,24,15,8,"[24, 56, 61, 43, 49, 44, 51, 30, 15]",9,8,free_flow_time,1.8569136818573262
5458,24,15,9,"[24, 56, 61, 43, 54, 44, 51, 30, 15]",9,8,free_flow_time,1.863562149636176
5459,24,16,0,"[24, 56, 46, 36, 43, 49, 44, 51, 30, 40, 16]",11,10,free_flow_time,1.9884574351489608
5460,24,16,1,"[24, 56, 46, 36, 43, 54, 44, 51, 30, 40, 16]",11,10,free_flow_time,1.9951059029278106
5461,24,16,2,"[24, 56, 46, 61, 36, 43, 49, 44, 51, 30, 40, 16]",12,11,free_flow_time,1.9965187866401972
5462,24,16,3,"[24, 56, 46, 61, 36, 43, 54, 44, 51, 30, 40, 16]",12,11,free_flow_time,2.003167254419047
5463,24,16,4,"[24, 56, 46, 61, 43, 49, 44, 51, 30, 40, 16]",11,10,free_flow_time,2.012826299801707
5464,24,16,5,"[24, 56, 46, 61, 43, 54, 44, 51, 30, 40, 16]",11,10,free_flow_time,2.0194747675805567
5465,24,16,6,"[24, 56, 61, 36, 43, 49, 44, 51, 30, 40, 16]",11,10,free_flow_time,2.028765437365157
5466,24,16,7,"[24, 56, 61, 36, 43, 54, 44, 51, 30, 40, 16]",11,10,free_flow_time,2.0354139051440066
5467,24,16,8,"[24, 56, 61, 43, 49, 44, 51, 30, 40, 16]",10,9,free_flow_time,2.0450729505266665
5468,24,16,9,"[24, 56, 61, 43, 54, 44, 51, 30, 40, 16]",10,9,free_flow_time,2.051721418305516
5469,24,17,0,"[24, 56, 46, 36, 62, 17]",6,5,free_flow_time,0.9854411755040395
5470,24,17,1,"[24, 56, 46, 61, 36, 62, 17]",7,6,free_flow_time,0.9935025269952759
5471,24,17,2,"[24, 56, 61, 36, 62, 17]",6,5,free_flow_time,1.0257491777202357
5472,24,17,3,"[24, 56, 55, 61, 36, 62, 17]",7,6,free_flow_time,1.127059488957595
5473,24,17,4,"[24, 56, 46, 61, 43, 36, 62, 17]",8,7,free_flow_time,1.26845321227254
5474,24,17,5,"[24, 56, 59, 65, 38, 62, 17]",7,6,free_flow_time,1.2707606384329968
5475,24,17,6,"[24, 56, 46, 65, 38, 62, 17]",7,6,free_flow_time,1.2926748053101988
5476,24,17,7,"[24, 56, 61, 43, 36, 62, 17]",7,6,free_flow_time,1.3006998629974995
5477,24,17,8,"[24, 56, 61, 46, 36, 62, 17]",7,6,free_flow_time,1.3058760128215812
5478,24,17,9,"[24, 56, 59, 46, 36, 62, 17]",7,6,free_flow_time,1.3104765098908908
5479,24,18,0,"[24, 56, 46, 36, 43, 49, 44, 51, 18]",9,8,free_flow_time,1.2675544031813784
5480,24,18,1,"[24, 56, 46, 36, 43, 54, 44, 51, 18]",9,8,free_flow_time,1.2742028709602282
5481,24,18,2,"[24, 56, 46, 61, 36, 43, 49, 44, 51, 18]",10,9,free_flow_time,1.2756157546726148
5482,24,18,3,"[24, 56, 46, 61, 36, 43, 54, 44, 51, 18]",10,9,free_flow_time,1.2822642224514647
5483,24,18,4,"[24, 56, 46, 61, 43, 49, 44, 51, 18]",9,8,free_flow_time,1.2919232678341244
5484,24,18,5,"[24, 56, 46, 61, 43, 54, 44, 51, 18]",9,8,free_flow_time,1.2985717356129742
5485,24,18,6,"[24, 56, 61, 36, 43, 49, 44, 51, 18]",9,8,free_flow_time,1.3078624053975743
5486,24,18,7,"[24, 56, 61, 36, 43, 54, 44, 51, 18]",9,8,free_flow_time,1.3145108731764241
5487,24,18,8,"[24, 56, 61, 43, 49, 44, 51, 18]",8,7,free_flow_time,1.3241699185590838
5488,24,18,9,"[24, 56, 61, 43, 54, 44, 51, 18]",8,7,free_flow_time,1.3308183863379337
5489,24,19,0,"[24, 56, 59, 65, 19]",5,4,free_flow_time,0.46527576209763094
5490,24,19,1,"[24, 56, 46, 65, 19]",5,4,free_flow_time,0.48718992897483293
5491,24,19,2,"[24, 56, 46, 59, 65, 19]",6,5,free_flow_time,0.5849446854678798
5492,24,19,3,"[24, 56, 61, 46, 65, 19]",6,5,free_flow_time,0.8076247662923747
5493,24,19,4,"[24, 56, 59, 46, 65, 19]",6,5,free_flow_time,0.8122252633616843
5494,24,19,5,"[24, 56, 61, 46, 59, 65, 19]",7,6,free_flow_time,0.9053795227854214
5495,24,19,6,"[24, 56, 55, 61, 46, 65, 19]",7,6,free_flow_time,0.9089350775297339
5496,24,19,7,"[24, 56, 61, 36, 46, 65, 19]",7,6,free_flow_time,0.9308189626917994
5497,24,19,8,"[24, 56, 55, 61, 46, 59, 65, 19]",8,7,free_flow_time,1.0066898340227806
5498,24,19,9,"[24, 56, 61, 36, 46, 59, 65, 19]",8,7,free_flow_time,1.028573719184846
5499,24,20,0,"[24, 56, 55, 52, 27, 29, 20]",7,6,free_flow_time,1.8070077328551946
5500,24,20,1,"[24, 56, 46, 61, 55, 52, 27, 29, 20]",9,8,free_flow_time,1.8508174520610117
5501,24,20,2,"[24, 56, 61, 55, 52, 27, 29, 20]",8,7,free_flow_time,1.8830641027859711
5502,24,20,3,"[24, 56, 55, 52, 60, 33, 29, 20]",8,7,free_flow_time,1.8942860999862468
5503,24,20,4,"[24, 56, 26, 48, 41, 32, 45, 27, 29, 20]",10,9,free_flow_time,1.9229727740659464
5504,24,20,5,"[24, 56, 46, 61, 55, 52, 60, 33, 29, 20]",10,9,free_flow_time,1.9380958191920639
5505,24,20,6,"[24, 56, 55, 52, 33, 29, 20]",7,6,free_flow_time,1.9565347987160517
5506,24,20,7,"[24, 56, 61, 55, 52, 60, 33, 29, 20]",9,8,free_flow_time,1.9703424699170236
5507,24,20,8,"[24, 56, 46, 36, 61, 55, 52, 27, 29, 20]",10,9,free_flow_time,1.9740116484604366
5508,24,20,9,"[24, 56, 46, 61, 55, 52, 33, 29, 20]",9,8,free_flow_time,2.0003445179218686
5509,24,21,0,"[24, 56, 55, 52, 60, 31, 39, 21]",8,7,free_flow_time,1.516097426399522
5510,24,21,1,"[24, 56, 46, 61, 55, 52, 60, 31, 39, 21]",10,9,free_flow_time,1.559907145605339
5511,24,21,2,"[24, 56, 61, 55, 52, 60, 31, 39, 21]",9,8,free_flow_time,1.5921537963302987
5512,24,21,3,"[24, 56, 55, 52, 60, 42, 39, 21]",8,7,free_flow_time,1.626260474501963
5513,24,21,4,"[24, 56, 46, 61, 55, 52, 60, 42, 39, 21]",10,9,free_flow_time,1.6700701937077802
5514,24,21,5,"[24, 56, 46, 36, 61, 55, 52, 60, 31, 39, 21]",11,10,free_flow_time,1.683101342004764
5515,24,21,6,"[24, 56, 55, 52, 60, 33, 39, 21]",8,7,free_flow_time,1.6984144772992826
5516,24,21,7,"[24, 56, 61, 55, 52, 60, 42, 39, 21]",9,8,free_flow_time,1.70231684443274
5517,24,21,8,"[24, 56, 46, 36, 43, 49, 44, 51, 42, 39, 21]",11,10,free_flow_time,1.7254152805420688
5518,24,21,9,"[24, 56, 46, 36, 43, 54, 44, 51, 42, 39, 21]",11,10,free_flow_time,1.7320637483209187
5519,24,22,0,"[24, 56, 55, 52, 60, 33, 22]",7,6,free_flow_time,1.5036389147058862
5520,24,22,1,"[24, 56, 46, 61, 55, 52, 60, 33, 22]",9,8,free_flow_time,1.5474486339117033
5521,24,22,2,"[24, 56, 55, 52, 33, 22]",6,5,free_flow_time,1.5658876134356912
5522,24,22,3,"[24, 56, 61, 55, 52, 60, 33, 22]",8,7,free_flow_time,1.579695284636663
5523,24,22,4,"[24, 56, 46, 61, 55, 52, 33, 22]",8,7,free_flow_time,1.6096973326415083
5524,24,22,5,"[24, 56, 61, 55, 52, 33, 22]",7,6,free_flow_time,1.641943983366468
5525,24,22,6,"[24, 56, 55, 52, 60, 31, 33, 22]",8,7,free_flow_time,1.6694220954435581
5526,24,22,7,"[24, 56, 46, 36, 61, 55, 52, 60, 33, 22]",10,9,free_flow_time,1.6706428303111283
5527,24,22,8,"[24, 56, 55, 52, 60, 31, 39, 33, 22]",9,8,free_flow_time,1.7115702193085838
5528,24,22,9,"[24, 56, 46, 61, 55, 52, 60, 31, 33, 22]",10,9,free_flow_time,1.7132318146493752
5529,24,23,0,"[24, 56, 46, 36, 43, 23]",6,5,free_flow_time,0.6274087250860995
5530,24,23,1,"[24, 56, 46, 61, 36, 43, 23]",7,6,free_flow_time,0.6354700765773358
5531,24,23,2,"[24, 56, 46, 61, 43, 23]",6,5,free_flow_time,0.6517775897388454
5532,24,23,3,"[24, 56, 61, 36, 43, 23]",6,5,free_flow_time,0.6677167273022954
5533,24,23,4,"[24, 56, 61, 43, 23]",5,4,free_flow_time,0.684024240463805
5534,24,23,5,"[24, 56, 55, 43, 23]",5,4,free_flow_time,0.7094267189154748
5535,24,23,6,"[24, 56, 46, 61, 55, 43, 23]",7,6,free_flow_time,0.7532364381212922
5536,24,23,7,"[24, 56, 55, 61, 36, 43, 23]",7,6,free_flow_time,0.7690270385396546
5537,24,23,8,"[24, 56, 46, 36, 61, 43, 23]",7,6,free_flow_time,0.7749717861382702
5538,24,23,9,"[24, 56, 55, 61, 43, 23]",6,5,free_flow_time,0.7853345517011642
5539,24,24,0,"[24, 56, 24]",3,2,free_flow_time,0.0006366592841174313
5540,24,25,0,"[24, 56, 46, 36, 43, 49, 44, 35, 25]",9,8,free_flow_time,1.4031485540727777
5541,24,25,1,"[24, 56, 46, 36, 43, 54, 44, 35, 25]",9,8,free_flow_time,1.4097970218516274
5542,24,25,2,"[24, 56, 46, 61, 36, 43, 49, 44, 35, 25]",10,9,free_flow_time,1.411209905564014
5543,24,25,3,"[24, 56, 46, 61, 36, 43, 54, 44, 35, 25]",10,9,free_flow_time,1.4178583733428638
5544,24,25,4,"[24, 56, 46, 61, 43, 49, 44, 35, 25]",9,8,free_flow_time,1.4275174187255235
5545,24,25,5,"[24, 56, 46, 61, 43, 54, 44, 35, 25]",9,8,free_flow_time,1.4341658865043734
5546,24,25,6,"[24, 56, 61, 36, 43, 49, 44, 35, 25]",9,8,free_flow_time,1.4434565562889734
5547,24,25,7,"[24, 56, 61, 36, 43, 54, 44, 35, 25]",9,8,free_flow_time,1.4501050240678233
5548,24,25,8,"[24, 56, 61, 43, 49, 44, 35, 25]",8,7,free_flow_time,1.459764069450483
5549,24,25,9,"[24, 56, 61, 43, 54, 44, 35, 25]",8,7,free_flow_time,1.4664125372293328
5550,25,1,0,"[25, 35, 44, 51, 30, 40, 1]",7,6,free_flow_time,1.4105800675868485
5551,25,1,1,"[25, 35, 34, 50, 40, 1]",6,5,free_flow_time,1.4541110141760425
5552,25,1,2,"[25, 35, 44, 51, 50, 40, 1]",7,6,free_flow_time,1.507557454225285
5553,25,1,3,"[25, 35, 34, 40, 1]",5,4,free_flow_time,1.529960306620733
5554,25,1,4,"[25, 35, 34, 50, 30, 40, 1]",7,6,free_flow_time,1.5447817218907178
5555,25,1,5,"[25, 35, 34, 50, 51, 30, 40, 1]",8,7,free_flow_time,1.5901931513977305
5556,25,1,6,"[25, 35, 44, 51, 50, 30, 40, 1]",8,7,free_flow_time,1.5982281619399603
5557,25,1,7,"[25, 35, 44, 51, 42, 30, 40, 1]",8,7,free_flow_time,1.6706355640003687
5558,25,1,8,"[25, 35, 44, 50, 40, 1]",6,5,free_flow_time,1.688798932470826
5559,25,1,9,"[25, 35, 47, 49, 44, 51, 30, 40, 1]",9,8,free_flow_time,1.77035170093566
5560,25,2,0,"[25, 35, 44, 54, 52, 32, 41, 48, 2]",9,8,free_flow_time,1.726980348136649
5561,25,2,1,"[25, 35, 44, 54, 52, 32, 41, 64, 48, 2]",10,9,free_flow_time,1.8260668679533174
5562,25,2,2,"[25, 35, 44, 49, 43, 55, 26, 48, 2]",9,8,free_flow_time,1.8304422447349975
5563,25,2,3,"[25, 35, 44, 54, 43, 55, 26, 48, 2]",9,8,free_flow_time,1.8370907125138471
5564,25,2,4,"[25, 35, 44, 49, 43, 36, 61, 55, 26, 48, 2]",11,10,free_flow_time,1.8900425643591772
5565,25,2,5,"[25, 35, 44, 54, 43, 36, 61, 55, 26, 48, 2]",11,10,free_flow_time,1.8966910321380268
5566,25,2,6,"[25, 35, 44, 49, 43, 61, 55, 26, 48, 2]",10,9,free_flow_time,1.9063500775206867
5567,25,2,7,"[25, 35, 44, 54, 43, 61, 55, 26, 48, 2]",10,9,free_flow_time,1.9129985452995364
5568,25,2,8,"[25, 35, 44, 54, 52, 32, 63, 41, 48, 2]",10,9,free_flow_time,1.9475846272899584
5569,25,2,9,"[25, 35, 44, 49, 54, 52, 32, 41, 48, 2]",10,9,free_flow_time,1.9638196786954558
5570,25,3,0,"[25, 35, 44, 51, 30, 3]",6,5,free_flow_time,1.2222169143643058
5571,25,3,1,"[25, 35, 34, 50, 30, 3]",6,5,free_flow_time,1.3564185686681751
5572,25,3,2,"[25, 35, 34, 50, 51, 30, 3]",7,6,free_flow_time,1.4018299981751878
5573,25,3,3,"[25, 35, 44, 51, 50, 30, 3]",7,6,free_flow_time,1.4098650087174176
5574,25,3,4,"[25, 35, 44, 51, 42, 30, 3]",7,6,free_flow_time,1.482272410777826
5575,25,3,5,"[25, 35, 47, 49, 44, 51, 30, 3]",8,7,free_flow_time,1.5819885477131173
5576,25,3,6,"[25, 35, 44, 50, 30, 3]",6,5,free_flow_time,1.5911064869629588
5577,25,3,7,"[25, 35, 44, 50, 51, 30, 3]",7,6,free_flow_time,1.6365179164699715
5578,25,3,8,"[25, 35, 34, 50, 40, 30, 3]",7,6,free_flow_time,1.64142800247858
5579,25,3,9,"[25, 35, 34, 44, 51, 30, 3]",7,6,free_flow_time,1.6551233068429123
5580,25,4,0,"[25, 35, 44, 54, 52, 32, 41, 64, 57, 4]",10,9,free_flow_time,1.8083392026411003
5581,25,4,1,"[25, 35, 44, 54, 52, 32, 41, 53, 57, 4]",10,9,free_flow_time,1.9430766949477674
5582,25,4,2,"[25, 35, 44, 54, 52, 32, 41, 48, 57, 4]",10,9,free_flow_time,2.016697845579552
5583,25,4,3,"[25, 35, 44, 54, 52, 32, 63, 41, 64, 57, 4]",11,10,free_flow_time,2.0289434817944096
5584,25,4,4,"[25, 35, 44, 49, 43, 36, 46, 56, 57, 4]",10,9,free_flow_time,2.0449275448096373
5585,25,4,5,"[25, 35, 44, 49, 54, 52, 32, 41, 64, 57, 4]",11,10,free_flow_time,2.0451785331999073
5586,25,4,6,"[25, 35, 44, 54, 43, 36, 46, 56, 57, 4]",10,9,free_flow_time,2.051576012588487
5587,25,4,7,"[25, 35, 44, 49, 43, 36, 61, 46, 56, 57, 4]",11,10,free_flow_time,2.052988896300874
5588,25,4,8,"[25, 35, 44, 54, 43, 36, 61, 46, 56, 57, 4]",11,10,free_flow_time,2.0596373640797236
5589,25,4,9,"[25, 35, 44, 49, 43, 61, 46, 56, 57, 4]",10,9,free_flow_time,2.069296409462383
5590,25,5,0,"[25, 35, 44, 54, 52, 5]",6,5,free_flow_time,0.9113073893788829
5591,25,5,1,"[25, 35, 44, 49, 54, 52, 5]",7,6,free_flow_time,1.1481467199376898
5592,25,5,2,"[25, 35, 47, 49, 44, 54, 52, 5]",8,7,free_flow_time,1.2710790227276945
5593,25,5,3,"[25, 35, 44, 51, 60, 52, 5]",7,6,free_flow_time,1.273848336126811
5594,25,5,4,"[25, 35, 44, 60, 52, 5]",6,5,free_flow_time,1.2931678454444748
5595,25,5,5,"[25, 35, 47, 49, 54, 52, 5]",7,6,free_flow_time,1.3001760930932103
5596,25,5,6,"[25, 35, 44, 54, 60, 52, 5]",7,6,free_flow_time,1.327897131438047
5597,25,5,7,"[25, 35, 34, 44, 54, 52, 5]",7,6,free_flow_time,1.3442137818574895
5598,25,5,8,"[25, 35, 44, 49, 43, 55, 52, 5]",8,7,free_flow_time,1.362335277267991
5599,25,5,9,"[25, 35, 44, 54, 43, 55, 52, 5]",8,7,free_flow_time,1.3689837450468407
5600,25,6,0,"[25, 35, 44, 49, 43, 36, 46, 65, 6]",9,8,free_flow_time,1.2980391737501427
5601,25,6,1,"[25, 35, 44, 54, 43, 36, 46, 65, 6]",9,8,free_flow_time,1.3046876415289923
5602,25,6,2,"[25, 35, 44, 49, 43, 36, 61, 46, 65, 6]",10,9,free_flow_time,1.3061005252413789
5603,25,6,3,"[25, 35, 44, 54, 43, 36, 61, 46, 65, 6]",10,9,free_flow_time,1.3127489930202287
5604,25,6,4,"[25, 35, 44, 49, 43, 61, 46, 65, 6]",9,8,free_flow_time,1.3224080384028885
5605,25,6,5,"[25, 35, 44, 54, 43, 61, 46, 65, 6]",9,8,free_flow_time,1.3290565061817383
5606,25,6,6,"[25, 35, 47, 62, 38, 65, 6]",7,6,free_flow_time,1.3422282387002704
5607,25,6,7,"[25, 35, 44, 49, 43, 36, 46, 59, 65, 6]",10,9,free_flow_time,1.3957939302431897
5608,25,6,8,"[25, 35, 44, 54, 43, 36, 46, 59, 65, 6]",10,9,free_flow_time,1.4024423980220393
5609,25,6,9,"[25, 35, 44, 49, 43, 36, 61, 46, 59, 65, 6]",11,10,free_flow_time,1.4038552817344259
5610,25,7,0,"[25, 35, 44, 51, 7]",5,4,free_flow_time,0.688944001201603
5611,25,7,1,"[25, 35, 34, 50, 51, 7]",6,5,free_flow_time,0.8685570850124851
5612,25,7,2,"[25, 35, 47, 49, 44, 51, 7]",7,6,free_flow_time,1.0487156345504145
5613,25,7,3,"[25, 35, 44, 50, 51, 7]",6,5,free_flow_time,1.1032450033072687
5614,25,7,4,"[25, 35, 34, 44, 51, 7]",6,5,free_flow_time,1.1218503936802096
5615,25,7,5,"[25, 35, 49, 44, 51, 7]",6,5,free_flow_time,1.1605173923210337
5616,25,7,6,"[25, 35, 44, 60, 51, 7]",6,5,free_flow_time,1.2013678160319963
5617,25,7,7,"[25, 35, 47, 49, 54, 44, 51, 7]",8,7,free_flow_time,1.209253643420244
5618,25,7,8,"[25, 35, 44, 54, 60, 51, 7]",7,6,free_flow_time,1.2360971020255684
5619,25,7,9,"[25, 35, 44, 34, 50, 51, 7]",7,6,free_flow_time,1.2715655300881776
5620,25,8,0,"[25, 35, 44, 51, 60, 33, 29, 8]",8,7,free_flow_time,1.642759479448653
5621,25,8,1,"[25, 35, 44, 60, 33, 29, 8]",7,6,free_flow_time,1.6620789887663172
5622,25,8,2,"[25, 35, 44, 54, 60, 33, 29, 8]",8,7,free_flow_time,1.6968082747598894
5623,25,8,3,"[25, 35, 44, 51, 42, 39, 33, 29, 8]",9,8,free_flow_time,1.7324510541380125
5624,25,8,4,"[25, 35, 44, 51, 42, 39, 29, 8]",8,7,free_flow_time,1.7530602219683842
5625,25,8,5,"[25, 35, 44, 51, 42, 39, 31, 33, 29, 8]",10,9,free_flow_time,1.7807000088944656
5626,25,8,6,"[25, 35, 44, 51, 60, 31, 33, 29, 8]",9,8,free_flow_time,1.8085426601863253
5627,25,8,7,"[25, 35, 34, 50, 51, 60, 33, 29, 8]",9,8,free_flow_time,1.8223725632595351
5628,25,8,8,"[25, 35, 44, 51, 42, 31, 33, 29, 8]",9,8,free_flow_time,1.82386462273969
5629,25,8,9,"[25, 35, 44, 60, 31, 33, 29, 8]",8,7,free_flow_time,1.8278621695039892
5630,25,9,0,"[25, 35, 44, 49, 9]",5,4,free_flow_time,0.5170774286865517
5631,25,9,1,"[25, 35, 47, 49, 9]",5,4,free_flow_time,0.6691068018420722
5632,25,9,2,"[25, 35, 44, 54, 49, 9]",6,5,free_flow_time,0.6776154375563812
5633,25,9,3,"[25, 35, 49, 9]",4,3,free_flow_time,0.7809085596126915
5634,25,9,4,"[25, 35, 34, 44, 49, 9]",6,5,free_flow_time,0.9499838211651582
5635,25,9,5,"[25, 35, 44, 54, 43, 49, 9]",7,6,free_flow_time,1.043107616886001
5636,25,9,6,"[25, 35, 47, 62, 49, 9]",6,5,free_flow_time,1.0482951863078585
5637,25,9,7,"[25, 35, 34, 44, 54, 49, 9]",7,6,free_flow_time,1.1105218300349877
5638,25,9,8,"[25, 35, 34, 50, 51, 44, 49, 9]",8,7,free_flow_time,1.2489140503397995
5639,25,9,9,"[25, 35, 34, 50, 51, 44, 54, 49, 9]",9,8,free_flow_time,1.4094520592096291
5640,25,10,0,"[25, 35, 44, 51, 60, 33, 29, 10]",8,7,free_flow_time,1.6439468546279443
5641,25,10,1,"[25, 35, 44, 60, 33, 29, 10]",7,6,free_flow_time,1.6632663639456085
5642,25,10,2,"[25, 35, 44, 54, 60, 33, 29, 10]",8,7,free_flow_time,1.6979956499391806
5643,25,10,3,"[25, 35, 44, 51, 42, 39, 33, 29, 10]",9,8,free_flow_time,1.7336384293173037
5644,25,10,4,"[25, 35, 44, 51, 42, 39, 29, 10]",8,7,free_flow_time,1.7542475971476754
5645,25,10,5,"[25, 35, 44, 51, 42, 39, 31, 33, 29, 10]",10,9,free_flow_time,1.7818873840737568
5646,25,10,6,"[25, 35, 44, 51, 60, 31, 33, 29, 10]",9,8,free_flow_time,1.8097300353656165
5647,25,10,7,"[25, 35, 34, 50, 51, 60, 33, 29, 10]",9,8,free_flow_time,1.8235599384388264
5648,25,10,8,"[25, 35, 44, 51, 42, 31, 33, 29, 10]",9,8,free_flow_time,1.8250519979189812
5649,25,10,9,"[25, 35, 44, 60, 31, 33, 29, 10]",8,7,free_flow_time,1.8290495446832804
5650,25,11,0,"[25, 35, 44, 51, 30, 40, 11]",7,6,free_flow_time,1.4100484793961896
5651,25,11,1,"[25, 35, 34, 50, 40, 11]",6,5,free_flow_time,1.4535794259853836
5652,25,11,2,"[25, 35, 44, 51, 50, 40, 11]",7,6,free_flow_time,1.507025866034626
5653,25,11,3,"[25, 35, 34, 40, 11]",5,4,free_flow_time,1.529428718430074
5654,25,11,4,"[25, 35, 34, 50, 30, 40, 11]",7,6,free_flow_time,1.544250133700059
5655,25,11,5,"[25, 35, 34, 50, 51, 30, 40, 11]",8,7,free_flow_time,1.5896615632070716
5656,25,11,6,"[25, 35, 44, 51, 50, 30, 40, 11]",8,7,free_flow_time,1.5976965737493014
5657,25,11,7,"[25, 35, 44, 51, 42, 30, 40, 11]",8,7,free_flow_time,1.6701039758097098
5658,25,11,8,"[25, 35, 44, 50, 40, 11]",6,5,free_flow_time,1.688267344280167
5659,25,11,9,"[25, 35, 47, 49, 44, 51, 30, 40, 11]",9,8,free_flow_time,1.769820112745001
5660,25,12,0,"[25, 35, 44, 49, 43, 12]",6,5,free_flow_time,0.7769759437226137
5661,25,12,1,"[25, 35, 44, 54, 43, 12]",6,5,free_flow_time,0.7836244115014634
5662,25,12,2,"[25, 35, 47, 49, 43, 12]",6,5,free_flow_time,0.9290053168781341
5663,25,12,3,"[25, 35, 44, 54, 49, 43, 12]",7,6,free_flow_time,0.9375139525924432
5664,25,12,4,"[25, 35, 44, 49, 54, 43, 12]",7,6,free_flow_time,1.0204637420602702
5665,25,12,5,"[25, 35, 49, 43, 12]",5,4,free_flow_time,1.0408070746487534
5666,25,12,6,"[25, 35, 47, 49, 44, 54, 43, 12]",8,7,free_flow_time,1.143396044850275
5667,25,12,7,"[25, 35, 47, 62, 36, 43, 12]",7,6,free_flow_time,1.1535542957197695
5668,25,12,8,"[25, 35, 47, 49, 54, 43, 12]",7,6,free_flow_time,1.1724931152157907
5669,25,12,9,"[25, 35, 34, 44, 49, 43, 12]",7,6,free_flow_time,1.20988233620122
5670,25,13,0,"[25, 35, 44, 54, 52, 32, 45, 13]",8,7,free_flow_time,1.5092879073475045
5671,25,13,1,"[25, 35, 44, 54, 52, 32, 63, 45, 13]",9,8,free_flow_time,1.7094725417678058
5672,25,13,2,"[25, 35, 44, 54, 52, 32, 41, 63, 45, 13]",10,9,free_flow_time,1.7177172628336712
5673,25,13,3,"[25, 35, 44, 49, 54, 52, 32, 45, 13]",9,8,free_flow_time,1.7461272379063113
5674,25,13,4,"[25, 35, 44, 54, 52, 27, 45, 13]",8,7,free_flow_time,1.8617111949128495
5675,25,13,5,"[25, 35, 47, 49, 44, 54, 52, 32, 45, 13]",10,9,free_flow_time,1.869059540696316
5676,25,13,6,"[25, 35, 44, 51, 60, 52, 32, 45, 13]",9,8,free_flow_time,1.8718288540954326
5677,25,13,7,"[25, 35, 44, 54, 52, 45, 13]",7,6,free_flow_time,1.8894753136492275
5678,25,13,8,"[25, 35, 44, 60, 52, 32, 45, 13]",8,7,free_flow_time,1.8911483634130966
5679,25,13,9,"[25, 35, 47, 49, 54, 52, 32, 45, 13]",9,8,free_flow_time,1.8981566110618318
5680,25,14,0,"[25, 35, 44, 51, 60, 33, 29, 14]",8,7,free_flow_time,1.642970668990917
5681,25,14,1,"[25, 35, 44, 60, 33, 29, 14]",7,6,free_flow_time,1.662290178308581
5682,25,14,2,"[25, 35, 44, 54, 60, 33, 29, 14]",8,7,free_flow_time,1.6970194643021532
5683,25,14,3,"[25, 35, 44, 51, 42, 39, 33, 29, 14]",9,8,free_flow_time,1.7326622436802763
5684,25,14,4,"[25, 35, 44, 51, 42, 39, 29, 14]",8,7,free_flow_time,1.753271411510648
5685,25,14,5,"[25, 35, 44, 51, 42, 39, 31, 33, 29, 14]",10,9,free_flow_time,1.7809111984367294
5686,25,14,6,"[25, 35, 44, 51, 60, 31, 33, 29, 14]",9,8,free_flow_time,1.808753849728589
5687,25,14,7,"[25, 35, 34, 50, 51, 60, 33, 29, 14]",9,8,free_flow_time,1.822583752801799
5688,25,14,8,"[25, 35, 44, 51, 42, 31, 33, 29, 14]",9,8,free_flow_time,1.8240758122819538
5689,25,14,9,"[25, 35, 44, 60, 31, 33, 29, 14]",8,7,free_flow_time,1.828073359046253
5690,25,15,0,"[25, 35, 44, 51, 30, 15]",6,5,free_flow_time,1.22183357148131
5691,25,15,1,"[25, 35, 34, 50, 30, 15]",6,5,free_flow_time,1.3560352257851793
5692,25,15,2,"[25, 35, 34, 50, 51, 30, 15]",7,6,free_flow_time,1.401446655292192
5693,25,15,3,"[25, 35, 44, 51, 50, 30, 15]",7,6,free_flow_time,1.4094816658344218
5694,25,15,4,"[25, 35, 44, 51, 42, 30, 15]",7,6,free_flow_time,1.4818890678948302
5695,25,15,5,"[25, 35, 47, 49, 44, 51, 30, 15]",8,7,free_flow_time,1.5816052048301215
5696,25,15,6,"[25, 35, 44, 50, 30, 15]",6,5,free_flow_time,1.590723144079963
5697,25,15,7,"[25, 35, 44, 50, 51, 30, 15]",7,6,free_flow_time,1.6361345735869757
5698,25,15,8,"[25, 35, 34, 50, 40, 30, 15]",7,6,free_flow_time,1.641044659595584
5699,25,15,9,"[25, 35, 34, 44, 51, 30, 15]",7,6,free_flow_time,1.6547399639599165
5700,25,16,0,"[25, 35, 44, 51, 30, 40, 16]",7,6,free_flow_time,1.40999284015065
5701,25,16,1,"[25, 35, 34, 50, 40, 16]",6,5,free_flow_time,1.453523786739844
5702,25,16,2,"[25, 35, 44, 51, 50, 40, 16]",7,6,free_flow_time,1.5069702267890865
5703,25,16,3,"[25, 35, 34, 40, 16]",5,4,free_flow_time,1.5293730791845346
5704,25,16,4,"[25, 35, 34, 50, 30, 40, 16]",7,6,free_flow_time,1.5441944944545194
5705,25,16,5,"[25, 35, 34, 50, 51, 30, 40, 16]",8,7,free_flow_time,1.589605923961532
5706,25,16,6,"[25, 35, 44, 51, 50, 30, 40, 16]",8,7,free_flow_time,1.5976409345037619
5707,25,16,7,"[25, 35, 44, 51, 42, 30, 40, 16]",8,7,free_flow_time,1.6700483365641703
5708,25,16,8,"[25, 35, 44, 50, 40, 16]",6,5,free_flow_time,1.6882117050346275
5709,25,16,9,"[25, 35, 47, 49, 44, 51, 30, 40, 16]",9,8,free_flow_time,1.7697644734994615
5710,25,17,0,"[25, 35, 47, 62, 17]",5,4,free_flow_time,0.5366123621228743
5711,25,17,1,"[25, 35, 44, 49, 62, 17]",6,5,free_flow_time,1.0280014184389255
5712,25,17,2,"[25, 35, 47, 49, 62, 17]",6,5,free_flow_time,1.180030791594446
5713,25,17,3,"[25, 35, 44, 49, 47, 62, 17]",7,6,free_flow_time,1.1802555691156722
5714,25,17,4,"[25, 35, 44, 54, 49, 62, 17]",7,6,free_flow_time,1.1885394273087548
5715,25,17,5,"[25, 35, 49, 62, 17]",5,4,free_flow_time,1.291832549365065
5716,25,17,6,"[25, 35, 44, 54, 49, 47, 62, 17]",8,7,free_flow_time,1.3407935779855016
5717,25,17,7,"[25, 35, 44, 49, 43, 36, 62, 17]",8,7,free_flow_time,1.392743733235374
5718,25,17,8,"[25, 35, 44, 54, 43, 36, 62, 17]",8,7,free_flow_time,1.3993922010142237
5719,25,17,9,"[25, 35, 49, 47, 62, 17]",6,5,free_flow_time,1.4440867000418118
5720,25,18,0,"[25, 35, 44, 51, 18]",5,4,free_flow_time,0.6890898081830676
5721,25,18,1,"[25, 35, 34, 50, 51, 18]",6,5,free_flow_time,0.8687028919939497
5722,25,18,2,"[25, 35, 47, 49, 44, 51, 18]",7,6,free_flow_time,1.048861441531879
5723,25,18,3,"[25, 35, 44, 50, 51, 18]",6,5,free_flow_time,1.1033908102887333
5724,25,18,4,"[25, 35, 34, 44, 51, 18]",6,5,free_flow_time,1.1219962006616742
5725,25,18,5,"[25, 35, 49, 44, 51, 18]",6,5,free_flow_time,1.1606631993024983
5726,25,18,6,"[25, 35, 44, 60, 51, 18]",6,5,free_flow_time,1.2015136230134609
5727,25,18,7,"[25, 35, 47, 49, 54, 44, 51, 18]",8,7,free_flow_time,1.2093994504017087
5728,25,18,8,"[25, 35, 44, 54, 60, 51, 18]",7,6,free_flow_time,1.236242909007033
5729,25,18,9,"[25, 35, 44, 34, 50, 51, 18]",7,6,free_flow_time,1.2717113370696422
5730,25,19,0,"[25, 35, 44, 49, 43, 36, 46, 65, 19]",9,8,free_flow_time,1.297813518206938
5731,25,19,1,"[25, 35, 44, 54, 43, 36, 46, 65, 19]",9,8,free_flow_time,1.3044619859857876
5732,25,19,2,"[25, 35, 44, 49, 43, 36, 61, 46, 65, 19]",10,9,free_flow_time,1.3058748696981741
5733,25,19,3,"[25, 35, 44, 54, 43, 36, 61, 46, 65, 19]",10,9,free_flow_time,1.312523337477024
5734,25,19,4,"[25, 35, 44, 49, 43, 61, 46, 65, 19]",9,8,free_flow_time,1.3221823828596837
5735,25,19,5,"[25, 35, 44, 54, 43, 61, 46, 65, 19]",9,8,free_flow_time,1.3288308506385336
5736,25,19,6,"[25, 35, 47, 62, 38, 65, 19]",7,6,free_flow_time,1.3420025831570657
5737,25,19,7,"[25, 35, 44, 49, 43, 36, 46, 59, 65, 19]",10,9,free_flow_time,1.395568274699985
5738,25,19,8,"[25, 35, 44, 54, 43, 36, 46, 59, 65, 19]",10,9,free_flow_time,1.4022167424788345
5739,25,19,9,"[25, 35, 44, 49, 43, 36, 61, 46, 59, 65, 19]",11,10,free_flow_time,1.4036296261912211
5740,25,20,0,"[25, 35, 44, 51, 60, 33, 29, 20]",8,7,free_flow_time,1.643379089043821
5741,25,20,1,"[25, 35, 44, 60, 33, 29, 20]",7,6,free_flow_time,1.662698598361485
5742,25,20,2,"[25, 35, 44, 54, 60, 33, 29, 20]",8,7,free_flow_time,1.6974278843550572
5743,25,20,3,"[25, 35, 44, 51, 42, 39, 33, 29, 20]",9,8,free_flow_time,1.7330706637331803
5744,25,20,4,"[25, 35, 44, 51, 42, 39, 29, 20]",8,7,free_flow_time,1.753679831563552
5745,25,20,5,"[25, 35, 44, 51, 42, 39, 31, 33, 29, 20]",10,9,free_flow_time,1.7813196184896334
5746,25,20,6,"[25, 35, 44, 51, 60, 31, 33, 29, 20]",9,8,free_flow_time,1.809162269781493
5747,25,20,7,"[25, 35, 34, 50, 51, 60, 33, 29, 20]",9,8,free_flow_time,1.822992172854703
5748,25,20,8,"[25, 35, 44, 51, 42, 31, 33, 29, 20]",9,8,free_flow_time,1.8244842323348578
5749,25,20,9,"[25, 35, 44, 60, 31, 33, 29, 20]",8,7,free_flow_time,1.828481779099157
5750,25,21,0,"[25, 35, 44, 51, 42, 39, 21]",7,6,free_flow_time,1.1469506855437581
5751,25,21,1,"[25, 35, 44, 51, 60, 31, 39, 21]",8,7,free_flow_time,1.2651904154570963
5752,25,21,2,"[25, 35, 44, 51, 42, 31, 39, 21]",8,7,free_flow_time,1.280512378010461
5753,25,21,3,"[25, 35, 44, 60, 31, 39, 21]",7,6,free_flow_time,1.2845099247747602
5754,25,21,4,"[25, 35, 44, 54, 60, 31, 39, 21]",8,7,free_flow_time,1.3192392107683324
5755,25,21,5,"[25, 35, 34, 50, 51, 42, 39, 21]",8,7,free_flow_time,1.3265637693546402
5756,25,21,6,"[25, 35, 44, 51, 60, 42, 39, 21]",8,7,free_flow_time,1.3753534635595372
5757,25,21,7,"[25, 35, 44, 60, 42, 39, 21]",7,6,free_flow_time,1.3946729728772014
5758,25,21,8,"[25, 35, 44, 54, 60, 42, 39, 21]",8,7,free_flow_time,1.4294022588707735
5759,25,21,9,"[25, 35, 34, 50, 51, 60, 31, 39, 21]",9,8,free_flow_time,1.4448034992679781
5760,25,22,0,"[25, 35, 44, 51, 60, 33, 22]",7,6,free_flow_time,1.2527319037634603
5761,25,22,1,"[25, 35, 44, 60, 33, 22]",6,5,free_flow_time,1.2720514130811245
5762,25,22,2,"[25, 35, 44, 54, 60, 33, 22]",7,6,free_flow_time,1.3067806990746966
5763,25,22,3,"[25, 35, 44, 51, 42, 39, 33, 22]",8,7,free_flow_time,1.3424234784528197
5764,25,22,4,"[25, 35, 44, 51, 42, 39, 31, 33, 22]",9,8,free_flow_time,1.3906724332092728
5765,25,22,5,"[25, 35, 44, 51, 60, 31, 33, 22]",8,7,free_flow_time,1.4185150845011325
5766,25,22,6,"[25, 35, 34, 50, 51, 60, 33, 22]",8,7,free_flow_time,1.4323449875743424
5767,25,22,7,"[25, 35, 44, 51, 42, 31, 33, 22]",8,7,free_flow_time,1.4338370470544972
5768,25,22,8,"[25, 35, 44, 60, 31, 33, 22]",7,6,free_flow_time,1.4378345938187964
5769,25,22,9,"[25, 35, 44, 51, 60, 31, 39, 33, 22]",9,8,free_flow_time,1.460663208366158
5770,25,23,0,"[25, 35, 44, 49, 43, 23]",6,5,free_flow_time,0.7760681107016794
5771,25,23,1,"[25, 35, 44, 54, 43, 23]",6,5,free_flow_time,0.7827165784805291
5772,25,23,2,"[25, 35, 47, 49, 43, 23]",6,5,free_flow_time,0.9280974838571998
5773,25,23,3,"[25, 35, 44, 54, 49, 43, 23]",7,6,free_flow_time,0.9366061195715089
5774,25,23,4,"[25, 35, 44, 49, 54, 43, 23]",7,6,free_flow_time,1.019555909039336
5775,25,23,5,"[25, 35, 49, 43, 23]",5,4,free_flow_time,1.0398992416278192
5776,25,23,6,"[25, 35, 47, 49, 44, 54, 43, 23]",8,7,free_flow_time,1.1424882118293407
5777,25,23,7,"[25, 35, 47, 62, 36, 43, 23]",7,6,free_flow_time,1.1526464626988353
5778,25,23,8,"[25, 35, 47, 49, 54, 43, 23]",7,6,free_flow_time,1.1715852821948565
5779,25,23,9,"[25, 35, 34, 44, 49, 43, 23]",7,6,free_flow_time,1.2089745031802859
5780,25,24,0,"[25, 35, 44, 49, 43, 36, 46, 56, 24]",9,8,free_flow_time,1.4031485540727777
5781,25,24,1,"[25, 35, 44, 54, 43, 36, 46, 56, 24]",9,8,free_flow_time,1.4097970218516274
5782,25,24,2,"[25, 35, 44, 49, 43, 36, 61, 46, 56, 24]",10,9,free_flow_time,1.411209905564014
5783,25,24,3,"[25, 35, 44, 54, 43, 36, 61, 46, 56, 24]",10,9,free_flow_time,1.4178583733428638
5784,25,24,4,"[25, 35, 44, 49, 43, 61, 46, 56, 24]",9,8,free_flow_time,1.4275174187255235
5785,25,24,5,"[25, 35, 44, 54, 43, 61, 46, 56, 24]",9,8,free_flow_time,1.4341658865043734
5786,25,24,6,"[25, 35, 44, 49, 43, 36, 61, 56, 24]",9,8,free_flow_time,1.4434565562889736
5787,25,24,7,"[25, 35, 44, 54, 43, 36, 61, 56, 24]",9,8,free_flow_time,1.4501050240678233
5788,25,24,8,"[25, 35, 44, 49, 43, 61, 56, 24]",8,7,free_flow_time,1.4597640694504832
5789,25,24,9,"[25, 35, 44, 54, 43, 61, 56, 24]",8,7,free_flow_time,1.4664125372293328
5790,25,25,0,"[25, 35, 25]",3,2,free_flow_time,0.0018997380902784468
